Date,AQI,PM2.5,PM10,NO2,SO2,CO,O3
01/01/18,93.0,51.15,100.44,77.19,106.02,0.98,88.35
02/01/18,100.0,55.0,108.0,83.0,114.0,1.05,95.0
03/01/18,81.0,44.55,87.48,67.23,92.34,0.85,76.95
04/01/18,169.0,92.95,182.52,140.27,192.66,1.77,160.55
05/01/18,153.0,84.15,165.24,126.99,174.42,1.61,145.35
06/01/18,157.0,86.35,169.56,130.31,178.98,1.65,149.15
07/01/18,123.0,67.65,132.84,102.09,140.22,1.29,116.85
08/01/18,128.0,70.4,138.24,106.24,145.92,1.34,121.6
09/01/18,107.0,58.85,115.56,88.81,121.98,1.12,101.65
10/01/18,108.0,59.4,116.64,89.64,123.12,1.13,102.6
11/01/18,178.0,97.9,192.24,147.74,202.92,1.87,169.1
12/01/18,158.0,86.9,170.64,131.14,180.12,1.66,150.1
13/01/18,217.0,119.35,234.36,180.11,247.38,2.28,206.15
14/01/18,154.0,84.7,166.32,127.82,175.56,1.62,146.3
15/01/18,135.0,74.25,145.8,112.05,153.9,1.42,128.25
16/01/18,135.0,74.25,145.8,112.05,153.9,1.42,128.25
17/01/18,161.0,88.55,173.88,133.63,183.54,1.69,152.95
18/01/18,110.0,60.5,118.8,91.3,125.4,1.16,104.5
19/01/18,143.0,78.65,154.44,118.69,163.02,1.5,135.85
20/01/18,129.0,70.95,139.32,107.07,147.06,1.35,122.55
21/01/18,166.0,91.3,179.28,137.78,189.24,1.74,157.7
22/01/18,150.0,82.5,162.0,124.5,171.0,1.58,142.5
23/01/18,139.0,76.45,150.12,115.37,158.46,1.46,132.05
24/01/18,130.0,71.5,140.4,107.9,148.2,1.37,123.5
25/01/18,176.0,96.8,190.08,146.08,200.64,1.85,167.2
26/01/18,158.0,86.9,170.64,131.14,180.12,1.66,150.1
27/01/18,165.0,90.75,178.2,136.95,188.1,1.73,156.75
28/01/18,154.0,84.7,166.32,127.82,175.56,1.62,146.3
29/01/18,145.0,79.75,156.6,120.35,165.3,1.52,137.75
30/01/18,128.0,70.4,138.24,106.24,145.92,1.34,121.6
31/01/18,150.0,82.5,162.0,124.5,171.0,1.58,142.5
01/02/18,134.0,73.7,144.72,111.22,152.76,1.41,127.3
02/02/18,162.0,89.1,174.96,134.46,184.68,1.7,153.9
03/02/18,146.0,80.3,157.68,121.18,166.44,1.53,138.7
04/02/18,91.0,50.05,98.28,75.53,103.74,0.96,86.45
05/02/18,75.0,41.25,81.0,62.25,85.5,0.79,71.25
06/02/18,80.0,44.0,86.4,66.4,91.2,0.84,76.0
07/02/18,68.0,37.4,73.44,56.44,77.52,0.71,64.6
08/02/18,68.0,37.4,73.44,56.44,77.52,0.71,64.6
09/02/18,103.0,56.65,111.24,85.49,117.42,1.08,97.85
10/02/18,80.0,44.0,86.4,66.4,91.2,0.84,76.0
11/02/18,131.0,72.05,141.48,108.73,149.34,1.38,124.45
12/02/18,82.0,45.1,88.56,68.06,93.48,0.86,77.9
13/02/18,136.0,74.8,146.88,112.88,155.04,1.43,129.2
14/02/18,124.0,68.2,133.92,102.92,141.36,1.3,117.8
15/02/18,104.0,57.2,112.32,86.32,118.56,1.09,98.8
16/02/18,120.0,66.0,129.6,99.6,136.8,1.26,114.0
17/02/18,105.0,57.75,113.4,87.15,119.7,1.1,99.75
18/02/18,131.0,72.05,141.48,108.73,149.34,1.38,124.45
19/02/18,150.0,82.5,162.0,124.5,171.0,1.58,142.5
20/02/18,116.0,63.8,125.28,96.28,132.24,1.22,110.2
21/02/18,160.0,88.0,172.8,132.8,182.4,1.68,152.0
22/02/18,119.0,65.45,128.52,98.77,135.66,1.25,113.05
23/02/18,94.0,51.7,101.52,78.02,107.16,0.99,89.3
24/02/18,87.0,47.85,93.96,72.21,99.18,0.91,82.65
25/02/18,58.0,31.9,62.64,48.14,66.12,0.61,55.1
26/02/18,79.0,43.45,85.32,65.57,90.06,0.83,75.05
27/02/18,117.0,64.35,126.36,97.11,133.38,1.23,111.15
28/02/18,164.0,90.2,177.12,136.12,186.96,1.72,155.8
01/03/18,142.0,78.1,153.36,117.86,161.88,1.49,134.9
02/03/18,107.0,58.85,115.56,88.81,121.98,1.12,101.65
03/03/18,104.0,57.2,112.32,86.32,118.56,1.09,98.8
04/03/18,123.0,67.65,132.84,102.09,140.22,1.29,116.85
05/03/18,88.0,48.4,95.04,73.04,100.32,0.92,83.6
06/03/18,73.0,40.15,78.84,60.59,83.22,0.77,69.35
07/03/18,117.0,64.35,126.36,97.11,133.38,1.23,111.15
08/03/18,170.0,93.5,183.6,141.1,193.8,1.79,161.5
09/03/18,110.0,60.5,118.8,91.3,125.4,1.16,104.5
10/03/18,141.0,77.55,152.28,117.03,160.74,1.48,133.95
11/03/18,124.0,68.2,133.92,102.92,141.36,1.3,117.8
12/03/18,74.0,40.7,79.92,61.42,84.36,0.78,70.3
13/03/18,100.0,55.0,108.0,83.0,114.0,1.05,95.0
14/03/18,66.0,36.3,71.28,54.78,75.24,0.69,62.7
15/03/18,64.0,35.2,69.12,53.12,72.96,0.67,60.8
16/03/18,107.0,58.85,115.56,88.81,121.98,1.12,101.65
17/03/18,67.0,36.85,72.36,55.61,76.38,0.7,63.65
18/03/18,101.0,55.55,109.08,83.83,115.14,1.06,95.95
19/03/18,91.0,50.05,98.28,75.53,103.74,0.96,86.45
20/03/18,119.0,65.45,128.52,98.77,135.66,1.25,113.05
21/03/18,107.0,58.85,115.56,88.81,121.98,1.12,101.65
22/03/18,79.0,43.45,85.32,65.57,90.06,0.83,75.05
23/03/18,100.0,55.0,108.0,83.0,114.0,1.05,95.0
24/03/18,112.0,61.6,120.96,92.96,127.68,1.18,106.4
25/03/18,96.0,52.8,103.68,79.68,109.44,1.01,91.2
26/03/18,100.0,55.0,108.0,83.0,114.0,1.05,95.0
27/03/18,97.0,53.35,104.76,80.51,110.58,1.02,92.15
28/03/18,67.0,36.85,72.36,55.61,76.38,0.7,63.65
29/03/18,47.0,25.85,50.76,39.01,53.58,0.49,44.65
30/03/18,69.0,37.95,74.52,57.27,78.66,0.72,65.55
31/03/18,78.0,42.9,84.24,64.74,88.92,0.82,74.1
01/04/18,84.0,46.2,90.72,69.72,95.76,0.88,79.8
02/04/18,67.0,36.85,72.36,55.61,76.38,0.7,63.65
03/04/18,62.0,34.1,66.96,51.46,70.68,0.65,58.9
04/04/18,68.0,37.4,73.44,56.44,77.52,0.71,64.6
05/04/18,82.0,45.1,88.56,68.06,93.48,0.86,77.9
06/04/18,104.0,57.2,112.32,86.32,118.56,1.09,98.8
07/04/18,82.0,45.1,88.56,68.06,93.48,0.86,77.9
08/04/18,58.0,31.9,62.64,48.14,66.12,0.61,55.1
09/04/18,73.0,40.15,78.84,60.59,83.22,0.77,69.35
10/04/18,53.0,29.15,57.24,43.99,60.42,0.56,50.35
11/04/18,71.0,39.05,76.68,58.93,80.94,0.75,67.45
12/04/18,64.0,35.2,69.12,53.12,72.96,0.67,60.8
13/04/18,58.0,31.9,62.64,48.14,66.12,0.61,55.1
14/04/18,57.0,31.35,61.56,47.31,64.98,0.6,54.15
15/04/18,42.0,23.1,45.36,34.86,47.88,0.44,39.9
16/04/18,52.0,28.6,56.16,43.16,59.28,0.55,49.4
17/04/18,58.0,31.9,62.64,48.14,66.12,0.61,55.1
18/04/18,54.0,29.7,58.32,44.82,61.56,0.57,51.3
19/04/18,72.0,39.6,77.76,59.76,82.08,0.76,68.4
20/04/18,58.0,31.9,62.64,48.14,66.12,0.61,55.1
21/04/18,70.0,38.5,75.6,58.1,79.8,0.74,66.5
22/04/18,52.0,28.6,56.16,43.16,59.28,0.55,49.4
23/04/18,70.0,38.5,75.6,58.1,79.8,0.74,66.5
24/04/18,90.0,49.5,97.2,74.7,102.6,0.95,85.5
25/04/18,76.0,41.8,82.08,63.08,86.64,0.8,72.2
26/04/18,76.0,41.8,82.08,63.08,86.64,0.8,72.2
27/04/18,82.0,45.1,88.56,68.06,93.48,0.86,77.9
28/04/18,54.0,29.7,58.32,44.82,61.56,0.57,51.3
29/04/18,55.0,30.25,59.4,45.65,62.7,0.58,52.25
30/04/18,73.0,40.15,78.84,60.59,83.22,0.77,69.35
01/05/18,118.0,64.9,127.44,97.94,134.52,1.24,112.1
02/05/18,132.0,72.6,142.56,109.56,150.48,1.39,125.4
03/05/18,119.0,65.45,128.52,98.77,135.66,1.25,113.05
04/05/18,148.0,81.4,159.84,122.84,168.72,1.55,140.6
05/05/18,110.0,60.5,118.8,91.3,125.4,1.16,104.5
06/05/18,68.0,37.4,73.44,56.44,77.52,0.71,64.6
07/05/18,86.0,47.3,92.88,71.38,98.04,0.9,81.7
08/05/18,68.0,37.4,73.44,56.44,77.52,0.71,64.6
09/05/18,63.0,34.65,68.04,52.29,71.82,0.66,59.85
10/05/18,56.0,30.8,60.48,46.48,63.84,0.59,53.2
11/05/18,55.0,30.25,59.4,45.65,62.7,0.58,52.25
12/05/18,58.0,31.9,62.64,48.14,66.12,0.61,55.1
13/05/18,60.0,33.0,64.8,49.8,68.4,0.63,57.0
14/05/18,60.0,33.0,64.8,49.8,68.4,0.63,57.0
15/05/18,60.0,33.0,64.8,49.8,68.4,0.63,57.0
16/05/18,67.0,36.85,72.36,55.61,76.38,0.7,63.65
17/05/18,61.0,33.55,65.88,50.63,69.54,0.64,57.95
18/05/18,70.0,38.5,75.6,58.1,79.8,0.74,66.5
19/05/18,78.0,42.9,84.24,64.74,88.92,0.82,74.1
20/05/18,67.0,36.85,72.36,55.61,76.38,0.7,63.65
21/05/18,66.0,36.3,71.28,54.78,75.24,0.69,62.7
22/05/18,99.0,54.45,106.92,82.17,112.86,1.04,94.05
23/05/18,88.0,48.4,95.04,73.04,100.32,0.92,83.6
24/05/18,63.0,34.65,68.04,52.29,71.82,0.66,59.85
25/05/18,61.0,33.55,65.88,50.63,69.54,0.64,57.95
26/05/18,68.0,37.4,73.44,56.44,77.52,0.71,64.6
27/05/18,84.0,46.2,90.72,69.72,95.76,0.88,79.8
28/05/18,84.0,46.2,90.72,69.72,95.76,0.88,79.8
29/05/18,92.0,50.6,99.36,76.36,104.88,0.97,87.4
30/05/18,74.0,40.7,79.92,61.42,84.36,0.78,70.3
31/05/18,96.0,52.8,103.68,79.68,109.44,1.01,91.2
01/06/18,108.0,59.4,116.64,89.64,123.12,1.13,102.6
02/06/18,132.0,72.6,142.56,109.56,150.48,1.39,125.4
03/06/18,86.0,47.3,92.88,71.38,98.04,0.9,81.7
04/06/18,88.0,48.4,95.04,73.04,100.32,0.92,83.6
05/06/18,90.0,49.5,97.2,74.7,102.6,0.95,85.5
06/06/18,72.0,39.6,77.76,59.76,82.08,0.76,68.4
07/06/18,57.0,31.35,61.56,47.31,64.98,0.6,54.15
08/06/18,74.0,40.7,79.92,61.42,84.36,0.78,70.3
09/06/18,70.0,38.5,75.6,58.1,79.8,0.74,66.5
10/06/18,64.0,35.2,69.12,53.12,72.96,0.67,60.8
11/06/18,71.0,39.05,76.68,58.93,80.94,0.75,67.45
12/06/18,90.0,49.5,97.2,74.7,102.6,0.95,85.5
13/06/18,81.0,44.55,87.48,67.23,92.34,0.85,76.95
14/06/18,90.0,49.5,97.2,74.7,102.6,0.95,85.5
15/06/18,97.0,53.35,104.76,80.51,110.58,1.02,92.15
16/06/18,116.0,63.8,125.28,96.28,132.24,1.22,110.2
17/06/18,89.0,48.95,96.12,73.87,101.46,0.93,84.55
18/06/18,102.0,56.1,110.16,84.66,116.28,1.07,96.9
19/06/18,94.0,51.7,101.52,78.02,107.16,0.99,89.3
20/06/18,104.0,57.2,112.32,86.32,118.56,1.09,98.8
21/06/18,116.0,63.8,125.28,96.28,132.24,1.22,110.2
22/06/18,114.0,62.7,123.12,94.62,129.96,1.2,108.3
23/06/18,104.0,57.2,112.32,86.32,118.56,1.09,98.8
24/06/18,108.0,59.4,116.64,89.64,123.12,1.13,102.6
25/06/18,112.0,61.6,120.96,92.96,127.68,1.18,106.4
26/06/18,130.0,71.5,140.4,107.9,148.2,1.37,123.5
27/06/18,112.0,61.6,120.96,92.96,127.68,1.18,106.4
28/06/18,122.0,67.1,131.76,101.26,139.08,1.28,115.9
29/06/18,102.0,56.1,110.16,84.66,116.28,1.07,96.9
30/06/18,148.0,81.4,159.84,122.84,168.72,1.55,140.6
01/07/18,150.0,82.5,162.0,124.5,171.0,1.58,142.5
02/07/18,148.0,81.4,159.84,122.84,168.72,1.55,140.6
03/07/18,164.0,90.2,177.12,136.12,186.96,1.72,155.8
04/07/18,98.0,53.9,105.84,81.34,111.72,1.03,93.1
05/07/18,96.0,52.8,103.68,79.68,109.44,1.01,91.2
06/07/18,148.0,81.4,159.84,122.84,168.72,1.55,140.6
07/07/18,130.0,71.5,140.4,107.9,148.2,1.37,123.5
08/07/18,81.0,44.55,87.48,67.23,92.34,0.85,76.95
09/07/18,127.0,69.85,137.16,105.41,144.78,1.33,120.65
10/07/18,109.0,59.95,117.72,90.47,124.26,1.14,103.55
11/07/18,98.0,53.9,105.84,81.34,111.72,1.03,93.1
12/07/18,70.0,38.5,75.6,58.1,79.8,0.74,66.5
13/07/18,98.0,53.9,105.84,81.34,111.72,1.03,93.1
14/07/18,62.0,34.1,66.96,51.46,70.68,0.65,58.9
15/07/18,118.0,64.9,127.44,97.94,134.52,1.24,112.1
16/07/18,84.0,46.2,90.72,69.72,95.76,0.88,79.8
17/07/18,72.0,39.6,77.76,59.76,82.08,0.76,68.4
18/07/18,62.0,34.1,66.96,51.46,70.68,0.65,58.9
19/07/18,92.0,50.6,99.36,76.36,104.88,0.97,87.4
20/07/18,70.0,38.5,75.6,58.1,79.8,0.74,66.5
21/07/18,76.0,41.8,82.08,63.08,86.64,0.8,72.2
22/07/18,92.0,50.6,99.36,76.36,104.88,0.97,87.4
23/07/18,112.0,61.6,120.96,92.96,127.68,1.18,106.4
24/07/18,99.0,54.45,106.92,82.17,112.86,1.04,94.05
25/07/18,62.0,34.1,66.96,51.46,70.68,0.65,58.9
26/07/18,66.0,36.3,71.28,54.78,75.24,0.69,62.7
27/07/18,58.0,31.9,62.64,48.14,66.12,0.61,55.1
28/07/18,102.0,56.1,110.16,84.66,116.28,1.07,96.9
29/07/18,108.0,59.4,116.64,89.64,123.12,1.13,102.6
30/07/18,76.0,41.8,82.08,63.08,86.64,0.8,72.2
31/07/18,104.0,57.2,112.32,86.32,118.56,1.09,98.8
01/08/18,114.0,62.7,123.12,94.62,129.96,1.2,108.3
02/08/18,86.0,47.3,92.88,71.38,98.04,0.9,81.7
03/08/18,86.0,47.3,92.88,71.38,98.04,0.9,81.7
04/08/18,94.0,51.7,101.52,78.02,107.16,0.99,89.3
05/08/18,108.0,59.4,116.64,89.64,123.12,1.13,102.6
06/08/18,110.0,60.5,118.8,91.3,125.4,1.16,104.5
07/08/18,98.0,53.9,105.84,81.34,111.72,1.03,93.1
08/08/18,59.0,32.45,63.72,48.97,67.26,0.62,56.05
09/08/18,46.0,25.3,49.68,38.18,52.44,0.48,43.7
10/08/18,71.0,39.05,76.68,58.93,80.94,0.75,67.45
11/08/18,70.0,38.5,75.6,58.1,79.8,0.74,66.5
12/08/18,46.0,25.3,49.68,38.18,52.44,0.48,43.7
13/08/18,54.0,29.7,58.32,44.82,61.56,0.57,51.3
14/08/18,77.0,42.35,83.16,63.91,87.78,0.81,73.15
15/08/18,58.0,31.9,62.64,48.14,66.12,0.61,55.1
16/08/18,42.0,23.1,45.36,34.86,47.88,0.44,39.9
17/08/18,63.0,34.65,68.04,52.29,71.82,0.66,59.85
18/08/18,181.0,99.55,195.48,150.23,206.34,1.9,171.95
19/08/18,92.0,50.6,99.36,76.36,104.88,0.97,87.4
20/08/18,118.0,64.9,127.44,97.94,134.52,1.24,112.1
21/08/18,237.0,130.35,255.96,196.71,270.18,2.49,225.15
22/08/18,132.0,72.6,142.56,109.56,150.48,1.39,125.4
23/08/18,69.0,37.95,74.52,57.27,78.66,0.72,65.55
24/08/18,66.0,36.3,71.28,54.78,75.24,0.69,62.7
25/08/18,106.0,58.3,114.48,87.98,120.84,1.11,100.7
26/08/18,76.0,41.8,82.08,63.08,86.64,0.8,72.2
27/08/18,56.0,30.8,60.48,46.48,63.84,0.59,53.2
28/08/18,51.0,28.05,55.08,42.33,58.14,0.54,48.45
29/08/18,59.0,32.45,63.72,48.97,67.26,0.62,56.05
30/08/18,73.0,40.15,78.84,60.59,83.22,0.77,69.35
31/08/18,69.0,37.95,74.52,57.27,78.66,0.72,65.55
01/09/18,62.0,34.1,66.96,51.46,70.68,0.65,58.9
02/09/18,83.0,45.65,89.64,68.89,94.62,0.87,78.85
03/09/18,68.0,37.4,73.44,56.44,77.52,0.71,64.6
04/09/18,67.0,36.85,72.36,55.61,76.38,0.7,63.65
05/09/18,112.0,61.6,120.96,92.96,127.68,1.18,106.4
06/09/18,107.0,58.85,115.56,88.81,121.98,1.12,101.65
07/09/18,102.0,56.1,110.16,84.66,116.28,1.07,96.9
08/09/18,102.0,56.1,110.16,84.66,116.28,1.07,96.9
09/09/18,81.0,44.55,87.48,67.23,92.34,0.85,76.95
10/09/18,73.0,40.15,78.84,60.59,83.22,0.77,69.35
11/09/18,83.0,45.65,89.64,68.89,94.62,0.87,78.85
15/09/18,166.0,91.3,179.28,137.78,189.24,1.74,157.7
16/09/18,80.0,44.0,86.4,66.4,91.2,0.84,76.0
17/09/18,48.0,26.4,51.84,39.84,54.72,0.5,45.6
18/09/18,94.0,51.7,101.52,78.02,107.16,0.99,89.3
19/09/18,49.0,26.95,52.92,40.67,55.86,0.51,46.55
20/09/18,88.0,48.4,95.04,73.04,100.32,0.92,83.6
21/09/18,100.0,55.0,108.0,83.0,114.0,1.05,95.0
22/09/18,99.0,54.45,106.92,82.17,112.86,1.04,94.05
23/09/18,74.0,40.7,79.92,61.42,84.36,0.78,70.3
24/09/18,58.0,31.9,62.64,48.14,66.12,0.61,55.1
25/09/18,58.0,31.9,62.64,48.14,66.12,0.61,55.1
26/09/18,60.0,33.0,64.8,49.8,68.4,0.63,57.0
27/09/18,67.0,36.85,72.36,55.61,76.38,0.7,63.65
28/09/18,46.0,25.3,49.68,38.18,52.44,0.48,43.7
29/09/18,44.0,24.2,47.52,36.52,50.16,0.46,41.8
30/09/18,81.0,44.55,87.48,67.23,92.34,0.85,76.95
01/10/18,62.0,34.1,66.96,51.46,70.68,0.65,58.9
02/10/18,63.0,34.65,68.04,52.29,71.82,0.66,59.85
03/10/18,47.0,25.85,50.76,39.01,53.58,0.49,44.65
04/10/18,61.0,33.55,65.88,50.63,69.54,0.64,57.95
05/10/18,55.0,30.25,59.4,45.65,62.7,0.58,52.25
06/10/18,48.0,26.4,51.84,39.84,54.72,0.5,45.6
07/10/18,49.0,26.95,52.92,40.67,55.86,0.51,46.55
08/10/18,64.0,35.2,69.12,53.12,72.96,0.67,60.8
09/10/18,98.0,53.9,105.84,81.34,111.72,1.03,93.1
10/10/18,138.0,75.9,149.04,114.54,157.32,1.45,131.1
11/10/18,150.0,82.5,162.0,124.5,171.0,1.58,142.5
12/10/18,88.0,48.4,95.04,73.04,100.32,0.92,83.6
13/10/18,72.0,39.6,77.76,59.76,82.08,0.76,68.4
14/10/18,60.0,33.0,64.8,49.8,68.4,0.63,57.0
15/10/18,65.0,35.75,70.2,53.95,74.1,0.68,61.75
16/10/18,70.0,38.5,75.6,58.1,79.8,0.74,66.5
17/10/18,60.0,33.0,64.8,49.8,68.4,0.63,57.0
18/10/18,50.0,27.5,54.0,41.5,57.0,0.53,47.5
19/10/18,148.0,81.4,159.84,122.84,168.72,1.55,140.6
20/10/18,122.0,67.1,131.76,101.26,139.08,1.28,115.9
21/10/18,132.0,72.6,142.56,109.56,150.48,1.39,125.4
22/10/18,125.0,68.75,135.0,103.75,142.5,1.31,118.75
23/10/18,146.0,80.3,157.68,121.18,166.44,1.53,138.7
24/10/18,169.0,92.95,182.52,140.27,192.66,1.77,160.55
25/10/18,140.0,77.0,151.2,116.2,159.6,1.47,133.0
26/10/18,141.0,77.55,152.28,117.03,160.74,1.48,133.95
27/10/18,128.0,70.4,138.24,106.24,145.92,1.34,121.6
28/10/18,116.0,63.8,125.28,96.28,132.24,1.22,110.2
29/10/18,131.0,72.05,141.48,108.73,149.34,1.38,124.45
30/10/18,74.0,40.7,79.92,61.42,84.36,0.78,70.3
31/10/18,55.0,30.25,59.4,45.65,62.7,0.58,52.25
01/11/18,48.0,26.4,51.84,39.84,54.72,0.5,45.6
02/11/18,75.0,41.25,81.0,62.25,85.5,0.79,71.25
03/11/18,45.0,24.75,48.6,37.35,51.3,0.47,42.75
04/11/18,95.0,52.25,102.6,78.85,108.3,1.0,90.25
05/11/18,66.0,36.3,71.28,54.78,75.24,0.69,62.7
06/11/18,64.0,35.2,69.12,53.12,72.96,0.67,60.8
07/11/18,121.0,66.55,130.68,100.43,137.94,1.27,114.95
08/11/18,105.0,57.75,113.4,87.15,119.7,1.1,99.75
09/11/18,146.0,80.3,157.68,121.18,166.44,1.53,138.7
10/11/18,134.0,73.7,144.72,111.22,152.76,1.41,127.3
11/11/18,141.0,77.55,152.28,117.03,160.74,1.48,133.95
12/11/18,174.0,95.7,187.92,144.42,198.36,1.83,165.3
13/11/18,244.0,134.2,263.52,202.52,278.16,2.56,231.8
14/11/18,185.0,101.75,199.8,153.55,210.9,1.94,175.75
15/11/18,122.0,67.1,131.76,101.26,139.08,1.28,115.9
16/11/18,54.0,29.7,58.32,44.82,61.56,0.57,51.3
17/11/18,52.0,28.6,56.16,43.16,59.28,0.55,49.4
18/11/18,60.0,33.0,64.8,49.8,68.4,0.63,57.0
19/11/18,56.0,30.8,60.48,46.48,63.84,0.59,53.2
20/11/18,79.0,43.45,85.32,65.57,90.06,0.83,75.05
21/11/18,53.0,29.15,57.24,43.99,60.42,0.56,50.35
22/11/18,52.0,28.6,56.16,43.16,59.28,0.55,49.4
23/11/18,56.0,30.8,60.48,46.48,63.84,0.59,53.2
24/11/18,210.0,115.5,226.8,174.3,239.4,2.21,199.5
25/11/18,224.0,123.2,241.92,185.92,255.36,2.35,212.8
26/11/18,186.0,102.3,200.88,154.38,212.04,1.95,176.7
27/11/18,134.0,73.7,144.72,111.22,152.76,1.41,127.3
28/11/18,122.0,67.1,131.76,101.26,139.08,1.28,115.9
29/11/18,84.0,46.2,90.72,69.72,95.76,0.88,79.8
30/11/18,87.0,47.85,93.96,72.21,99.18,0.91,82.65
01/12/18,98.0,53.9,105.84,81.34,111.72,1.03,93.1
02/12/18,56.0,30.8,60.48,46.48,63.84,0.59,53.2
03/12/18,56.0,30.8,60.48,46.48,63.84,0.59,53.2
04/12/18,54.0,29.7,58.32,44.82,61.56,0.57,51.3
05/12/18,61.0,33.55,65.88,50.63,69.54,0.64,57.95
06/12/18,68.0,37.4,73.44,56.44,77.52,0.71,64.6
07/12/18,142.0,78.1,153.36,117.86,161.88,1.49,134.9
08/12/18,238.0,130.9,257.04,197.54,271.32,2.5,226.1
09/12/18,222.0,122.1,239.76,184.26,253.08,2.33,210.9
10/12/18,221.0,121.55,238.68,183.43,251.94,2.32,209.95
11/12/18,185.0,101.75,199.8,153.55,210.9,1.94,175.75
12/12/18,185.0,101.75,199.8,153.55,210.9,1.94,175.75
13/12/18,132.0,72.6,142.56,109.56,150.48,1.39,125.4
14/12/18,80.0,44.0,86.4,66.4,91.2,0.84,76.0
15/12/18,171.0,94.05,184.68,141.93,194.94,1.8,162.45
16/12/18,133.0,73.15,143.64,110.39,151.62,1.4,126.35
17/12/18,89.0,48.95,96.12,73.87,101.46,0.93,84.55
18/12/18,159.0,87.45,171.72,131.97,181.26,1.67,151.05
19/12/18,71.0,39.05,76.68,58.93,80.94,0.75,67.45
20/12/18,70.0,38.5,75.6,58.1,79.8,0.74,66.5
21/12/18,76.0,41.8,82.08,63.08,86.64,0.8,72.2
22/12/18,90.0,49.5,97.2,74.7,102.6,0.95,85.5
23/12/18,105.0,57.75,113.4,87.15,119.7,1.1,99.75
24/12/18,125.0,68.75,135.0,103.75,142.5,1.31,118.75
25/12/18,148.0,81.4,159.84,122.84,168.72,1.55,140.6
26/12/18,200.0,110.0,216.0,166.0,228.0,2.1,190.0
27/12/18,77.0,42.35,83.16,63.91,87.78,0.81,73.15
28/12/18,112.0,61.6,120.96,92.96,127.68,1.18,106.4
29/12/18,188.0,103.4,203.04,156.04,214.32,1.97,178.6
30/12/18,156.0,85.8,168.48,129.48,177.84,1.64,148.2
31/12/18,120.0,66.0,129.6,99.6,136.8,1.26,114.0
01/01/19,175.0,96.25,189.0,145.25,199.5,1.84,166.25
02/01/19,81.0,44.55,87.48,67.23,92.34,0.85,76.95
03/01/19,184.0,101.2,198.72,152.72,209.76,1.93,174.8
04/01/19,203.0,111.65,219.24,168.49,231.42,2.13,192.85
05/01/19,112.0,61.6,120.96,92.96,127.68,1.18,106.4
06/01/19,193.0,106.15,208.44,160.19,220.02,2.03,183.35
07/01/19,148.0,81.4,159.84,122.84,168.72,1.55,140.6
08/01/19,81.0,44.55,87.48,67.23,92.34,0.85,76.95
09/01/19,212.0,116.6,228.96,175.96,241.68,2.23,201.4
10/01/19,172.0,94.6,185.76,142.76,196.08,1.81,163.4
11/01/19,178.0,97.9,192.24,147.74,202.92,1.87,169.1
12/01/19,158.0,86.9,170.64,131.14,180.12,1.66,150.1
13/01/19,89.0,48.95,96.12,73.87,101.46,0.93,84.55
14/01/19,122.0,67.1,131.76,101.26,139.08,1.28,115.9
15/01/19,102.0,56.1,110.16,84.66,116.28,1.07,96.9
16/01/19,96.0,52.8,103.68,79.68,109.44,1.01,91.2
17/01/19,107.0,58.85,115.56,88.81,121.98,1.12,101.65
18/01/19,135.0,74.25,145.8,112.05,153.9,1.42,128.25
19/01/19,104.0,57.2,112.32,86.32,118.56,1.09,98.8
20/01/19,64.0,35.2,69.12,53.12,72.96,0.67,60.8
21/01/19,98.0,53.9,105.84,81.34,111.72,1.03,93.1
22/01/19,171.0,94.05,184.68,141.93,194.94,1.8,162.45
23/01/19,58.0,31.9,62.64,48.14,66.12,0.61,55.1
24/01/19,94.0,51.7,101.52,78.02,107.16,0.99,89.3
25/01/19,53.0,29.15,57.24,43.99,60.42,0.56,50.35
26/01/19,45.0,24.75,48.6,37.35,51.3,0.47,42.75
27/01/19,42.0,23.1,45.36,34.86,47.88,0.44,39.9
28/01/19,39.0,21.45,42.12,32.37,44.46,0.41,37.05
29/01/19,46.0,25.3,49.68,38.18,52.44,0.48,43.7
30/01/19,72.0,39.6,77.76,59.76,82.08,0.76,68.4
31/01/19,127.0,69.85,137.16,105.41,144.78,1.33,120.65
01/02/19,100.0,55.0,108.0,83.0,114.0,1.05,95.0
02/02/19,90.0,49.5,97.2,74.7,102.6,0.95,85.5
03/02/19,52.0,28.6,56.16,43.16,59.28,0.55,49.4
04/02/19,88.0,48.4,95.04,73.04,100.32,0.92,83.6
05/02/19,98.0,53.9,105.84,81.34,111.72,1.03,93.1
06/02/19,125.0,68.75,135.0,103.75,142.5,1.31,118.75
07/02/19,115.0,63.25,124.2,95.45,131.1,1.21,109.25
08/02/19,67.0,36.85,72.36,55.61,76.38,0.7,63.65
09/02/19,53.0,29.15,57.24,43.99,60.42,0.56,50.35
10/02/19,48.0,26.4,51.84,39.84,54.72,0.5,45.6
11/02/19,58.0,31.9,62.64,48.14,66.12,0.61,55.1
12/02/19,68.0,37.4,73.44,56.44,77.52,0.71,64.6
13/02/19,154.0,84.7,166.32,127.82,175.56,1.62,146.3
14/02/19,182.0,100.1,196.56,151.06,207.48,1.91,172.9
15/02/19,74.0,40.7,79.92,61.42,84.36,0.78,70.3
16/02/19,75.0,41.25,81.0,62.25,85.5,0.79,71.25
17/02/19,89.0,48.95,96.12,73.87,101.46,0.93,84.55
18/02/19,67.0,36.85,72.36,55.61,76.38,0.7,63.65
19/02/19,48.0,26.4,51.84,39.84,54.72,0.5,45.6
20/02/19,47.0,25.85,50.76,39.01,53.58,0.49,44.65
21/02/19,63.0,34.65,68.04,52.29,71.82,0.66,59.85
22/02/19,85.0,46.75,91.8,70.55,96.9,0.89,80.75
23/02/19,69.0,37.95,74.52,57.27,78.66,0.72,65.55
24/02/19,80.0,44.0,86.4,66.4,91.2,0.84,76.0
25/02/19,83.0,45.65,89.64,68.89,94.62,0.87,78.85
26/02/19,185.0,101.75,199.8,153.55,210.9,1.94,175.75
27/02/19,48.0,26.4,51.84,39.84,54.72,0.5,45.6
28/02/19,105.0,57.75,113.4,87.15,119.7,1.1,99.75
01/03/19,68.0,37.4,73.44,56.44,77.52,0.71,64.6
02/03/19,165.0,90.75,178.2,136.95,188.1,1.73,156.75
03/03/19,74.0,40.7,79.92,61.42,84.36,0.78,70.3
04/03/19,76.0,41.8,82.08,63.08,86.64,0.8,72.2
05/03/19,89.0,48.95,96.12,73.87,101.46,0.93,84.55
06/03/19,103.0,56.65,111.24,85.49,117.42,1.08,97.85
07/03/19,86.0,47.3,92.88,71.38,98.04,0.9,81.7
08/03/19,73.0,40.15,78.84,60.59,83.22,0.77,69.35
09/03/19,78.0,42.9,84.24,64.74,88.92,0.82,74.1
10/03/19,68.0,37.4,73.44,56.44,77.52,0.71,64.6
11/03/19,60.0,33.0,64.8,49.8,68.4,0.63,57.0
12/03/19,82.0,45.1,88.56,68.06,93.48,0.86,77.9
13/03/19,129.0,70.95,139.32,107.07,147.06,1.35,122.55
14/03/19,132.0,72.6,142.56,109.56,150.48,1.39,125.4
15/03/19,101.0,55.55,109.08,83.83,115.14,1.06,95.95
16/03/19,86.0,47.3,92.88,71.38,98.04,0.9,81.7
17/03/19,104.0,57.2,112.32,86.32,118.56,1.09,98.8
18/03/19,70.0,38.5,75.6,58.1,79.8,0.74,66.5
19/03/19,85.0,46.75,91.8,70.55,96.9,0.89,80.75
20/03/19,105.0,57.75,113.4,87.15,119.7,1.1,99.75
21/03/19,117.0,64.35,126.36,97.11,133.38,1.23,111.15
22/03/19,84.0,46.2,90.72,69.72,95.76,0.88,79.8
23/03/19,80.0,44.0,86.4,66.4,91.2,0.84,76.0
24/03/19,73.0,40.15,78.84,60.59,83.22,0.77,69.35
25/03/19,68.0,37.4,73.44,56.44,77.52,0.71,64.6
26/03/19,78.0,42.9,84.24,64.74,88.92,0.82,74.1
27/03/19,66.0,36.3,71.28,54.78,75.24,0.69,62.7
28/03/19,73.0,40.15,78.84,60.59,83.22,0.77,69.35
29/03/19,84.0,46.2,90.72,69.72,95.76,0.88,79.8
30/03/19,76.0,41.8,82.08,63.08,86.64,0.8,72.2
31/03/19,112.0,61.6,120.96,92.96,127.68,1.18,106.4
01/04/19,119.0,65.45,128.52,98.77,135.66,1.25,113.05
02/04/19,94.0,51.7,101.52,78.02,107.16,0.99,89.3
03/04/19,116.0,63.8,125.28,96.28,132.24,1.22,110.2
04/04/19,62.0,34.1,66.96,51.46,70.68,0.65,58.9
05/04/19,79.0,43.45,85.32,65.57,90.06,0.83,75.05
06/04/19,77.0,42.35,83.16,63.91,87.78,0.81,73.15
07/04/19,71.0,39.05,76.68,58.93,80.94,0.75,67.45
08/04/19,76.0,41.8,82.08,63.08,86.64,0.8,72.2
09/04/19,96.0,52.8,103.68,79.68,109.44,1.01,91.2
10/04/19,70.0,38.5,75.6,58.1,79.8,0.74,66.5
11/04/19,118.0,64.9,127.44,97.94,134.52,1.24,112.1
12/04/19,67.0,36.85,72.36,55.61,76.38,0.7,63.65
13/04/19,64.0,35.2,69.12,53.12,72.96,0.67,60.8
14/04/19,54.0,29.7,58.32,44.82,61.56,0.57,51.3
15/04/19,53.0,29.15,57.24,43.99,60.42,0.56,50.35
16/04/19,51.0,28.05,55.08,42.33,58.14,0.54,48.45
17/04/19,50.0,27.5,54.0,41.5,57.0,0.53,47.5
18/04/19,44.0,24.2,47.52,36.52,50.16,0.46,41.8
19/04/19,50.0,27.5,54.0,41.5,57.0,0.53,47.5
20/04/19,63.0,34.65,68.04,52.29,71.82,0.66,59.85
21/04/19,72.0,39.6,77.76,59.76,82.08,0.76,68.4
22/04/19,44.0,24.2,47.52,36.52,50.16,0.46,41.8
23/04/19,50.0,27.5,54.0,41.5,57.0,0.53,47.5
24/04/19,53.0,29.15,57.24,43.99,60.42,0.56,50.35
25/04/19,63.0,34.65,68.04,52.29,71.82,0.66,59.85
26/04/19,60.0,33.0,64.8,49.8,68.4,0.63,57.0
27/04/19,54.0,29.7,58.32,44.82,61.56,0.57,51.3
28/04/19,55.0,30.25,59.4,45.65,62.7,0.58,52.25
29/04/19,56.0,30.8,60.48,46.48,63.84,0.59,53.2
30/04/19,59.0,32.45,63.72,48.97,67.26,0.62,56.05
01/05/19,72.0,39.6,77.76,59.76,82.08,0.76,68.4
02/05/19,66.0,36.3,71.28,54.78,75.24,0.69,62.7
03/05/19,65.0,35.75,70.2,53.95,74.1,0.68,61.75
04/05/19,68.0,37.4,73.44,56.44,77.52,0.71,64.6
05/05/19,70.0,38.5,75.6,58.1,79.8,0.74,66.5
06/05/19,66.0,36.3,71.28,54.78,75.24,0.69,62.7
07/05/19,73.0,40.15,78.84,60.59,83.22,0.77,69.35
08/05/19,67.0,36.85,72.36,55.61,76.38,0.7,63.65
09/05/19,66.0,36.3,71.28,54.78,75.24,0.69,62.7
10/05/19,62.0,34.1,66.96,51.46,70.68,0.65,58.9
11/05/19,134.0,73.7,144.72,111.22,152.76,1.41,127.3
12/05/19,130.0,71.5,140.4,107.9,148.2,1.37,123.5
13/05/19,46.0,25.3,49.68,38.18,52.44,0.48,43.7
14/05/19,156.0,85.8,168.48,129.48,177.84,1.64,148.2
15/05/19,111.0,61.05,119.88,92.13,126.54,1.17,105.45
16/05/19,110.0,60.5,118.8,91.3,125.4,1.16,104.5
17/05/19,92.0,50.6,99.36,76.36,104.88,0.97,87.4
18/05/19,87.0,47.85,93.96,72.21,99.18,0.91,82.65
19/05/19,70.0,38.5,75.6,58.1,79.8,0.74,66.5
20/05/19,57.0,31.35,61.56,47.31,64.98,0.6,54.15
21/05/19,59.0,32.45,63.72,48.97,67.26,0.62,56.05
22/05/19,72.0,39.6,77.76,59.76,82.08,0.76,68.4
23/05/19,71.0,39.05,76.68,58.93,80.94,0.75,67.45
24/05/19,104.0,57.2,112.32,86.32,118.56,1.09,98.8
25/05/19,102.0,56.1,110.16,84.66,116.28,1.07,96.9
26/05/19,106.0,58.3,114.48,87.98,120.84,1.11,100.7
27/05/19,92.0,50.6,99.36,76.36,104.88,0.97,87.4
28/05/19,119.0,65.45,128.52,98.77,135.66,1.25,113.05
29/05/19,124.0,68.2,133.92,102.92,141.36,1.3,117.8
30/05/19,106.0,58.3,114.48,87.98,120.84,1.11,100.7
31/05/19,112.0,61.6,120.96,92.96,127.68,1.18,106.4
01/06/19,165.0,90.75,178.2,136.95,188.1,1.73,156.75
02/06/19,158.0,86.9,170.64,131.14,180.12,1.66,150.1
03/06/19,121.0,66.55,130.68,100.43,137.94,1.27,114.95
04/06/19,140.0,77.0,151.2,116.2,159.6,1.47,133.0
05/06/19,136.0,74.8,146.88,112.88,155.04,1.43,129.2
06/06/19,106.0,58.3,114.48,87.98,120.84,1.11,100.7
07/06/19,75.0,41.25,81.0,62.25,85.5,0.79,71.25
08/06/19,57.0,31.35,61.56,47.31,64.98,0.6,54.15
09/06/19,86.0,47.3,92.88,71.38,98.04,0.9,81.7
10/06/19,100.0,55.0,108.0,83.0,114.0,1.05,95.0
11/06/19,70.0,38.5,75.6,58.1,79.8,0.74,66.5
12/06/19,86.0,47.3,92.88,71.38,98.04,0.9,81.7
13/06/19,85.0,46.75,91.8,70.55,96.9,0.89,80.75
14/06/19,119.0,65.45,128.52,98.77,135.66,1.25,113.05
15/06/19,78.0,42.9,84.24,64.74,88.92,0.82,74.1
16/06/19,91.0,50.05,98.28,75.53,103.74,0.96,86.45
17/06/19,93.0,51.15,100.44,77.19,106.02,0.98,88.35
18/06/19,,0.0,0.0,0.0,0.0,0.0,0.0
19/06/19,80.0,44.0,86.4,66.4,91.2,0.84,76.0
20/06/19,86.0,47.3,92.88,71.38,98.04,0.9,81.7
21/06/19,65.0,35.75,70.2,53.95,74.1,0.68,61.75
22/06/19,78.0,42.9,84.24,64.74,88.92,0.82,74.1
23/06/19,80.0,44.0,86.4,66.4,91.2,0.84,76.0
24/06/19,83.0,45.65,89.64,68.89,94.62,0.87,78.85
25/06/19,105.0,57.75,113.4,87.15,119.7,1.1,99.75
26/06/19,48.0,26.4,51.84,39.84,54.72,0.5,45.6
27/06/19,56.0,30.8,60.48,46.48,63.84,0.59,53.2
28/06/19,48.0,26.4,51.84,39.84,54.72,0.5,45.6
29/06/19,42.0,23.1,45.36,34.86,47.88,0.44,39.9
30/06/19,85.0,46.75,91.8,70.55,96.9,0.89,80.75
01/07/19,50.0,27.5,54.0,41.5,57.0,0.53,47.5
02/07/19,56.0,30.8,60.48,46.48,63.84,0.59,53.2
03/07/19,144.0,79.2,155.52,119.52,164.16,1.51,136.8
04/07/19,87.0,47.85,93.96,72.21,99.18,0.91,82.65
05/07/19,133.0,73.15,143.64,110.39,151.62,1.4,126.35
06/07/19,48.0,26.4,51.84,39.84,54.72,0.5,45.6
07/07/19,61.0,33.55,65.88,50.63,69.54,0.64,57.95
08/07/19,97.0,53.35,104.76,80.51,110.58,1.02,92.15
09/07/19,92.0,50.6,99.36,76.36,104.88,0.97,87.4
10/07/19,65.0,35.75,70.2,53.95,74.1,0.68,61.75
11/07/19,66.0,36.3,71.28,54.78,75.24,0.69,62.7
12/07/19,65.0,35.75,70.2,53.95,74.1,0.68,61.75
13/07/19,77.0,42.35,83.16,63.91,87.78,0.81,73.15
14/07/19,75.0,41.25,81.0,62.25,85.5,0.79,71.25
15/07/19,78.0,42.9,84.24,64.74,88.92,0.82,74.1
16/07/19,71.0,39.05,76.68,58.93,80.94,0.75,67.45
17/07/19,70.0,38.5,75.6,58.1,79.8,0.74,66.5
18/07/19,92.0,50.6,99.36,76.36,104.88,0.97,87.4
19/07/19,60.0,33.0,64.8,49.8,68.4,0.63,57.0
20/07/19,75.0,41.25,81.0,62.25,85.5,0.79,71.25
21/07/19,58.0,31.9,62.64,48.14,66.12,0.61,55.1
22/07/19,43.0,23.65,46.44,35.69,49.02,0.45,40.85
23/07/19,49.0,26.95,52.92,40.67,55.86,0.51,46.55
24/07/19,60.0,33.0,64.8,49.8,68.4,0.63,57.0
25/07/19,63.0,34.65,68.04,52.29,71.82,0.66,59.85
26/07/19,50.0,27.5,54.0,41.5,57.0,0.53,47.5
27/07/19,50.0,27.5,54.0,41.5,57.0,0.53,47.5
28/07/19,62.0,34.1,66.96,51.46,70.68,0.65,58.9
29/07/19,66.0,36.3,71.28,54.78,75.24,0.69,62.7
30/07/19,78.0,42.9,84.24,64.74,88.92,0.82,74.1
31/07/19,86.0,47.3,92.88,71.38,98.04,0.9,81.7
01/08/19,97.0,53.35,104.76,80.51,110.58,1.02,92.15
02/08/19,86.0,47.3,92.88,71.38,98.04,0.9,81.7
03/08/19,84.0,46.2,90.72,69.72,95.76,0.88,79.8
04/08/19,91.0,50.05,98.28,75.53,103.74,0.96,86.45
05/08/19,77.0,42.35,83.16,63.91,87.78,0.81,73.15
06/08/19,89.0,48.95,96.12,73.87,101.46,0.93,84.55
07/08/19,61.0,33.55,65.88,50.63,69.54,0.64,57.95
08/08/19,107.0,58.85,115.56,88.81,121.98,1.12,101.65
09/08/19,59.0,32.45,63.72,48.97,67.26,0.62,56.05
10/08/19,65.0,35.75,70.2,53.95,74.1,0.68,61.75
11/08/19,35.0,19.25,37.8,29.05,39.9,0.37,33.25
12/08/19,48.0,26.4,51.84,39.84,54.72,0.5,45.6
13/08/19,40.0,22.0,43.2,33.2,45.6,0.42,38.0
14/08/19,100.0,55.0,108.0,83.0,114.0,1.05,95.0
15/08/19,65.0,35.75,70.2,53.95,74.1,0.68,61.75
16/08/19,50.0,27.5,54.0,41.5,57.0,0.53,47.5
17/08/19,59.0,32.45,63.72,48.97,67.26,0.62,56.05
18/08/19,44.0,24.2,47.52,36.52,50.16,0.46,41.8
19/08/19,44.0,24.2,47.52,36.52,50.16,0.46,41.8
20/08/19,51.0,28.05,55.08,42.33,58.14,0.54,48.45
21/08/19,52.0,28.6,56.16,43.16,59.28,0.55,49.4
22/08/19,75.0,41.25,81.0,62.25,85.5,0.79,71.25
23/08/19,47.0,25.85,50.76,39.01,53.58,0.49,44.65
24/08/19,45.0,24.75,48.6,37.35,51.3,0.47,42.75
25/08/19,40.0,22.0,43.2,33.2,45.6,0.42,38.0
26/08/19,50.0,27.5,54.0,41.5,57.0,0.53,47.5
27/08/19,42.0,23.1,45.36,34.86,47.88,0.44,39.9
28/08/19,82.0,45.1,88.56,68.06,93.48,0.86,77.9
29/08/19,44.0,24.2,47.52,36.52,50.16,0.46,41.8
30/08/19,74.0,40.7,79.92,61.42,84.36,0.78,70.3
31/08/19,118.0,64.9,127.44,97.94,134.52,1.24,112.1
01/09/19,77.0,42.35,83.16,63.91,87.78,0.81,73.15
02/09/19,76.0,41.8,82.08,63.08,86.64,0.8,72.2
03/09/19,74.0,40.7,79.92,61.42,84.36,0.78,70.3
04/09/19,94.0,51.7,101.52,78.02,107.16,0.99,89.3
05/09/19,53.0,29.15,57.24,43.99,60.42,0.56,50.35
06/09/19,58.0,31.9,62.64,48.14,66.12,0.61,55.1
07/09/19,77.0,42.35,83.16,63.91,87.78,0.81,73.15
08/09/19,61.0,33.55,65.88,50.63,69.54,0.64,57.95
09/09/19,75.0,41.25,81.0,62.25,85.5,0.79,71.25
10/09/19,108.0,59.4,116.64,89.64,123.12,1.13,102.6
11/09/19,105.0,57.75,113.4,87.15,119.7,1.1,99.75
12/09/19,88.0,48.4,95.04,73.04,100.32,0.92,83.6
13/09/19,56.0,30.8,60.48,46.48,63.84,0.59,53.2
14/09/19,73.0,40.15,78.84,60.59,83.22,0.77,69.35
15/09/19,67.0,36.85,72.36,55.61,76.38,0.7,63.65
16/09/19,77.0,42.35,83.16,63.91,87.78,0.81,73.15
17/09/19,83.0,45.65,89.64,68.89,94.62,0.87,78.85
18/09/19,76.0,41.8,82.08,63.08,86.64,0.8,72.2
19/09/19,83.0,45.65,89.64,68.89,94.62,0.87,78.85
20/09/19,93.0,51.15,100.44,77.19,106.02,0.98,88.35
21/09/19,76.0,41.8,82.08,63.08,86.64,0.8,72.2
22/09/19,100.0,55.0,108.0,83.0,114.0,1.05,95.0
23/09/19,132.0,72.6,142.56,109.56,150.48,1.39,125.4
24/09/19,118.0,64.9,127.44,97.94,134.52,1.24,112.1
25/09/19,69.0,37.95,74.52,57.27,78.66,0.72,65.55
26/09/19,61.0,33.55,65.88,50.63,69.54,0.64,57.95
27/09/19,85.0,46.75,91.8,70.55,96.9,0.89,80.75
28/09/19,96.0,52.8,103.68,79.68,109.44,1.01,91.2
29/09/19,79.0,43.45,85.32,65.57,90.06,0.83,75.05
30/09/19,100.0,55.0,108.0,83.0,114.0,1.05,95.0
01/10/19,86.0,47.3,92.88,71.38,98.04,0.9,81.7
02/10/19,99.0,54.45,106.92,82.17,112.86,1.04,94.05
03/10/19,84.0,46.2,90.72,69.72,95.76,0.88,79.8
04/10/19,71.0,39.05,76.68,58.93,80.94,0.75,67.45
05/10/19,80.0,44.0,86.4,66.4,91.2,0.84,76.0
06/10/19,88.0,48.4,95.04,73.04,100.32,0.92,83.6
07/10/19,50.0,27.5,54.0,41.5,57.0,0.53,47.5
08/10/19,80.0,44.0,86.4,66.4,91.2,0.84,76.0
09/10/19,85.0,46.75,91.8,70.55,96.9,0.89,80.75
10/10/19,84.0,46.2,90.72,69.72,95.76,0.88,79.8
11/10/19,69.0,37.95,74.52,57.27,78.66,0.72,65.55
12/10/19,73.0,40.15,78.84,60.59,83.22,0.77,69.35
13/10/19,78.0,42.9,84.24,64.74,88.92,0.82,74.1
14/10/19,41.0,22.55,44.28,34.03,46.74,0.43,38.95
15/10/19,65.0,35.75,70.2,53.95,74.1,0.68,61.75
16/10/19,48.0,26.4,51.84,39.84,54.72,0.5,45.6
17/10/19,54.0,29.7,58.32,44.82,61.56,0.57,51.3
18/10/19,76.0,41.8,82.08,63.08,86.64,0.8,72.2
19/10/19,72.0,39.6,77.76,59.76,82.08,0.76,68.4
20/10/19,68.0,37.4,73.44,56.44,77.52,0.71,64.6
21/10/19,67.0,36.85,72.36,55.61,76.38,0.7,63.65
22/10/19,58.0,31.9,62.64,48.14,66.12,0.61,55.1
23/10/19,81.0,44.55,87.48,67.23,92.34,0.85,76.95
24/10/19,58.0,31.9,62.64,48.14,66.12,0.61,55.1
25/10/19,82.0,45.1,88.56,68.06,93.48,0.86,77.9
26/10/19,124.0,68.2,133.92,102.92,141.36,1.3,117.8
27/10/19,260.0,143.0,280.8,215.8,296.4,2.73,247.0
28/10/19,129.0,70.95,139.32,107.07,147.06,1.35,122.55
29/10/19,74.0,40.7,79.92,61.42,84.36,0.78,70.3
30/10/19,59.0,32.45,63.72,48.97,67.26,0.62,56.05
31/10/19,138.0,75.9,149.04,114.54,157.32,1.45,131.1
01/11/19,100.0,55.0,108.0,83.0,114.0,1.05,95.0
02/11/19,56.0,30.8,60.48,46.48,63.84,0.59,53.2
03/11/19,107.0,58.85,115.56,88.81,121.98,1.12,101.65
04/11/19,262.0,144.1,282.96,217.46,298.68,2.75,248.9
05/11/19,237.0,130.35,255.96,196.71,270.18,2.49,225.15
06/11/19,224.0,123.2,241.92,185.92,255.36,2.35,212.8
07/11/19,272.0,149.6,293.76,225.76,310.08,2.86,258.4
08/11/19,288.0,158.4,311.04,239.04,328.32,3.02,273.6
09/11/19,218.0,119.9,235.44,180.94,248.52,2.29,207.1
10/11/19,234.0,128.7,252.72,194.22,266.76,2.46,222.3
11/11/19,184.0,101.2,198.72,152.72,209.76,1.93,174.8
12/11/19,65.0,35.75,70.2,53.95,74.1,0.68,61.75
13/11/19,64.0,35.2,69.12,53.12,72.96,0.67,60.8
14/11/19,42.0,23.1,45.36,34.86,47.88,0.44,39.9
15/11/19,76.0,41.8,82.08,63.08,86.64,0.8,72.2
16/11/19,66.0,36.3,71.28,54.78,75.24,0.69,62.7
17/11/19,103.0,56.65,111.24,85.49,117.42,1.08,97.85
18/11/19,78.0,42.9,84.24,64.74,88.92,0.82,74.1
19/11/19,54.0,29.7,58.32,44.82,61.56,0.57,51.3
20/11/19,35.0,19.25,37.8,29.05,39.9,0.37,33.25
21/11/19,51.0,28.05,55.08,42.33,58.14,0.54,48.45
22/11/19,56.0,30.8,60.48,46.48,63.84,0.59,53.2
23/11/19,69.0,37.95,74.52,57.27,78.66,0.72,65.55
24/11/19,130.0,71.5,140.4,107.9,148.2,1.37,123.5
25/11/19,87.0,47.85,93.96,72.21,99.18,0.91,82.65
26/11/19,97.0,53.35,104.76,80.51,110.58,1.02,92.15
27/11/19,75.0,41.25,81.0,62.25,85.5,0.79,71.25
28/11/19,61.0,33.55,65.88,50.63,69.54,0.64,57.95
29/11/19,45.0,24.75,48.6,37.35,51.3,0.47,42.75
30/11/19,48.0,26.4,51.84,39.84,54.72,0.5,45.6
01/12/19,45.0,24.75,48.6,37.35,51.3,0.47,42.75
02/12/19,36.0,19.8,38.88,29.88,41.04,0.38,34.2
03/12/19,58.0,31.9,62.64,48.14,66.12,0.61,55.1
04/12/19,71.0,39.05,76.68,58.93,80.94,0.75,67.45
05/12/19,109.0,59.95,117.72,90.47,124.26,1.14,103.55
06/12/19,96.0,52.8,103.68,79.68,109.44,1.01,91.2
07/12/19,74.0,40.7,79.92,61.42,84.36,0.78,70.3
08/12/19,72.0,39.6,77.76,59.76,82.08,0.76,68.4
09/12/19,54.0,29.7,58.32,44.82,61.56,0.57,51.3
10/12/19,56.0,30.8,60.48,46.48,63.84,0.59,53.2
11/12/19,69.0,37.95,74.52,57.27,78.66,0.72,65.55
12/12/19,52.0,28.6,56.16,43.16,59.28,0.55,49.4
13/12/19,56.0,30.8,60.48,46.48,63.84,0.59,53.2
14/12/19,61.0,33.55,65.88,50.63,69.54,0.64,57.95
15/12/19,69.0,37.95,74.52,57.27,78.66,0.72,65.55
16/12/19,60.0,33.0,64.8,49.8,68.4,0.63,57.0
17/12/19,66.0,36.3,71.28,54.78,75.24,0.69,62.7
18/12/19,100.0,55.0,108.0,83.0,114.0,1.05,95.0
19/12/19,82.0,45.1,88.56,68.06,93.48,0.86,77.9
20/12/19,111.0,61.05,119.88,92.13,126.54,1.17,105.45
21/12/19,137.0,75.35,147.96,113.71,156.18,1.44,130.15
22/12/19,122.0,67.1,131.76,101.26,139.08,1.28,115.9
23/12/19,93.0,51.15,100.44,77.19,106.02,0.98,88.35
24/12/19,96.0,52.8,103.68,79.68,109.44,1.01,91.2
25/12/19,102.0,56.1,110.16,84.66,116.28,1.07,96.9
26/12/19,132.0,72.6,142.56,109.56,150.48,1.39,125.4
27/12/19,61.0,33.55,65.88,50.63,69.54,0.64,57.95
28/12/19,58.0,31.9,62.64,48.14,66.12,0.61,55.1
29/12/19,106.0,58.3,114.48,87.98,120.84,1.11,100.7
30/12/19,76.0,41.8,82.08,63.08,86.64,0.8,72.2
31/12/19,87.0,47.85,93.96,72.21,99.18,0.91,82.65
01/01/20,64.0,35.2,69.12,53.12,72.96,0.67,60.8
02/01/20,57.0,31.35,61.56,47.31,64.98,0.6,54.15
03/01/20,69.0,37.95,74.52,57.27,78.66,0.72,65.55
04/01/20,47.0,25.85,50.76,39.01,53.58,0.49,44.65
05/01/20,60.0,33.0,64.8,49.8,68.4,0.63,57.0
06/01/20,52.0,28.6,56.16,43.16,59.28,0.55,49.4
07/01/20,47.0,25.85,50.76,39.01,53.58,0.49,44.65
08/01/20,78.0,42.9,84.24,64.74,88.92,0.82,74.1
09/01/20,77.0,42.35,83.16,63.91,87.78,0.81,73.15
10/01/20,73.0,40.15,78.84,60.59,83.22,0.77,69.35
11/01/20,70.0,38.5,75.6,58.1,79.8,0.74,66.5
12/01/20,89.0,48.95,96.12,73.87,101.46,0.93,84.55
13/01/20,158.0,86.9,170.64,131.14,180.12,1.66,150.1
14/01/20,170.0,93.5,183.6,141.1,193.8,1.79,161.5
15/01/20,102.0,56.1,110.16,84.66,116.28,1.07,96.9
16/01/20,54.0,29.7,58.32,44.82,61.56,0.57,51.3
17/01/20,71.0,39.05,76.68,58.93,80.94,0.75,67.45
18/01/20,52.0,28.6,56.16,43.16,59.28,0.55,49.4
19/01/20,73.0,40.15,78.84,60.59,83.22,0.77,69.35
20/01/20,72.0,39.6,77.76,59.76,82.08,0.76,68.4
21/01/20,88.0,48.4,95.04,73.04,100.32,0.92,83.6
22/01/20,86.0,47.3,92.88,71.38,98.04,0.9,81.7
23/01/20,110.0,60.5,118.8,91.3,125.4,1.16,104.5
24/01/20,127.0,69.85,137.16,105.41,144.78,1.33,120.65
25/01/20,98.0,53.9,105.84,81.34,111.72,1.03,93.1
26/01/20,74.0,40.7,79.92,61.42,84.36,0.78,70.3
27/01/20,77.0,42.35,83.16,63.91,87.78,0.81,73.15
28/01/20,93.0,51.15,100.44,77.19,106.02,0.98,88.35
29/01/20,79.0,43.45,85.32,65.57,90.06,0.83,75.05
30/01/20,86.0,47.3,92.88,71.38,98.04,0.9,81.7
31/01/20,75.0,41.25,81.0,62.25,85.5,0.79,71.25
01/02/20,61.0,33.55,65.88,50.63,69.54,0.64,57.95
02/02/20,50.0,27.5,54.0,41.5,57.0,0.53,47.5
03/02/20,76.0,41.8,82.08,63.08,86.64,0.8,72.2
04/02/20,76.0,41.8,82.08,63.08,86.64,0.8,72.2
05/02/20,85.0,46.75,91.8,70.55,96.9,0.89,80.75
06/02/20,86.0,47.3,92.88,71.38,98.04,0.9,81.7
07/02/20,71.0,39.05,76.68,58.93,80.94,0.75,67.45
08/02/20,54.0,29.7,58.32,44.82,61.56,0.57,51.3
09/02/20,60.0,33.0,64.8,49.8,68.4,0.63,57.0
10/02/20,58.0,31.9,62.64,48.14,66.12,0.61,55.1
11/02/20,64.0,35.2,69.12,53.12,72.96,0.67,60.8
12/02/20,70.0,38.5,75.6,58.1,79.8,0.74,66.5
13/02/20,96.0,52.8,103.68,79.68,109.44,1.01,91.2
14/02/20,130.0,71.5,140.4,107.9,148.2,1.37,123.5
15/02/20,139.0,76.45,150.12,115.37,158.46,1.46,132.05
16/02/20,76.0,41.8,82.08,63.08,86.64,0.8,72.2
17/02/20,62.0,34.1,66.96,51.46,70.68,0.65,58.9
18/02/20,83.0,45.65,89.64,68.89,94.62,0.87,78.85
19/02/20,84.0,46.2,90.72,69.72,95.76,0.88,79.8
20/02/20,75.0,41.25,81.0,62.25,85.5,0.79,71.25
21/02/20,85.0,46.75,91.8,70.55,96.9,0.89,80.75
22/02/20,62.0,34.1,66.96,51.46,70.68,0.65,58.9
23/02/20,56.0,30.8,60.48,46.48,63.84,0.59,53.2
24/02/20,72.0,39.6,77.76,59.76,82.08,0.76,68.4
25/02/20,76.0,41.8,82.08,63.08,86.64,0.8,72.2
26/02/20,78.0,42.9,84.24,64.74,88.92,0.82,74.1
27/02/20,82.0,45.1,88.56,68.06,93.48,0.86,77.9
28/02/20,70.0,38.5,75.6,58.1,79.8,0.74,66.5
01/03/20,66.0,36.3,71.28,54.78,75.24,0.69,62.7
02/03/20,89.0,48.95,96.12,73.87,101.46,0.93,84.55
03/03/20,97.0,53.35,104.76,80.51,110.58,1.02,92.15
04/03/20,79.0,43.45,85.32,65.57,90.06,0.83,75.05
05/03/20,68.0,37.4,73.44,56.44,77.52,0.71,64.6
06/03/20,52.0,28.6,56.16,43.16,59.28,0.55,49.4
07/03/20,63.0,34.65,68.04,52.29,71.82,0.66,59.85
08/03/20,45.0,24.75,48.6,37.35,51.3,0.47,42.75
09/03/20,58.0,31.9,62.64,48.14,66.12,0.61,55.1
10/03/20,38.0,20.9,41.04,31.54,43.32,0.4,36.1
11/03/20,54.0,29.7,58.32,44.82,61.56,0.57,51.3
12/03/20,53.0,29.15,57.24,43.99,60.42,0.56,50.35
13/03/20,59.0,32.45,63.72,48.97,67.26,0.62,56.05
14/03/20,71.0,39.05,76.68,58.93,80.94,0.75,67.45
15/03/20,69.0,37.95,74.52,57.27,78.66,0.72,65.55
16/03/20,59.0,32.45,63.72,48.97,67.26,0.62,56.05
17/03/20,80.0,44.0,86.4,66.4,91.2,0.84,76.0
18/03/20,72.0,39.6,77.76,59.76,82.08,0.76,68.4
19/03/20,68.0,37.4,73.44,56.44,77.52,0.71,64.6
20/03/20,66.0,36.3,71.28,54.78,75.24,0.69,62.7
21/03/20,70.0,38.5,75.6,58.1,79.8,0.74,66.5
22/03/20,64.0,35.2,69.12,53.12,72.96,0.67,60.8
23/03/20,65.0,35.75,70.2,53.95,74.1,0.68,61.75
24/03/20,52.0,28.6,56.16,43.16,59.28,0.55,49.4
25/03/20,46.0,25.3,49.68,38.18,52.44,0.48,43.7
26/03/20,56.0,30.8,60.48,46.48,63.84,0.59,53.2
27/03/20,48.0,26.4,51.84,39.84,54.72,0.5,45.6
28/03/20,57.0,31.35,61.56,47.31,64.98,0.6,54.15
29/03/20,46.0,25.3,49.68,38.18,52.44,0.48,43.7
30/03/20,52.0,28.6,56.16,43.16,59.28,0.55,49.4
31/03/20,54.0,29.7,58.32,44.82,61.56,0.57,51.3
01/04/20,61.0,33.55,65.88,50.63,69.54,0.64,57.95
02/04/20,62.0,34.1,66.96,51.46,70.68,0.65,58.9
03/04/20,56.0,30.8,60.48,46.48,63.84,0.59,53.2
04/04/20,55.0,30.25,59.4,45.65,62.7,0.58,52.25
05/04/20,55.0,30.25,59.4,45.65,62.7,0.58,52.25
06/04/20,46.0,25.3,49.68,38.18,52.44,0.48,43.7
07/04/20,40.0,22.0,43.2,33.2,45.6,0.42,38.0
08/04/20,44.0,24.2,47.52,36.52,50.16,0.46,41.8
09/04/20,42.0,23.1,45.36,34.86,47.88,0.44,39.9
10/04/20,62.0,34.1,66.96,51.46,70.68,0.65,58.9
11/04/20,43.0,23.65,46.44,35.69,49.02,0.45,40.85
12/04/20,44.0,24.2,47.52,36.52,50.16,0.46,41.8
13/04/20,44.0,24.2,47.52,36.52,50.16,0.46,41.8
14/04/20,46.0,25.3,49.68,38.18,52.44,0.48,43.7
15/04/20,42.0,23.1,45.36,34.86,47.88,0.44,39.9
16/04/20,50.0,27.5,54.0,41.5,57.0,0.53,47.5
17/04/20,43.0,23.65,46.44,35.69,49.02,0.45,40.85
18/04/20,40.0,22.0,43.2,33.2,45.6,0.42,38.0
19/04/20,44.0,24.2,47.52,36.52,50.16,0.46,41.8
20/04/20,39.0,21.45,42.12,32.37,44.46,0.41,37.05
21/04/20,44.0,24.2,47.52,36.52,50.16,0.46,41.8
22/04/20,44.0,24.2,47.52,36.52,50.16,0.46,41.8
23/04/20,40.0,22.0,43.2,33.2,45.6,0.42,38.0
24/04/20,44.0,24.2,47.52,36.52,50.16,0.46,41.8
25/04/20,45.0,24.75,48.6,37.35,51.3,0.47,42.75
26/04/20,44.0,24.2,47.52,36.52,50.16,0.46,41.8
27/04/20,48.0,26.4,51.84,39.84,54.72,0.5,45.6
28/04/20,49.0,26.95,52.92,40.67,55.86,0.51,46.55
29/04/20,54.0,29.7,58.32,44.82,61.56,0.57,51.3
30/04/20,49.0,26.95,52.92,40.67,55.86,0.51,46.55
01/05/20,60.0,33.0,64.8,49.8,68.4,0.63,57.0
02/05/20,51.0,28.05,55.08,42.33,58.14,0.54,48.45
03/05/20,51.0,28.05,55.08,42.33,58.14,0.54,48.45
04/05/20,45.0,24.75,48.6,37.35,51.3,0.47,42.75
05/05/20,52.0,28.6,56.16,43.16,59.28,0.55,49.4
06/05/20,51.0,28.05,55.08,42.33,58.14,0.54,48.45
07/05/20,51.0,28.05,55.08,42.33,58.14,0.54,48.45
08/05/20,51.0,28.05,55.08,42.33,58.14,0.54,48.45
09/05/20,48.0,26.4,51.84,39.84,54.72,0.5,45.6
10/05/20,54.0,29.7,58.32,44.82,61.56,0.57,51.3
11/05/20,45.0,24.75,48.6,37.35,51.3,0.47,42.75
12/05/20,48.0,26.4,51.84,39.84,54.72,0.5,45.6
13/05/20,50.0,27.5,54.0,41.5,57.0,0.53,47.5
14/05/20,50.0,27.5,54.0,41.5,57.0,0.53,47.5
15/05/20,52.0,28.6,56.16,43.16,59.28,0.55,49.4
16/05/20,65.0,35.75,70.2,53.95,74.1,0.68,61.75
17/05/20,51.0,28.05,55.08,42.33,58.14,0.54,48.45
18/05/20,61.0,33.55,65.88,50.63,69.54,0.64,57.95
19/05/20,63.0,34.65,68.04,52.29,71.82,0.66,59.85
20/05/20,64.0,35.2,69.12,53.12,72.96,0.67,60.8
21/05/20,65.0,35.75,70.2,53.95,74.1,0.68,61.75
22/05/20,81.0,44.55,87.48,67.23,92.34,0.85,76.95
23/05/20,64.0,35.2,69.12,53.12,72.96,0.67,60.8
24/05/20,67.0,36.85,72.36,55.61,76.38,0.7,63.65
25/05/20,62.0,34.1,66.96,51.46,70.68,0.65,58.9
26/05/20,67.0,36.85,72.36,55.61,76.38,0.7,63.65
27/05/20,58.0,31.9,62.64,48.14,66.12,0.61,55.1
28/05/20,62.0,34.1,66.96,51.46,70.68,0.65,58.9
29/05/20,97.0,53.35,104.76,80.51,110.58,1.02,92.15
30/05/20,86.0,47.3,92.88,71.38,98.04,0.9,81.7
31/05/20,68.0,37.4,73.44,56.44,77.52,0.71,64.6
01/06/20,92.0,50.6,99.36,76.36,104.88,0.97,87.4
02/06/20,77.0,42.35,83.16,63.91,87.78,0.81,73.15
03/06/20,66.0,36.3,71.28,54.78,75.24,0.69,62.7
04/06/20,67.0,36.85,72.36,55.61,76.38,0.7,63.65
05/06/20,69.0,37.95,74.52,57.27,78.66,0.72,65.55
06/06/20,71.0,39.05,76.68,58.93,80.94,0.75,67.45
07/06/20,88.0,48.4,95.04,73.04,100.32,0.92,83.6
08/06/20,68.0,37.4,73.44,56.44,77.52,0.71,64.6
09/06/20,70.0,38.5,75.6,58.1,79.8,0.74,66.5
10/06/20,70.0,38.5,75.6,58.1,79.8,0.74,66.5
11/06/20,78.0,42.9,84.24,64.74,88.92,0.82,74.1
12/06/20,112.0,61.6,120.96,92.96,127.68,1.18,106.4
13/06/20,60.0,33.0,64.8,49.8,68.4,0.63,57.0
14/06/20,61.0,33.55,65.88,50.63,69.54,0.64,57.95
15/06/20,61.0,33.55,65.88,50.63,69.54,0.64,57.95
16/06/20,72.0,39.6,77.76,59.76,82.08,0.76,68.4
17/06/20,84.0,46.2,90.72,69.72,95.76,0.88,79.8
18/06/20,80.0,44.0,86.4,66.4,91.2,0.84,76.0
19/06/20,104.0,57.2,112.32,86.32,118.56,1.09,98.8
20/06/20,110.0,60.5,118.8,91.3,125.4,1.16,104.5
21/06/20,88.0,48.4,95.04,73.04,100.32,0.92,83.6
22/06/20,100.0,55.0,108.0,83.0,114.0,1.05,95.0
23/06/20,82.0,45.1,88.56,68.06,93.48,0.86,77.9
24/06/20,110.0,60.5,118.8,91.3,125.4,1.16,104.5
25/06/20,88.0,48.4,95.04,73.04,100.32,0.92,83.6
26/06/20,84.0,46.2,90.72,69.72,95.76,0.88,79.8
27/06/20,82.0,45.1,88.56,68.06,93.48,0.86,77.9
28/06/20,70.0,38.5,75.6,58.1,79.8,0.74,66.5
29/06/20,93.0,51.15,100.44,77.19,106.02,0.98,88.35
30/06/20,92.0,50.6,99.36,76.36,104.88,0.97,87.4
01/07/20,75.0,41.25,81.0,62.25,85.5,0.79,71.25
02/07/20,76.0,41.8,82.08,63.08,86.64,0.8,72.2
03/07/20,132.0,72.6,142.56,109.56,150.48,1.39,125.4
04/07/20,117.0,64.35,126.36,97.11,133.38,1.23,111.15
05/07/20,85.0,46.75,91.8,70.55,96.9,0.89,80.75
06/07/20,109.0,59.95,117.72,90.47,124.26,1.14,103.55
07/07/20,76.0,41.8,82.08,63.08,86.64,0.8,72.2
08/07/20,60.0,33.0,64.8,49.8,68.4,0.63,57.0
09/07/20,60.0,33.0,64.8,49.8,68.4,0.63,57.0
10/07/20,64.0,35.2,69.12,53.12,72.96,0.67,60.8
11/07/20,61.0,33.55,65.88,50.63,69.54,0.64,57.95
12/07/20,65.0,35.75,70.2,53.95,74.1,0.68,61.75
13/07/20,56.0,30.8,60.48,46.48,63.84,0.59,53.2
14/07/20,71.0,39.05,76.68,58.93,80.94,0.75,67.45
15/07/20,71.0,39.05,76.68,58.93,80.94,0.75,67.45
16/07/20,61.0,33.55,65.88,50.63,69.54,0.64,57.95
17/07/20,80.0,44.0,86.4,66.4,91.2,0.84,76.0
18/07/20,66.0,36.3,71.28,54.78,75.24,0.69,62.7
19/07/20,63.0,34.65,68.04,52.29,71.82,0.66,59.85
20/07/20,67.0,36.85,72.36,55.61,76.38,0.7,63.65
21/07/20,65.0,35.75,70.2,53.95,74.1,0.68,61.75
22/07/20,66.0,36.3,71.28,54.78,75.24,0.69,62.7
23/07/20,68.0,37.4,73.44,56.44,77.52,0.71,64.6
24/07/20,77.0,42.35,83.16,63.91,87.78,0.81,73.15
25/07/20,105.0,57.75,113.4,87.15,119.7,1.1,99.75
26/07/20,98.0,53.9,105.84,81.34,111.72,1.03,93.1
27/07/20,102.0,56.1,110.16,84.66,116.28,1.07,96.9
28/07/20,75.0,41.25,81.0,62.25,85.5,0.79,71.25
29/07/20,68.0,37.4,73.44,56.44,77.52,0.71,64.6
30/07/20,76.0,41.8,82.08,63.08,86.64,0.8,72.2
31/07/20,63.0,34.65,68.04,52.29,71.82,0.66,59.85
01/08/20,61.0,33.55,65.88,50.63,69.54,0.64,57.95
02/08/20,58.0,31.9,62.64,48.14,66.12,0.61,55.1
03/08/20,55.0,30.25,59.4,45.65,62.7,0.58,52.25
04/08/20,76.0,41.8,82.08,63.08,86.64,0.8,72.2
05/08/20,48.0,26.4,51.84,39.84,54.72,0.5,45.6
06/08/20,54.0,29.7,58.32,44.82,61.56,0.57,51.3
07/08/20,71.0,39.05,76.68,58.93,80.94,0.75,67.45
08/08/20,70.0,38.5,75.6,58.1,79.8,0.74,66.5
09/08/20,56.0,30.8,60.48,46.48,63.84,0.59,53.2
10/08/20,59.0,32.45,63.72,48.97,67.26,0.62,56.05
11/08/20,56.0,30.8,60.48,46.48,63.84,0.59,53.2
12/08/20,65.0,35.75,70.2,53.95,74.1,0.68,61.75
13/08/20,65.0,35.75,70.2,53.95,74.1,0.68,61.75
14/08/20,57.0,31.35,61.56,47.31,64.98,0.6,54.15
15/08/20,52.0,28.6,56.16,43.16,59.28,0.55,49.4
16/08/20,61.0,33.55,65.88,50.63,69.54,0.64,57.95
17/08/20,54.0,29.7,58.32,44.82,61.56,0.57,51.3
18/08/20,60.0,33.0,64.8,49.8,68.4,0.63,57.0
19/08/20,59.0,32.45,63.72,48.97,67.26,0.62,56.05
20/08/20,56.0,30.8,60.48,46.48,63.84,0.59,53.2
21/08/20,65.0,35.75,70.2,53.95,74.1,0.68,61.75
22/08/20,62.0,34.1,66.96,51.46,70.68,0.65,58.9
23/08/20,68.0,37.4,73.44,56.44,77.52,0.71,64.6
24/08/20,61.0,33.55,65.88,50.63,69.54,0.64,57.95
25/08/20,59.0,32.45,63.72,48.97,67.26,0.62,56.05
26/08/20,74.0,40.7,79.92,61.42,84.36,0.78,70.3
27/08/20,62.0,34.1,66.96,51.46,70.68,0.65,58.9
28/08/20,62.0,34.1,66.96,51.46,70.68,0.65,58.9
29/08/20,64.0,35.2,69.12,53.12,72.96,0.67,60.8
30/08/20,68.0,37.4,73.44,56.44,77.52,0.71,64.6
31/08/20,58.0,31.9,62.64,48.14,66.12,0.61,55.1
01/09/20,69.0,37.95,74.52,57.27,78.66,0.72,65.55
02/09/20,73.0,40.15,78.84,60.59,83.22,0.77,69.35
03/09/20,71.0,39.05,76.68,58.93,80.94,0.75,67.45
04/09/20,62.0,34.1,66.96,51.46,70.68,0.65,58.9
05/09/20,58.0,31.9,62.64,48.14,66.12,0.61,55.1
06/09/20,66.0,36.3,71.28,54.78,75.24,0.69,62.7
07/09/20,62.0,34.1,66.96,51.46,70.68,0.65,58.9
08/09/20,52.0,28.6,56.16,43.16,59.28,0.55,49.4
09/09/20,85.0,46.75,91.8,70.55,96.9,0.89,80.75
10/09/20,50.0,27.5,54.0,41.5,57.0,0.53,47.5
11/09/20,73.0,40.15,78.84,60.59,83.22,0.77,69.35
12/09/20,64.0,35.2,69.12,53.12,72.96,0.67,60.8
13/09/20,52.0,28.6,56.16,43.16,59.28,0.55,49.4
14/09/20,44.0,24.2,47.52,36.52,50.16,0.46,41.8
15/09/20,48.0,26.4,51.84,39.84,54.72,0.5,45.6
16/09/20,58.0,31.9,62.64,48.14,66.12,0.61,55.1
17/09/20,57.0,31.35,61.56,47.31,64.98,0.6,54.15
18/09/20,70.0,38.5,75.6,58.1,79.8,0.74,66.5
19/09/20,60.0,33.0,64.8,49.8,68.4,0.63,57.0
20/09/20,63.0,34.65,68.04,52.29,71.82,0.66,59.85
21/09/20,62.0,34.1,66.96,51.46,70.68,0.65,58.9
22/09/20,69.0,37.95,74.52,57.27,78.66,0.72,65.55
23/09/20,67.0,36.85,72.36,55.61,76.38,0.7,63.65
24/09/20,70.0,38.5,75.6,58.1,79.8,0.74,66.5
25/09/20,65.0,35.75,70.2,53.95,74.1,0.68,61.75
26/09/20,62.0,34.1,66.96,51.46,70.68,0.65,58.9
27/09/20,58.0,31.9,62.64,48.14,66.12,0.61,55.1
28/09/20,59.0,32.45,63.72,48.97,67.26,0.62,56.05
29/09/20,108.0,59.4,116.64,89.64,123.12,1.13,102.6
30/09/20,50.0,27.5,54.0,41.5,57.0,0.53,47.5
01/10/20,50.0,27.5,54.0,41.5,57.0,0.53,47.5
02/10/20,50.0,27.5,54.0,41.5,57.0,0.53,47.5
03/10/20,46.0,25.3,49.68,38.18,52.44,0.48,43.7
04/10/20,47.0,25.85,50.76,39.01,53.58,0.49,44.65
05/10/20,45.0,24.75,48.6,37.35,51.3,0.47,42.75
06/10/20,66.0,36.3,71.28,54.78,75.24,0.69,62.7
07/10/20,58.0,31.9,62.64,48.14,66.12,0.61,55.1
08/10/20,56.0,30.8,60.48,46.48,63.84,0.59,53.2
09/10/20,64.0,35.2,69.12,53.12,72.96,0.67,60.8
10/10/20,55.0,30.25,59.4,45.65,62.7,0.58,52.25
11/10/20,55.0,30.25,59.4,45.65,62.7,0.58,52.25
12/10/20,55.0,30.25,59.4,45.65,62.7,0.58,52.25
13/10/20,47.0,25.85,50.76,39.01,53.58,0.49,44.65
14/10/20,52.0,28.6,56.16,43.16,59.28,0.55,49.4
15/10/20,54.0,29.7,58.32,44.82,61.56,0.57,51.3
16/10/20,62.0,34.1,66.96,51.46,70.68,0.65,58.9
17/10/20,62.0,34.1,66.96,51.46,70.68,0.65,58.9
18/10/20,62.0,34.1,66.96,51.46,70.68,0.65,58.9
19/10/20,62.0,34.1,66.96,51.46,70.68,0.65,58.9
20/10/20,59.0,32.45,63.72,48.97,67.26,0.62,56.05
21/10/20,51.0,28.05,55.08,42.33,58.14,0.54,48.45
22/10/20,69.0,37.95,74.52,57.27,78.66,0.72,65.55
23/10/20,62.0,34.1,66.96,51.46,70.68,0.65,58.9
24/10/20,65.0,35.75,70.2,53.95,74.1,0.68,61.75
25/10/20,80.0,44.0,86.4,66.4,91.2,0.84,76.0
26/10/20,89.0,48.95,96.12,73.87,101.46,0.93,84.55
27/10/20,109.0,59.95,117.72,90.47,124.26,1.14,103.55
28/10/20,71.0,39.05,76.68,58.93,80.94,0.75,67.45
29/10/20,63.0,34.65,68.04,52.29,71.82,0.66,59.85
30/10/20,78.0,42.9,84.24,64.74,88.92,0.82,74.1
31/10/20,118.0,64.9,127.44,97.94,134.52,1.24,112.1
01/11/20,117.0,64.35,126.36,97.11,133.38,1.23,111.15
02/11/20,87.0,47.85,93.96,72.21,99.18,0.91,82.65
03/11/20,148.0,81.4,159.84,122.84,168.72,1.55,140.6
04/11/20,90.0,49.5,97.2,74.7,102.6,0.95,85.5
05/11/20,59.0,32.45,63.72,48.97,67.26,0.62,56.05
06/11/20,48.0,26.4,51.84,39.84,54.72,0.5,45.6
07/11/20,55.0,30.25,59.4,45.65,62.7,0.58,52.25
08/11/20,85.0,46.75,91.8,70.55,96.9,0.89,80.75
09/11/20,113.0,62.15,122.04,93.79,128.82,1.19,107.35
10/11/20,116.0,63.8,125.28,96.28,132.24,1.22,110.2
11/11/20,103.0,56.65,111.24,85.49,117.42,1.08,97.85
12/11/20,69.0,37.95,74.52,57.27,78.66,0.72,65.55
13/11/20,50.0,27.5,54.0,41.5,57.0,0.53,47.5
14/11/20,57.0,31.35,61.56,47.31,64.98,0.6,54.15
15/11/20,98.0,53.9,105.84,81.34,111.72,1.03,93.1
16/11/20,40.0,22.0,43.2,33.2,45.6,0.42,38.0
17/11/20,43.0,23.65,46.44,35.69,49.02,0.45,40.85
18/11/20,52.0,28.6,56.16,43.16,59.28,0.55,49.4
19/11/20,38.0,20.9,41.04,31.54,43.32,0.4,36.1
20/11/20,53.0,29.15,57.24,43.99,60.42,0.56,50.35
21/11/20,66.0,36.3,71.28,54.78,75.24,0.69,62.7
22/11/20,71.0,39.05,76.68,58.93,80.94,0.75,67.45
23/11/20,76.0,41.8,82.08,63.08,86.64,0.8,72.2
24/11/20,86.0,47.3,92.88,71.38,98.04,0.9,81.7
25/11/20,47.0,25.85,50.76,39.01,53.58,0.49,44.65
26/11/20,84.0,46.2,90.72,69.72,95.76,0.88,79.8
27/11/20,60.0,33.0,64.8,49.8,68.4,0.63,57.0
28/11/20,60.0,33.0,64.8,49.8,68.4,0.63,57.0
29/11/20,67.0,36.85,72.36,55.61,76.38,0.7,63.65
30/11/20,71.0,39.05,76.68,58.93,80.94,0.75,67.45
01/12/20,60.0,33.0,64.8,49.8,68.4,0.63,57.0
02/12/20,66.0,36.3,71.28,54.78,75.24,0.69,62.7
03/12/20,42.0,23.1,45.36,34.86,47.88,0.44,39.9
04/12/20,30.0,16.5,32.4,24.9,34.2,0.32,28.5
05/12/20,32.0,17.6,34.56,26.56,36.48,0.34,30.4
06/12/20,28.0,15.4,30.24,23.24,31.92,0.29,26.6
07/12/20,30.0,16.5,32.4,24.9,34.2,0.32,28.5
08/12/20,36.0,19.8,38.88,29.88,41.04,0.38,34.2
09/12/20,50.0,27.5,54.0,41.5,57.0,0.53,47.5
10/12/20,69.0,37.95,74.52,57.27,78.66,0.72,65.55
11/12/20,94.0,51.7,101.52,78.02,107.16,0.99,89.3
12/12/20,105.0,57.75,113.4,87.15,119.7,1.1,99.75
13/12/20,130.0,71.5,140.4,107.9,148.2,1.37,123.5
14/12/20,73.0,40.15,78.84,60.59,83.22,0.77,69.35
15/12/20,87.0,47.85,93.96,72.21,99.18,0.91,82.65
16/12/20,69.0,37.95,74.52,57.27,78.66,0.72,65.55
17/12/20,59.0,32.45,63.72,48.97,67.26,0.62,56.05
18/12/20,64.0,35.2,69.12,53.12,72.96,0.67,60.8
19/12/20,90.0,49.5,97.2,74.7,102.6,0.95,85.5
20/12/20,94.0,51.7,101.52,78.02,107.16,0.99,89.3
21/12/20,89.0,48.95,96.12,73.87,101.46,0.93,84.55
22/12/20,99.0,54.45,106.92,82.17,112.86,1.04,94.05
23/12/20,110.0,60.5,118.8,91.3,125.4,1.16,104.5
24/12/20,105.0,57.75,113.4,87.15,119.7,1.1,99.75
25/12/20,107.0,58.85,115.56,88.81,121.98,1.12,101.65
26/12/20,93.0,51.15,100.44,77.19,106.02,0.98,88.35
27/12/20,95.0,52.25,102.6,78.85,108.3,1.0,90.25
28/12/20,108.0,59.4,116.64,89.64,123.12,1.13,102.6
29/12/20,114.0,62.7,123.12,94.62,129.96,1.2,108.3
30/12/20,74.0,40.7,79.92,61.42,84.36,0.78,70.3
31/12/20,65.0,35.75,70.2,53.95,74.1,0.68,61.75
01/01/21,85.0,46.75,91.8,70.55,96.9,0.89,80.75
02/01/21,74.0,40.7,79.92,61.42,84.36,0.78,70.3
03/01/21,63.0,34.65,68.04,52.29,71.82,0.66,59.85
04/01/21,64.0,35.2,69.12,53.12,72.96,0.67,60.8
05/01/21,43.0,23.65,46.44,35.69,49.02,0.45,40.85
06/01/21,38.0,20.9,41.04,31.54,43.32,0.4,36.1
07/01/21,44.0,24.2,47.52,36.52,50.16,0.46,41.8
08/01/21,41.0,22.55,44.28,34.03,46.74,0.43,38.95
09/01/21,86.0,47.3,92.88,71.38,98.04,0.9,81.7
10/01/21,94.0,51.7,101.52,78.02,107.16,0.99,89.3
11/01/21,92.0,50.6,99.36,76.36,104.88,0.97,87.4
12/01/21,74.0,40.7,79.92,61.42,84.36,0.78,70.3
13/01/21,122.0,67.1,131.76,101.26,139.08,1.28,115.9
14/01/21,85.0,46.75,91.8,70.55,96.9,0.89,80.75
15/01/21,96.0,52.8,103.68,79.68,109.44,1.01,91.2
16/01/21,85.0,46.75,91.8,70.55,96.9,0.89,80.75
17/01/21,63.0,34.65,68.04,52.29,71.82,0.66,59.85
18/01/21,58.0,31.9,62.64,48.14,66.12,0.61,55.1
19/01/21,85.0,46.75,91.8,70.55,96.9,0.89,80.75
20/01/21,102.0,56.1,110.16,84.66,116.28,1.07,96.9
21/01/21,104.0,57.2,112.32,86.32,118.56,1.09,98.8
22/01/21,58.0,31.9,62.64,48.14,66.12,0.61,55.1
23/01/21,53.0,29.15,57.24,43.99,60.42,0.56,50.35
24/01/21,75.0,41.25,81.0,62.25,85.5,0.79,71.25
25/01/21,63.0,34.65,68.04,52.29,71.82,0.66,59.85
26/01/21,70.0,38.5,75.6,58.1,79.8,0.74,66.5
27/01/21,91.0,50.05,98.28,75.53,103.74,0.96,86.45
28/01/21,145.0,79.75,156.6,120.35,165.3,1.52,137.75
29/01/21,130.0,71.5,140.4,107.9,148.2,1.37,123.5
30/01/21,116.0,63.8,125.28,96.28,132.24,1.22,110.2
31/01/21,78.0,42.9,84.24,64.74,88.92,0.82,74.1
01/02/21,64.0,35.2,69.12,53.12,72.96,0.67,60.8
02/02/21,88.0,48.4,95.04,73.04,100.32,0.92,83.6
03/02/21,83.0,45.65,89.64,68.89,94.62,0.87,78.85
04/02/21,84.0,46.2,90.72,69.72,95.76,0.88,79.8
05/02/21,104.0,57.2,112.32,86.32,118.56,1.09,98.8
06/02/21,109.0,59.95,117.72,90.47,124.26,1.14,103.55
07/02/21,110.0,60.5,118.8,91.3,125.4,1.16,104.5
08/02/21,74.0,40.7,79.92,61.42,84.36,0.78,70.3
09/02/21,86.0,47.3,92.88,71.38,98.04,0.9,81.7
10/02/21,96.0,52.8,103.68,79.68,109.44,1.01,91.2
11/02/21,95.0,52.25,102.6,78.85,108.3,1.0,90.25
12/02/21,72.0,39.6,77.76,59.76,82.08,0.76,68.4
13/02/21,80.0,44.0,86.4,66.4,91.2,0.84,76.0
14/02/21,65.0,35.75,70.2,53.95,74.1,0.68,61.75
15/02/21,67.0,36.85,72.36,55.61,76.38,0.7,63.65
16/02/21,69.0,37.95,74.52,57.27,78.66,0.72,65.55
17/02/21,86.0,47.3,92.88,71.38,98.04,0.9,81.7
18/02/21,81.0,44.55,87.48,67.23,92.34,0.85,76.95
19/02/21,83.0,45.65,89.64,68.89,94.62,0.87,78.85
20/02/21,84.0,46.2,90.72,69.72,95.76,0.88,79.8
21/02/21,38.0,20.9,41.04,31.54,43.32,0.4,36.1
22/02/21,46.0,25.3,49.68,38.18,52.44,0.48,43.7
23/02/21,72.0,39.6,77.76,59.76,82.08,0.76,68.4
24/02/21,89.0,48.95,96.12,73.87,101.46,0.93,84.55
25/02/21,78.0,42.9,84.24,64.74,88.92,0.82,74.1
26/02/21,67.0,36.85,72.36,55.61,76.38,0.7,63.65
27/02/21,63.0,34.65,68.04,52.29,71.82,0.66,59.85
28/02/21,46.0,25.3,49.68,38.18,52.44,0.48,43.7
01/03/21,42.0,23.1,45.36,34.86,47.88,0.44,39.9
02/03/21,78.0,42.9,84.24,64.74,88.92,0.82,74.1
03/03/21,83.0,45.65,89.64,68.89,94.62,0.87,78.85
04/03/21,72.0,39.6,77.76,59.76,82.08,0.76,68.4
05/03/21,73.0,40.15,78.84,60.59,83.22,0.77,69.35
06/03/21,67.0,36.85,72.36,55.61,76.38,0.7,63.65
07/03/21,64.0,35.2,69.12,53.12,72.96,0.67,60.8
08/03/21,49.0,26.95,52.92,40.67,55.86,0.51,46.55
09/03/21,76.0,41.8,82.08,63.08,86.64,0.8,72.2
10/03/21,50.0,27.5,54.0,41.5,57.0,0.53,47.5
11/03/21,42.0,23.1,45.36,34.86,47.88,0.44,39.9
12/03/21,43.0,23.65,46.44,35.69,49.02,0.45,40.85
13/03/21,54.0,29.7,58.32,44.82,61.56,0.57,51.3
14/03/21,53.0,29.15,57.24,43.99,60.42,0.56,50.35
15/03/21,56.0,30.8,60.48,46.48,63.84,0.59,53.2
16/03/21,53.0,29.15,57.24,43.99,60.42,0.56,50.35
17/03/21,48.0,26.4,51.84,39.84,54.72,0.5,45.6
18/03/21,61.0,33.55,65.88,50.63,69.54,0.64,57.95
19/03/21,82.0,45.1,88.56,68.06,93.48,0.86,77.9
20/03/21,98.0,53.9,105.84,81.34,111.72,1.03,93.1
21/03/21,70.0,38.5,75.6,58.1,79.8,0.74,66.5
22/03/21,66.0,36.3,71.28,54.78,75.24,0.69,62.7
23/03/21,93.0,51.15,100.44,77.19,106.02,0.98,88.35
24/03/21,108.0,59.4,116.64,89.64,123.12,1.13,102.6
25/03/21,120.0,66.0,129.6,99.6,136.8,1.26,114.0
26/03/21,98.0,53.9,105.84,81.34,111.72,1.03,93.1
27/03/21,73.0,40.15,78.84,60.59,83.22,0.77,69.35
28/03/21,58.0,31.9,62.64,48.14,66.12,0.61,55.1
29/03/21,45.0,24.75,48.6,37.35,51.3,0.47,42.75
30/03/21,54.0,29.7,58.32,44.82,61.56,0.57,51.3
31/03/21,57.0,31.35,61.56,47.31,64.98,0.6,54.15
01/04/21,57.0,31.35,61.56,47.31,64.98,0.6,54.15
02/04/21,71.0,39.05,76.68,58.93,80.94,0.75,67.45
03/04/21,83.0,45.65,89.64,68.89,94.62,0.87,78.85
04/04/21,64.0,35.2,69.12,53.12,72.96,0.67,60.8
05/04/21,66.0,36.3,71.28,54.78,75.24,0.69,62.7
06/04/21,68.0,37.4,73.44,56.44,77.52,0.71,64.6
07/04/21,63.0,34.65,68.04,52.29,71.82,0.66,59.85
08/04/21,82.0,45.1,88.56,68.06,93.48,0.86,77.9
09/04/21,67.0,36.85,72.36,55.61,76.38,0.7,63.65
10/04/21,66.0,36.3,71.28,54.78,75.24,0.69,62.7
11/04/21,67.0,36.85,72.36,55.61,76.38,0.7,63.65
12/04/21,53.0,29.15,57.24,43.99,60.42,0.56,50.35
13/04/21,55.0,30.25,59.4,45.65,62.7,0.58,52.25
14/04/21,60.0,33.0,64.8,49.8,68.4,0.63,57.0
15/04/21,46.0,25.3,49.68,38.18,52.44,0.48,43.7
16/04/21,51.0,28.05,55.08,42.33,58.14,0.54,48.45
17/04/21,54.0,29.7,58.32,44.82,61.56,0.57,51.3
18/04/21,43.0,23.65,46.44,35.69,49.02,0.45,40.85
19/04/21,51.0,28.05,55.08,42.33,58.14,0.54,48.45
20/04/21,54.0,29.7,58.32,44.82,61.56,0.57,51.3
21/04/21,52.0,28.6,56.16,43.16,59.28,0.55,49.4
22/04/21,49.0,26.95,52.92,40.67,55.86,0.51,46.55
23/04/21,48.0,26.4,51.84,39.84,54.72,0.5,45.6
24/04/21,42.0,23.1,45.36,34.86,47.88,0.44,39.9
25/04/21,46.0,25.3,49.68,38.18,52.44,0.48,43.7
26/04/21,46.0,25.3,49.68,38.18,52.44,0.48,43.7
27/04/21,64.0,35.2,69.12,53.12,72.96,0.67,60.8
28/04/21,64.0,35.2,69.12,53.12,72.96,0.67,60.8
29/04/21,64.0,35.2,69.12,53.12,72.96,0.67,60.8
30/04/21,53.0,29.15,57.24,43.99,60.42,0.56,50.35
01/05/21,64.0,35.2,69.12,53.12,72.96,0.67,60.8
02/05/21,48.0,26.4,51.84,39.84,54.72,0.5,45.6
03/05/21,46.0,25.3,49.68,38.18,52.44,0.48,43.7
04/05/21,51.0,28.05,55.08,42.33,58.14,0.54,48.45
05/05/21,42.0,23.1,45.36,34.86,47.88,0.44,39.9
06/05/21,43.0,23.65,46.44,35.69,49.02,0.45,40.85
07/05/21,65.0,35.75,70.2,53.95,74.1,0.68,61.75
08/05/21,51.0,28.05,55.08,42.33,58.14,0.54,48.45
09/05/21,56.0,30.8,60.48,46.48,63.84,0.59,53.2
10/05/21,41.0,22.55,44.28,34.03,46.74,0.43,38.95
11/05/21,49.0,26.95,52.92,40.67,55.86,0.51,46.55
12/05/21,72.0,39.6,77.76,59.76,82.08,0.76,68.4
13/05/21,85.0,46.75,91.8,70.55,96.9,0.89,80.75
14/05/21,94.0,51.7,101.52,78.02,107.16,0.99,89.3
15/05/21,62.0,34.1,66.96,51.46,70.68,0.65,58.9
16/05/21,49.0,26.95,52.92,40.67,55.86,0.51,46.55
17/05/21,59.0,32.45,63.72,48.97,67.26,0.62,56.05
18/05/21,70.0,38.5,75.6,58.1,79.8,0.74,66.5
19/05/21,62.0,34.1,66.96,51.46,70.68,0.65,58.9
20/05/21,53.0,29.15,57.24,43.99,60.42,0.56,50.35
21/05/21,59.0,32.45,63.72,48.97,67.26,0.62,56.05
22/05/21,71.0,39.05,76.68,58.93,80.94,0.75,67.45
23/05/21,103.0,56.65,111.24,85.49,117.42,1.08,97.85
24/05/21,71.0,39.05,76.68,58.93,80.94,0.75,67.45
25/05/21,65.0,35.75,70.2,53.95,74.1,0.68,61.75
26/05/21,56.0,30.8,60.48,46.48,63.84,0.59,53.2
27/05/21,68.0,37.4,73.44,56.44,77.52,0.71,64.6
28/05/21,65.0,35.75,70.2,53.95,74.1,0.68,61.75
29/05/21,67.0,36.85,72.36,55.61,76.38,0.7,63.65
30/05/21,62.0,34.1,66.96,51.46,70.68,0.65,58.9
31/05/21,60.0,33.0,64.8,49.8,68.4,0.63,57.0
01/06/21,64.0,35.2,69.12,53.12,72.96,0.67,60.8
02/06/21,64.0,35.2,69.12,53.12,72.96,0.67,60.8
03/06/21,56.0,30.8,60.48,46.48,63.84,0.59,53.2
04/06/21,44.0,24.2,47.52,36.52,50.16,0.46,41.8
05/06/21,44.0,24.2,47.52,36.52,50.16,0.46,41.8
06/06/21,72.0,39.6,77.76,59.76,82.08,0.76,68.4
07/06/21,74.0,40.7,79.92,61.42,84.36,0.78,70.3
08/06/21,50.0,27.5,54.0,41.5,57.0,0.53,47.5
09/06/21,52.0,28.6,56.16,43.16,59.28,0.55,49.4
10/06/21,70.0,38.5,75.6,58.1,79.8,0.74,66.5
11/06/21,75.0,41.25,81.0,62.25,85.5,0.79,71.25
12/06/21,62.0,34.1,66.96,51.46,70.68,0.65,58.9
13/06/21,46.0,25.3,49.68,38.18,52.44,0.48,43.7
14/06/21,47.0,25.85,50.76,39.01,53.58,0.49,44.65
15/06/21,50.0,27.5,54.0,41.5,57.0,0.53,47.5
16/06/21,65.0,35.75,70.2,53.95,74.1,0.68,61.75
17/06/21,75.0,41.25,81.0,62.25,85.5,0.79,71.25
18/06/21,86.0,47.3,92.88,71.38,98.04,0.9,81.7
19/06/21,90.0,49.5,97.2,74.7,102.6,0.95,85.5
20/06/21,81.0,44.55,87.48,67.23,92.34,0.85,76.95
21/06/21,81.0,44.55,87.48,67.23,92.34,0.85,76.95
22/06/21,70.0,38.5,75.6,58.1,79.8,0.74,66.5
23/06/21,86.0,47.3,92.88,71.38,98.04,0.9,81.7
24/06/21,69.0,37.95,74.52,57.27,78.66,0.72,65.55
25/06/21,77.0,42.35,83.16,63.91,87.78,0.81,73.15
26/06/21,95.0,52.25,102.6,78.85,108.3,1.0,90.25
27/06/21,56.0,30.8,60.48,46.48,63.84,0.59,53.2
28/06/21,55.0,30.25,59.4,45.65,62.7,0.58,52.25
29/06/21,63.0,34.65,68.04,52.29,71.82,0.66,59.85
30/06/21,54.0,29.7,58.32,44.82,61.56,0.57,51.3
01/07/21,58.0,31.9,62.64,48.14,66.12,0.61,55.1
02/07/21,53.0,29.15,57.24,43.99,60.42,0.56,50.35
03/07/21,43.0,23.65,46.44,35.69,49.02,0.45,40.85
04/07/21,60.0,33.0,64.8,49.8,68.4,0.63,57.0
05/07/21,51.0,28.05,55.08,42.33,58.14,0.54,48.45
06/07/21,47.0,25.85,50.76,39.01,53.58,0.49,44.65
07/07/21,55.0,30.25,59.4,45.65,62.7,0.58,52.25
08/07/21,56.0,30.8,60.48,46.48,63.84,0.59,53.2
09/07/21,56.0,30.8,60.48,46.48,63.84,0.59,53.2
10/07/21,54.0,29.7,58.32,44.82,61.56,0.57,51.3
11/07/21,52.0,28.6,56.16,43.16,59.28,0.55,49.4
12/07/21,54.0,29.7,58.32,44.82,61.56,0.57,51.3
13/07/21,69.0,37.95,74.52,57.27,78.66,0.72,65.55
14/07/21,68.0,37.4,73.44,56.44,77.52,0.71,64.6
15/07/21,41.0,22.55,44.28,34.03,46.74,0.43,38.95
16/07/21,48.0,26.4,51.84,39.84,54.72,0.5,45.6
17/07/21,50.0,27.5,54.0,41.5,57.0,0.53,47.5
18/07/21,57.0,31.35,61.56,47.31,64.98,0.6,54.15
19/07/21,50.0,27.5,54.0,41.5,57.0,0.53,47.5
20/07/21,56.0,30.8,60.48,46.48,63.84,0.59,53.2
21/07/21,58.0,31.9,62.64,48.14,66.12,0.61,55.1
22/07/21,64.0,35.2,69.12,53.12,72.96,0.67,60.8
23/07/21,59.0,32.45,63.72,48.97,67.26,0.62,56.05
24/07/21,59.0,32.45,63.72,48.97,67.26,0.62,56.05
25/07/21,69.0,37.95,74.52,57.27,78.66,0.72,65.55
26/07/21,53.0,29.15,57.24,43.99,60.42,0.56,50.35
27/07/21,60.0,33.0,64.8,49.8,68.4,0.63,57.0
28/07/21,65.0,35.75,70.2,53.95,74.1,0.68,61.75
29/07/21,68.0,37.4,73.44,56.44,77.52,0.71,64.6
30/07/21,71.0,39.05,76.68,58.93,80.94,0.75,67.45
31/07/21,70.0,38.5,75.6,58.1,79.8,0.74,66.5
01/08/21,52.0,28.6,56.16,43.16,59.28,0.55,49.4
02/08/21,55.0,30.25,59.4,45.65,62.7,0.58,52.25
03/08/21,59.0,32.45,63.72,48.97,67.26,0.62,56.05
04/08/21,53.0,29.15,57.24,43.99,60.42,0.56,50.35
05/08/21,67.0,36.85,72.36,55.61,76.38,0.7,63.65
06/08/21,59.0,32.45,63.72,48.97,67.26,0.62,56.05
07/08/21,61.0,33.55,65.88,50.63,69.54,0.64,57.95
08/08/21,62.0,34.1,66.96,51.46,70.68,0.65,58.9
09/08/21,53.0,29.15,57.24,43.99,60.42,0.56,50.35
10/08/21,51.0,28.05,55.08,42.33,58.14,0.54,48.45
11/08/21,62.0,34.1,66.96,51.46,70.68,0.65,58.9
12/08/21,67.0,36.85,72.36,55.61,76.38,0.7,63.65
13/08/21,66.0,36.3,71.28,54.78,75.24,0.69,62.7
14/08/21,65.0,35.75,70.2,53.95,74.1,0.68,61.75
15/08/21,68.0,37.4,73.44,56.44,77.52,0.71,64.6
16/08/21,74.0,40.7,79.92,61.42,84.36,0.78,70.3
17/08/21,65.0,35.75,70.2,53.95,74.1,0.68,61.75
18/08/21,66.0,36.3,71.28,54.78,75.24,0.69,62.7
19/08/21,56.0,30.8,60.48,46.48,63.84,0.59,53.2
20/08/21,52.0,28.6,56.16,43.16,59.28,0.55,49.4
21/08/21,60.0,33.0,64.8,49.8,68.4,0.63,57.0
22/08/21,47.0,25.85,50.76,39.01,53.58,0.49,44.65
23/08/21,56.0,30.8,60.48,46.48,63.84,0.59,53.2
24/08/21,64.0,35.2,69.12,53.12,72.96,0.67,60.8
25/08/21,58.0,31.9,62.64,48.14,66.12,0.61,55.1
26/08/21,63.0,34.65,68.04,52.29,71.82,0.66,59.85
27/08/21,58.0,31.9,62.64,48.14,66.12,0.61,55.1
28/08/21,62.0,34.1,66.96,51.46,70.68,0.65,58.9
29/08/21,47.0,25.85,50.76,39.01,53.58,0.49,44.65
30/08/21,60.0,33.0,64.8,49.8,68.4,0.63,57.0
31/08/21,62.0,34.1,66.96,51.46,70.68,0.65,58.9
01/09/21,71.0,39.05,76.68,58.93,80.94,0.75,67.45
02/09/21,68.0,37.4,73.44,56.44,77.52,0.71,64.6
03/09/21,63.0,34.65,68.04,52.29,71.82,0.66,59.85
04/09/21,59.0,32.45,63.72,48.97,67.26,0.62,56.05
05/09/21,52.0,28.6,56.16,43.16,59.28,0.55,49.4
06/09/21,51.0,28.05,55.08,42.33,58.14,0.54,48.45
07/09/21,46.0,25.3,49.68,38.18,52.44,0.48,43.7
08/09/21,52.0,28.6,56.16,43.16,59.28,0.55,49.4
09/09/21,59.0,32.45,63.72,48.97,67.26,0.62,56.05
10/09/21,58.0,31.9,62.64,48.14,66.12,0.61,55.1
11/09/21,63.0,34.65,68.04,52.29,71.82,0.66,59.85
12/09/21,63.0,34.65,68.04,52.29,71.82,0.66,59.85
13/09/21,52.0,28.6,56.16,43.16,59.28,0.55,49.4
14/09/21,58.0,31.9,62.64,48.14,66.12,0.61,55.1
15/09/21,55.0,30.25,59.4,45.65,62.7,0.58,52.25
16/09/21,62.0,34.1,66.96,51.46,70.68,0.65,58.9
17/09/21,62.0,34.1,66.96,51.46,70.68,0.65,58.9
18/09/21,61.0,33.55,65.88,50.63,69.54,0.64,57.95
19/09/21,59.0,32.45,63.72,48.97,67.26,0.62,56.05
20/09/21,48.0,26.4,51.84,39.84,54.72,0.5,45.6
21/09/21,53.0,29.15,57.24,43.99,60.42,0.56,50.35
22/09/21,72.0,39.6,77.76,59.76,82.08,0.76,68.4
23/09/21,61.0,33.55,65.88,50.63,69.54,0.64,57.95
24/09/21,66.0,36.3,71.28,54.78,75.24,0.69,62.7
25/09/21,56.0,30.8,60.48,46.48,63.84,0.59,53.2
26/09/21,55.0,30.25,59.4,45.65,62.7,0.58,52.25
27/09/21,51.0,28.05,55.08,42.33,58.14,0.54,48.45
28/09/21,53.0,29.15,57.24,43.99,60.42,0.56,50.35
29/09/21,79.0,43.45,85.32,65.57,90.06,0.83,75.05
30/09/21,69.0,37.95,74.52,57.27,78.66,0.72,65.55
01/10/21,50.0,27.5,54.0,41.5,57.0,0.53,47.5
02/10/21,41.0,22.55,44.28,34.03,46.74,0.43,38.95
03/10/21,33.0,18.15,35.64,27.39,37.62,0.35,31.35
04/10/21,41.0,22.55,44.28,34.03,46.74,0.43,38.95
05/10/21,45.0,24.75,48.6,37.35,51.3,0.47,42.75
06/10/21,45.0,24.75,48.6,37.35,51.3,0.47,42.75
07/10/21,51.0,28.05,55.08,42.33,58.14,0.54,48.45
08/10/21,55.0,30.25,59.4,45.65,62.7,0.58,52.25
09/10/21,59.0,32.45,63.72,48.97,67.26,0.62,56.05
10/10/21,55.0,30.25,59.4,45.65,62.7,0.58,52.25
11/10/21,62.0,34.1,66.96,51.46,70.68,0.65,58.9
12/10/21,63.0,34.65,68.04,52.29,71.82,0.66,59.85
13/10/21,67.0,36.85,72.36,55.61,76.38,0.7,63.65
14/10/21,65.0,35.75,70.2,53.95,74.1,0.68,61.75
15/10/21,60.0,33.0,64.8,49.8,68.4,0.63,57.0
16/10/21,71.0,39.05,76.68,58.93,80.94,0.75,67.45
17/10/21,48.0,26.4,51.84,39.84,54.72,0.5,45.6
18/10/21,74.0,40.7,79.92,61.42,84.36,0.78,70.3
19/10/21,78.0,42.9,84.24,64.74,88.92,0.82,74.1
20/10/21,78.0,42.9,84.24,64.74,88.92,0.82,74.1
21/10/21,84.0,46.2,90.72,69.72,95.76,0.88,79.8
22/10/21,51.0,28.05,55.08,42.33,58.14,0.54,48.45
23/10/21,46.0,25.3,49.68,38.18,52.44,0.48,43.7
24/10/21,46.0,25.3,49.68,38.18,52.44,0.48,43.7
25/10/21,63.0,34.65,68.04,52.29,71.82,0.66,59.85
26/10/21,94.0,51.7,101.52,78.02,107.16,0.99,89.3
27/10/21,118.0,64.9,127.44,97.94,134.52,1.24,112.1
28/10/21,118.0,64.9,127.44,97.94,134.52,1.24,112.1
29/10/21,91.0,50.05,98.28,75.53,103.74,0.96,86.45
30/10/21,56.0,30.8,60.48,46.48,63.84,0.59,53.2
31/10/21,50.0,27.5,54.0,41.5,57.0,0.53,47.5
01/11/21,48.0,26.4,51.84,39.84,54.72,0.5,45.6
02/11/21,41.0,22.55,44.28,34.03,46.74,0.43,38.95
03/11/21,48.0,26.4,51.84,39.84,54.72,0.5,45.6
04/11/21,89.0,48.95,96.12,73.87,101.46,0.93,84.55
05/11/21,150.0,82.5,162.0,124.5,171.0,1.58,142.5
06/11/21,52.0,28.6,56.16,43.16,59.28,0.55,49.4
07/11/21,49.0,26.95,52.92,40.67,55.86,0.51,46.55
08/11/21,93.0,51.15,100.44,77.19,106.02,0.98,88.35
09/11/21,92.0,50.6,99.36,76.36,104.88,0.97,87.4
10/11/21,90.0,49.5,97.2,74.7,102.6,0.95,85.5
11/11/21,60.0,33.0,64.8,49.8,68.4,0.63,57.0
12/11/21,64.0,35.2,69.12,53.12,72.96,0.67,60.8
13/11/21,52.0,28.6,56.16,43.16,59.28,0.55,49.4
14/11/21,58.0,31.9,62.64,48.14,66.12,0.61,55.1
15/11/21,52.0,28.6,56.16,43.16,59.28,0.55,49.4
16/11/21,64.0,35.2,69.12,53.12,72.96,0.67,60.8
17/11/21,37.0,20.35,39.96,30.71,42.18,0.39,35.15
18/11/21,40.0,22.0,43.2,33.2,45.6,0.42,38.0
19/11/21,39.0,21.45,42.12,32.37,44.46,0.41,37.05
20/11/21,47.0,25.85,50.76,39.01,53.58,0.49,44.65
21/11/21,45.0,24.75,48.6,37.35,51.3,0.47,42.75
22/11/21,56.0,30.8,60.48,46.48,63.84,0.59,53.2
23/11/21,48.0,26.4,51.84,39.84,54.72,0.5,45.6
24/11/21,55.0,30.25,59.4,45.65,62.7,0.58,52.25
25/11/21,56.0,30.8,60.48,46.48,63.84,0.59,53.2
26/11/21,49.0,26.95,52.92,40.67,55.86,0.51,46.55
27/11/21,36.0,19.8,38.88,29.88,41.04,0.38,34.2
28/11/21,36.0,19.8,38.88,29.88,41.04,0.38,34.2
29/11/21,40.0,22.0,43.2,33.2,45.6,0.42,38.0
30/11/21,47.0,25.85,50.76,39.01,53.58,0.49,44.65
01/12/21,59.0,32.45,63.72,48.97,67.26,0.62,56.05
02/12/21,68.0,37.4,73.44,56.44,77.52,0.71,64.6
03/12/21,81.0,44.55,87.48,67.23,92.34,0.85,76.95
04/12/21,90.0,49.5,97.2,74.7,102.6,0.95,85.5
05/12/21,120.0,66.0,129.6,99.6,136.8,1.26,114.0
06/12/21,100.0,55.0,108.0,83.0,114.0,1.05,95.0
07/12/21,95.0,52.25,102.6,78.85,108.3,1.0,90.25
08/12/21,59.0,32.45,63.72,48.97,67.26,0.62,56.05
09/12/21,36.0,19.8,38.88,29.88,41.04,0.38,34.2
10/12/21,48.0,26.4,51.84,39.84,54.72,0.5,45.6
11/12/21,39.0,21.45,42.12,32.37,44.46,0.41,37.05
12/12/21,39.0,21.45,42.12,32.37,44.46,0.41,37.05
13/12/21,42.0,23.1,45.36,34.86,47.88,0.44,39.9
14/12/21,52.0,28.6,56.16,43.16,59.28,0.55,49.4
15/12/21,70.0,38.5,75.6,58.1,79.8,0.74,66.5
16/12/21,101.0,55.55,109.08,83.83,115.14,1.06,95.95
17/12/21,123.0,67.65,132.84,102.09,140.22,1.29,116.85
18/12/21,126.0,69.3,136.08,104.58,143.64,1.32,119.7
19/12/21,102.0,56.1,110.16,84.66,116.28,1.07,96.9
20/12/21,120.0,66.0,129.6,99.6,136.8,1.26,114.0
21/12/21,162.0,89.1,174.96,134.46,184.68,1.7,153.9
22/12/21,149.0,81.95,160.92,123.67,169.86,1.56,141.55
23/12/21,171.0,94.05,184.68,141.93,194.94,1.8,162.45
24/12/21,102.0,56.1,110.16,84.66,116.28,1.07,96.9
25/12/21,99.0,54.45,106.92,82.17,112.86,1.04,94.05
26/12/21,87.0,47.85,93.96,72.21,99.18,0.91,82.65
27/12/21,88.0,48.4,95.04,73.04,100.32,0.92,83.6
28/12/21,62.0,34.1,66.96,51.46,70.68,0.65,58.9
29/12/21,73.0,40.15,78.84,60.59,83.22,0.77,69.35
30/12/21,65.0,35.75,70.2,53.95,74.1,0.68,61.75
31/12/21,70.0,38.5,75.6,58.1,79.8,0.74,66.5
01/01/22,60.0,33.0,64.8,49.8,68.4,0.63,57.0
02/01/22,49.0,26.95,52.92,40.67,55.86,0.51,46.55
03/01/22,68.0,37.4,73.44,56.44,77.52,0.71,64.6
04/01/22,77.0,42.35,83.16,63.91,87.78,0.81,73.15
05/01/22,78.0,42.9,84.24,64.74,88.92,0.82,74.1
06/01/22,66.0,36.3,71.28,54.78,75.24,0.69,62.7
07/01/22,61.0,33.55,65.88,50.63,69.54,0.64,57.95
08/01/22,42.0,23.1,45.36,34.86,47.88,0.44,39.9
09/01/22,50.0,27.5,54.0,41.5,57.0,0.53,47.5
10/01/22,48.0,26.4,51.84,39.84,54.72,0.5,45.6
11/01/22,45.0,24.75,48.6,37.35,51.3,0.47,42.75
12/01/22,50.0,27.5,54.0,41.5,57.0,0.53,47.5
13/01/22,57.0,31.35,61.56,47.31,64.98,0.6,54.15
14/01/22,39.0,21.45,42.12,32.37,44.46,0.41,37.05
15/01/22,37.0,20.35,39.96,30.71,42.18,0.39,35.15
16/01/22,41.0,22.55,44.28,34.03,46.74,0.43,38.95
17/01/22,49.0,26.95,52.92,40.67,55.86,0.51,46.55
18/01/22,56.0,30.8,60.48,46.48,63.84,0.59,53.2
19/01/22,79.0,43.45,85.32,65.57,90.06,0.83,75.05
20/01/22,92.0,50.6,99.36,76.36,104.88,0.97,87.4
21/01/22,90.0,49.5,97.2,74.7,102.6,0.95,85.5
22/01/22,78.0,42.9,84.24,64.74,88.92,0.82,74.1
23/01/22,69.0,37.95,74.52,57.27,78.66,0.72,65.55
24/01/22,55.0,30.25,59.4,45.65,62.7,0.58,52.25
25/01/22,70.0,38.5,75.6,58.1,79.8,0.74,66.5
26/01/22,44.0,24.2,47.52,36.52,50.16,0.46,41.8
27/01/22,50.0,27.5,54.0,41.5,57.0,0.53,47.5
28/01/22,68.0,37.4,73.44,56.44,77.52,0.71,64.6
29/01/22,105.0,57.75,113.4,87.15,119.7,1.1,99.75
30/01/22,105.0,57.75,113.4,87.15,119.7,1.1,99.75
31/01/22,105.0,57.75,113.4,87.15,119.7,1.1,99.75
01/02/22,95.0,52.25,102.6,78.85,108.3,1.0,90.25
02/02/22,75.0,41.25,81.0,62.25,85.5,0.79,71.25
03/02/22,63.0,34.65,68.04,52.29,71.82,0.66,59.85
04/02/22,58.0,31.9,62.64,48.14,66.12,0.61,55.1
05/02/22,62.0,34.1,66.96,51.46,70.68,0.65,58.9
06/02/22,59.0,32.45,63.72,48.97,67.26,0.62,56.05
07/02/22,67.0,36.85,72.36,55.61,76.38,0.7,63.65
08/02/22,83.0,45.65,89.64,68.89,94.62,0.87,78.85
09/02/22,68.0,37.4,73.44,56.44,77.52,0.71,64.6
10/02/22,85.0,46.75,91.8,70.55,96.9,0.89,80.75
11/02/22,69.0,37.95,74.52,57.27,78.66,0.72,65.55
12/02/22,95.0,52.25,102.6,78.85,108.3,1.0,90.25
13/02/22,110.0,60.5,118.8,91.3,125.4,1.16,104.5
14/02/22,114.0,62.7,123.12,94.62,129.96,1.2,108.3
15/02/22,98.0,53.9,105.84,81.34,111.72,1.03,93.1
16/02/22,91.0,50.05,98.28,75.53,103.74,0.96,86.45
17/02/22,100.0,55.0,108.0,83.0,114.0,1.05,95.0
18/02/22,91.0,50.05,98.28,75.53,103.74,0.96,86.45
19/02/22,68.0,37.4,73.44,56.44,77.52,0.71,64.6
20/02/22,112.0,61.6,120.96,92.96,127.68,1.18,106.4
21/02/22,105.0,57.75,113.4,87.15,119.7,1.1,99.75
22/02/22,87.0,47.85,93.96,72.21,99.18,0.91,82.65
23/02/22,62.0,34.1,66.96,51.46,70.68,0.65,58.9
24/02/22,70.0,38.5,75.6,58.1,79.8,0.74,66.5
25/02/22,70.0,38.5,75.6,58.1,79.8,0.74,66.5
26/02/22,68.0,37.4,73.44,56.44,77.52,0.71,64.6
27/02/22,71.0,39.05,76.68,58.93,80.94,0.75,67.45
28/02/22,62.0,34.1,66.96,51.46,70.68,0.65,58.9
01/03/22,68.0,37.4,73.44,56.44,77.52,0.71,64.6
02/03/22,84.0,46.2,90.72,69.72,95.76,0.88,79.8
03/03/22,82.0,45.1,88.56,68.06,93.48,0.86,77.9
04/03/22,92.0,50.6,99.36,76.36,104.88,0.97,87.4
05/03/22,72.0,39.6,77.76,59.76,82.08,0.76,68.4
06/03/22,64.0,35.2,69.12,53.12,72.96,0.67,60.8
07/03/22,60.0,33.0,64.8,49.8,68.4,0.63,57.0
08/03/22,82.0,45.1,88.56,68.06,93.48,0.86,77.9
09/03/22,96.0,52.8,103.68,79.68,109.44,1.01,91.2
10/03/22,86.0,47.3,92.88,71.38,98.04,0.9,81.7
11/03/22,80.0,44.0,86.4,66.4,91.2,0.84,76.0
12/03/22,90.0,49.5,97.2,74.7,102.6,0.95,85.5
13/03/22,89.0,48.95,96.12,73.87,101.46,0.93,84.55
14/03/22,97.0,53.35,104.76,80.51,110.58,1.02,92.15
15/03/22,110.0,60.5,118.8,91.3,125.4,1.16,104.5
16/03/22,103.0,56.65,111.24,85.49,117.42,1.08,97.85
17/03/22,116.0,63.8,125.28,96.28,132.24,1.22,110.2
18/03/22,93.0,51.15,100.44,77.19,106.02,0.98,88.35
19/03/22,63.0,34.65,68.04,52.29,71.82,0.66,59.85
20/03/22,96.0,52.8,103.68,79.68,109.44,1.01,91.2
21/03/22,94.0,51.7,101.52,78.02,107.16,0.99,89.3
22/03/22,102.0,56.1,110.16,84.66,116.28,1.07,96.9
23/03/22,77.0,42.35,83.16,63.91,87.78,0.81,73.15
24/03/22,66.0,36.3,71.28,54.78,75.24,0.69,62.7
25/03/22,60.0,33.0,64.8,49.8,68.4,0.63,57.0
26/03/22,56.0,30.8,60.48,46.48,63.84,0.59,53.2
27/03/22,55.0,30.25,59.4,45.65,62.7,0.58,52.25
28/03/22,47.0,25.85,50.76,39.01,53.58,0.49,44.65
29/03/22,44.0,24.2,47.52,36.52,50.16,0.46,41.8
30/03/22,45.0,24.75,48.6,37.35,51.3,0.47,42.75
31/03/22,45.0,24.75,48.6,37.35,51.3,0.47,42.75
01/04/22,45.0,24.75,48.6,37.35,51.3,0.47,42.75
02/04/22,42.0,23.1,45.36,34.86,47.88,0.44,39.9
03/04/22,44.0,24.2,47.52,36.52,50.16,0.46,41.8
04/04/22,41.0,22.55,44.28,34.03,46.74,0.43,38.95
05/04/22,34.0,18.7,36.72,28.22,38.76,0.36,32.3
06/04/22,44.0,24.2,47.52,36.52,50.16,0.46,41.8
07/04/22,49.0,26.95,52.92,40.67,55.86,0.51,46.55
08/04/22,42.0,23.1,45.36,34.86,47.88,0.44,39.9
09/04/22,43.0,23.65,46.44,35.69,49.02,0.45,40.85
10/04/22,46.0,25.3,49.68,38.18,52.44,0.48,43.7
11/04/22,42.0,23.1,45.36,34.86,47.88,0.44,39.9
12/04/22,35.0,19.25,37.8,29.05,39.9,0.37,33.25
13/04/22,36.0,19.8,38.88,29.88,41.04,0.38,34.2
14/04/22,39.0,21.45,42.12,32.37,44.46,0.41,37.05
15/04/22,35.0,19.25,37.8,29.05,39.9,0.37,33.25
16/04/22,38.0,20.9,41.04,31.54,43.32,0.4,36.1
17/04/22,50.0,27.5,54.0,41.5,57.0,0.53,47.5
18/04/22,47.0,25.85,50.76,39.01,53.58,0.49,44.65
19/04/22,45.0,24.75,48.6,37.35,51.3,0.47,42.75
20/04/22,40.0,22.0,43.2,33.2,45.6,0.42,38.0
21/04/22,39.0,21.45,42.12,32.37,44.46,0.41,37.05
22/04/22,44.0,24.2,47.52,36.52,50.16,0.46,41.8
23/04/22,38.0,20.9,41.04,31.54,43.32,0.4,36.1
24/04/22,43.0,23.65,46.44,35.69,49.02,0.45,40.85
25/04/22,47.0,25.85,50.76,39.01,53.58,0.49,44.65
26/04/22,52.0,28.6,56.16,43.16,59.28,0.55,49.4
27/04/22,43.0,23.65,46.44,35.69,49.02,0.45,40.85
28/04/22,45.0,24.75,48.6,37.35,51.3,0.47,42.75
29/04/22,61.0,33.55,65.88,50.63,69.54,0.64,57.95
30/04/22,46.0,25.3,49.68,38.18,52.44,0.48,43.7
01/05/22,58.0,31.9,62.64,48.14,66.12,0.61,55.1
02/05/22,89.0,48.95,96.12,73.87,101.46,0.93,84.55
03/05/22,84.0,46.2,90.72,69.72,95.76,0.88,79.8
04/05/22,58.0,31.9,62.64,48.14,66.12,0.61,55.1
05/05/22,91.0,50.05,98.28,75.53,103.74,0.96,86.45
06/05/22,56.0,30.8,60.48,46.48,63.84,0.59,53.2
07/05/22,80.0,44.0,86.4,66.4,91.2,0.84,76.0
08/05/22,78.0,42.9,84.24,64.74,88.92,0.82,74.1
09/05/22,94.0,51.7,101.52,78.02,107.16,0.99,89.3
10/05/22,81.0,44.55,87.48,67.23,92.34,0.85,76.95
11/05/22,71.0,39.05,76.68,58.93,80.94,0.75,67.45
12/05/22,61.0,33.55,65.88,50.63,69.54,0.64,57.95
13/05/22,61.0,33.55,65.88,50.63,69.54,0.64,57.95
14/05/22,69.0,37.95,74.52,57.27,78.66,0.72,65.55
15/05/22,69.0,37.95,74.52,57.27,78.66,0.72,65.55
16/05/22,52.0,28.6,56.16,43.16,59.28,0.55,49.4
17/05/22,57.0,31.35,61.56,47.31,64.98,0.6,54.15
18/05/22,57.0,31.35,61.56,47.31,64.98,0.6,54.15
19/05/22,57.0,31.35,61.56,47.31,64.98,0.6,54.15
20/05/22,71.0,39.05,76.68,58.93,80.94,0.75,67.45
21/05/22,79.0,43.45,85.32,65.57,90.06,0.83,75.05
22/05/22,85.0,46.75,91.8,70.55,96.9,0.89,80.75
23/05/22,56.0,30.8,60.48,46.48,63.84,0.59,53.2
24/05/22,73.0,40.15,78.84,60.59,83.22,0.77,69.35
25/05/22,61.0,33.55,65.88,50.63,69.54,0.64,57.95
26/05/22,67.0,36.85,72.36,55.61,76.38,0.7,63.65
27/05/22,67.0,36.85,72.36,55.61,76.38,0.7,63.65
28/05/22,72.0,39.6,77.76,59.76,82.08,0.76,68.4
29/05/22,68.0,37.4,73.44,56.44,77.52,0.71,64.6
30/05/22,58.0,31.9,62.64,48.14,66.12,0.61,55.1
31/05/22,68.0,37.4,73.44,56.44,77.52,0.71,64.6
01/06/22,69.0,37.95,74.52,57.27,78.66,0.72,65.55
02/06/22,75.0,41.25,81.0,62.25,85.5,0.79,71.25
03/06/22,75.0,41.25,81.0,62.25,85.5,0.79,71.25
04/06/22,83.0,45.65,89.64,68.89,94.62,0.87,78.85
05/06/22,71.0,39.05,76.68,58.93,80.94,0.75,67.45
06/06/22,62.0,34.1,66.96,51.46,70.68,0.65,58.9
07/06/22,62.0,34.1,66.96,51.46,70.68,0.65,58.9
08/06/22,68.0,37.4,73.44,56.44,77.52,0.71,64.6
09/06/22,67.0,36.85,72.36,55.61,76.38,0.7,63.65
10/06/22,60.0,33.0,64.8,49.8,68.4,0.63,57.0
11/06/22,69.0,37.95,74.52,57.27,78.66,0.72,65.55
12/06/22,65.0,35.75,70.2,53.95,74.1,0.68,61.75
13/06/22,64.0,35.2,69.12,53.12,72.96,0.67,60.8
14/06/22,54.0,29.7,58.32,44.82,61.56,0.57,51.3
15/06/22,54.0,29.7,58.32,44.82,61.56,0.57,51.3
16/06/22,56.0,30.8,60.48,46.48,63.84,0.59,53.2
17/06/22,54.0,29.7,58.32,44.82,61.56,0.57,51.3
18/06/22,52.0,28.6,56.16,43.16,59.28,0.55,49.4
19/06/22,63.0,34.65,68.04,52.29,71.82,0.66,59.85
20/06/22,58.0,31.9,62.64,48.14,66.12,0.61,55.1
21/06/22,55.0,30.25,59.4,45.65,62.7,0.58,52.25
22/06/22,59.0,32.45,63.72,48.97,67.26,0.62,56.05
23/06/22,63.0,34.65,68.04,52.29,71.82,0.66,59.85
24/06/22,64.0,35.2,69.12,53.12,72.96,0.67,60.8
25/06/22,62.0,34.1,66.96,51.46,70.68,0.65,58.9
26/06/22,64.0,35.2,69.12,53.12,72.96,0.67,60.8
27/06/22,66.0,36.3,71.28,54.78,75.24,0.69,62.7
28/06/22,76.0,41.8,82.08,63.08,86.64,0.8,72.2
29/06/22,84.0,46.2,90.72,69.72,95.76,0.88,79.8
30/06/22,77.0,42.35,83.16,63.91,87.78,0.81,73.15
01/07/22,63.0,34.65,68.04,52.29,71.82,0.66,59.85
02/07/22,53.0,29.15,57.24,43.99,60.42,0.56,50.35
03/07/22,65.0,35.75,70.2,53.95,74.1,0.68,61.75
04/07/22,64.0,35.2,69.12,53.12,72.96,0.67,60.8
05/07/22,52.0,28.6,56.16,43.16,59.28,0.55,49.4
06/07/22,52.0,28.6,56.16,43.16,59.28,0.55,49.4
07/07/22,62.0,34.1,66.96,51.46,70.68,0.65,58.9
08/07/22,65.0,35.75,70.2,53.95,74.1,0.68,61.75
09/07/22,70.0,38.5,75.6,58.1,79.8,0.74,66.5
10/07/22,60.0,33.0,64.8,49.8,68.4,0.63,57.0
11/07/22,50.0,27.5,54.0,41.5,57.0,0.53,47.5
12/07/22,51.0,28.05,55.08,42.33,58.14,0.54,48.45
13/07/22,55.0,30.25,59.4,45.65,62.7,0.58,52.25
14/07/22,53.0,29.15,57.24,43.99,60.42,0.56,50.35
15/07/22,60.0,33.0,64.8,49.8,68.4,0.63,57.0
16/07/22,69.0,37.95,74.52,57.27,78.66,0.72,65.55
17/07/22,47.0,25.85,50.76,39.01,53.58,0.49,44.65
18/07/22,61.0,33.55,65.88,50.63,69.54,0.64,57.95
19/07/22,79.0,43.45,85.32,65.57,90.06,0.83,75.05
20/07/22,76.0,41.8,82.08,63.08,86.64,0.8,72.2
21/07/22,70.0,38.5,75.6,58.1,79.8,0.74,66.5
22/07/22,52.0,28.6,56.16,43.16,59.28,0.55,49.4
23/07/22,65.0,35.75,70.2,53.95,74.1,0.68,61.75
24/07/22,55.0,30.25,59.4,45.65,62.7,0.58,52.25
25/07/22,70.0,38.5,75.6,58.1,79.8,0.74,66.5
26/07/22,54.0,29.7,58.32,44.82,61.56,0.57,51.3
27/07/22,70.0,38.5,75.6,58.1,79.8,0.74,66.5
28/07/22,49.0,26.95,52.92,40.67,55.86,0.51,46.55
29/07/22,51.0,28.05,55.08,42.33,58.14,0.54,48.45
30/07/22,50.0,27.5,54.0,41.5,57.0,0.53,47.5
31/07/22,58.0,31.9,62.64,48.14,66.12,0.61,55.1
01/08/22,61.0,33.55,65.88,50.63,69.54,0.64,57.95
02/08/22,61.0,33.55,65.88,50.63,69.54,0.64,57.95
03/08/22,56.0,30.8,60.48,46.48,63.84,0.59,53.2
04/08/22,84.0,46.2,90.72,69.72,95.76,0.88,79.8
05/08/22,57.0,31.35,61.56,47.31,64.98,0.6,54.15
06/08/22,49.0,26.95,52.92,40.67,55.86,0.51,46.55
07/08/22,54.0,29.7,58.32,44.82,61.56,0.57,51.3
08/08/22,49.0,26.95,52.92,40.67,55.86,0.51,46.55
09/08/22,64.0,35.2,69.12,53.12,72.96,0.67,60.8
10/08/22,68.0,37.4,73.44,56.44,77.52,0.71,64.6
11/08/22,70.0,38.5,75.6,58.1,79.8,0.74,66.5
12/08/22,62.0,34.1,66.96,51.46,70.68,0.65,58.9
13/08/22,66.0,36.3,71.28,54.78,75.24,0.69,62.7
14/08/22,65.0,35.75,70.2,53.95,74.1,0.68,61.75
15/08/22,63.0,34.65,68.04,52.29,71.82,0.66,59.85
16/08/22,60.0,33.0,64.8,49.8,68.4,0.63,57.0
17/08/22,56.0,30.8,60.48,46.48,63.84,0.59,53.2
18/08/22,57.0,31.35,61.56,47.31,64.98,0.6,54.15
19/08/22,62.0,34.1,66.96,51.46,70.68,0.65,58.9
20/08/22,69.0,37.95,74.52,57.27,78.66,0.72,65.55
21/08/22,70.0,38.5,75.6,58.1,79.8,0.74,66.5
22/08/22,43.0,23.65,46.44,35.69,49.02,0.45,40.85
23/08/22,48.0,26.4,51.84,39.84,54.72,0.5,45.6
24/08/22,49.0,26.95,52.92,40.67,55.86,0.51,46.55
25/08/22,62.0,34.1,66.96,51.46,70.68,0.65,58.9
26/08/22,60.0,33.0,64.8,49.8,68.4,0.63,57.0
27/08/22,50.0,27.5,54.0,41.5,57.0,0.53,47.5
28/08/22,48.0,26.4,51.84,39.84,54.72,0.5,45.6
29/08/22,60.0,33.0,64.8,49.8,68.4,0.63,57.0
30/08/22,70.0,38.5,75.6,58.1,79.8,0.74,66.5
31/08/22,49.0,26.95,52.92,40.67,55.86,0.51,46.55
01/09/22,62.0,34.1,66.96,51.46,70.68,0.65,58.9
02/09/22,48.0,26.4,51.84,39.84,54.72,0.5,45.6
03/09/22,58.0,31.9,62.64,48.14,66.12,0.61,55.1
04/09/22,58.0,31.9,62.64,48.14,66.12,0.61,55.1
05/09/22,55.0,30.25,59.4,45.65,62.7,0.58,52.25
06/09/22,57.0,31.35,61.56,47.31,64.98,0.6,54.15
07/09/22,72.0,39.6,77.76,59.76,82.08,0.76,68.4
08/09/22,61.0,33.55,65.88,50.63,69.54,0.64,57.95
09/09/22,74.0,40.7,79.92,61.42,84.36,0.78,70.3
10/09/22,59.0,32.45,63.72,48.97,67.26,0.62,56.05
11/09/22,62.0,34.1,66.96,51.46,70.68,0.65,58.9
12/09/22,69.0,37.95,74.52,57.27,78.66,0.72,65.55
13/09/22,72.0,39.6,77.76,59.76,82.08,0.76,68.4
14/09/22,70.0,38.5,75.6,58.1,79.8,0.74,66.5
15/09/22,80.0,44.0,86.4,66.4,91.2,0.84,76.0
16/09/22,83.0,45.65,89.64,68.89,94.62,0.87,78.85
17/09/22,69.0,37.95,74.52,57.27,78.66,0.72,65.55
18/09/22,64.0,35.2,69.12,53.12,72.96,0.67,60.8
19/09/22,62.0,34.1,66.96,51.46,70.68,0.65,58.9
20/09/22,65.0,35.75,70.2,53.95,74.1,0.68,61.75
21/09/22,85.0,46.75,91.8,70.55,96.9,0.89,80.75
22/09/22,69.0,37.95,74.52,57.27,78.66,0.72,65.55
23/09/22,66.0,36.3,71.28,54.78,75.24,0.69,62.7
24/09/22,70.0,38.5,75.6,58.1,79.8,0.74,66.5
25/09/22,65.0,35.75,70.2,53.95,74.1,0.68,61.75
26/09/22,73.0,40.15,78.84,60.59,83.22,0.77,69.35
27/09/22,73.0,40.15,78.84,60.59,83.22,0.77,69.35
28/09/22,82.0,45.1,88.56,68.06,93.48,0.86,77.9
29/09/22,83.0,45.65,89.64,68.89,94.62,0.87,78.85
30/09/22,72.0,39.6,77.76,59.76,82.08,0.76,68.4
01/10/22,70.0,38.5,75.6,58.1,79.8,0.74,66.5
02/10/22,73.0,40.15,78.84,60.59,83.22,0.77,69.35
03/10/22,90.0,49.5,97.2,74.7,102.6,0.95,85.5
04/10/22,101.0,55.55,109.08,83.83,115.14,1.06,95.95
05/10/22,128.0,70.4,138.24,106.24,145.92,1.34,121.6
06/10/22,96.0,52.8,103.68,79.68,109.44,1.01,91.2
07/10/22,88.0,48.4,95.04,73.04,100.32,0.92,83.6
08/10/22,112.0,61.6,120.96,92.96,127.68,1.18,106.4
09/10/22,67.0,36.85,72.36,55.61,76.38,0.7,63.65
10/10/22,61.0,33.55,65.88,50.63,69.54,0.64,57.95
11/10/22,53.0,29.15,57.24,43.99,60.42,0.56,50.35
12/10/22,58.0,31.9,62.64,48.14,66.12,0.61,55.1
13/10/22,61.0,33.55,65.88,50.63,69.54,0.64,57.95
14/10/22,56.0,30.8,60.48,46.48,63.84,0.59,53.2
15/10/22,63.0,34.65,68.04,52.29,71.82,0.66,59.85
16/10/22,51.0,28.05,55.08,42.33,58.14,0.54,48.45
17/10/22,53.0,29.15,57.24,43.99,60.42,0.56,50.35
18/10/22,66.0,36.3,71.28,54.78,75.24,0.69,62.7
19/10/22,74.0,40.7,79.92,61.42,84.36,0.78,70.3
20/10/22,73.0,40.15,78.84,60.59,83.22,0.77,69.35
21/10/22,66.0,36.3,71.28,54.78,75.24,0.69,62.7
22/10/22,82.0,45.1,88.56,68.06,93.48,0.86,77.9
23/10/22,109.0,59.95,117.72,90.47,124.26,1.14,103.55
24/10/22,193.0,106.15,208.44,160.19,220.02,2.03,183.35
25/10/22,228.0,125.4,246.24,189.24,259.92,2.39,216.6
26/10/22,147.0,80.85,158.76,122.01,167.58,1.54,139.65
27/10/22,105.0,57.75,113.4,87.15,119.7,1.1,99.75
28/10/22,59.0,32.45,63.72,48.97,67.26,0.62,56.05
29/10/22,70.0,38.5,75.6,58.1,79.8,0.74,66.5
30/10/22,74.0,40.7,79.92,61.42,84.36,0.78,70.3
31/10/22,88.0,48.4,95.04,73.04,100.32,0.92,83.6
01/11/22,59.0,32.45,63.72,48.97,67.26,0.62,56.05
02/11/22,50.0,27.5,54.0,41.5,57.0,0.53,47.5
03/11/22,59.0,32.45,63.72,48.97,67.26,0.62,56.05
04/11/22,56.0,30.8,60.48,46.48,63.84,0.59,53.2
05/11/22,44.0,24.2,47.52,36.52,50.16,0.46,41.8
06/11/22,58.0,31.9,62.64,48.14,66.12,0.61,55.1
07/11/22,105.0,57.75,113.4,87.15,119.7,1.1,99.75
08/11/22,82.0,45.1,88.56,68.06,93.48,0.86,77.9
09/11/22,74.0,40.7,79.92,61.42,84.36,0.78,70.3
10/11/22,58.0,31.9,62.64,48.14,66.12,0.61,55.1
11/11/22,46.0,25.3,49.68,38.18,52.44,0.48,43.7
12/11/22,44.0,24.2,47.52,36.52,50.16,0.46,41.8
13/11/22,38.0,20.9,41.04,31.54,43.32,0.4,36.1
14/11/22,43.0,23.65,46.44,35.69,49.02,0.45,40.85
15/11/22,96.0,52.8,103.68,79.68,109.44,1.01,91.2
16/11/22,121.0,66.55,130.68,100.43,137.94,1.27,114.95
17/11/22,142.0,78.1,153.36,117.86,161.88,1.49,134.9
18/11/22,170.0,93.5,183.6,141.1,193.8,1.79,161.5
19/11/22,108.0,59.4,116.64,89.64,123.12,1.13,102.6
20/11/22,120.0,66.0,129.6,99.6,136.8,1.26,114.0
21/11/22,84.0,46.2,90.72,69.72,95.76,0.88,79.8
22/11/22,74.0,40.7,79.92,61.42,84.36,0.78,70.3
23/11/22,62.0,34.1,66.96,51.46,70.68,0.65,58.9
24/11/22,75.0,41.25,81.0,62.25,85.5,0.79,71.25
25/11/22,98.0,53.9,105.84,81.34,111.72,1.03,93.1
26/11/22,86.0,47.3,92.88,71.38,98.04,0.9,81.7
27/11/22,108.0,59.4,116.64,89.64,123.12,1.13,102.6
28/11/22,120.0,66.0,129.6,99.6,136.8,1.26,114.0
29/11/22,142.0,78.1,153.36,117.86,161.88,1.49,134.9
30/11/22,153.0,84.15,165.24,126.99,174.42,1.61,145.35
01/12/22,132.0,72.6,142.56,109.56,150.48,1.39,125.4
02/12/22,77.0,42.35,83.16,63.91,87.78,0.81,73.15
03/12/22,50.0,27.5,54.0,41.5,57.0,0.53,47.5
04/12/22,64.0,35.2,69.12,53.12,72.96,0.67,60.8
05/12/22,127.0,69.85,137.16,105.41,144.78,1.33,120.65
06/12/22,203.0,111.65,219.24,168.49,231.42,2.13,192.85
07/12/22,238.0,130.9,257.04,197.54,271.32,2.5,226.1
08/12/22,203.0,111.65,219.24,168.49,231.42,2.13,192.85
09/12/22,115.0,63.25,124.2,95.45,131.1,1.21,109.25
10/12/22,40.0,22.0,43.2,33.2,45.6,0.42,38.0
11/12/22,45.0,24.75,48.6,37.35,51.3,0.47,42.75
12/12/22,49.0,26.95,52.92,40.67,55.86,0.51,46.55
13/12/22,46.0,25.3,49.68,38.18,52.44,0.48,43.7
14/12/22,58.0,31.9,62.64,48.14,66.12,0.61,55.1
15/12/22,72.0,39.6,77.76,59.76,82.08,0.76,68.4
16/12/22,97.0,53.35,104.76,80.51,110.58,1.02,92.15
17/12/22,123.0,67.65,132.84,102.09,140.22,1.29,116.85
18/12/22,120.0,66.0,129.6,99.6,136.8,1.26,114.0
19/12/22,88.0,48.4,95.04,73.04,100.32,0.92,83.6
20/12/22,110.0,60.5,118.8,91.3,125.4,1.16,104.5
21/12/22,120.0,66.0,129.6,99.6,136.8,1.26,114.0
22/12/22,124.0,68.2,133.92,102.92,141.36,1.3,117.8
23/12/22,172.0,94.6,185.76,142.76,196.08,1.81,163.4
24/12/22,193.0,106.15,208.44,160.19,220.02,2.03,183.35
25/12/22,73.0,40.15,78.84,60.59,83.22,0.77,69.35
26/12/22,34.0,18.7,36.72,28.22,38.76,0.36,32.3
27/12/22,38.0,20.9,41.04,31.54,43.32,0.4,36.1
28/12/22,59.0,32.45,63.72,48.97,67.26,0.62,56.05
29/12/22,57.0,31.35,61.56,47.31,64.98,0.6,54.15
30/12/22,65.0,35.75,70.2,53.95,74.1,0.68,61.75
31/12/22,67.0,36.85,72.36,55.61,76.38,0.7,63.65
01/01/23,104.0,57.2,112.32,86.32,118.56,1.09,98.8
02/01/23,76.0,41.8,82.08,63.08,86.64,0.8,72.2
03/01/23,86.0,47.3,92.88,71.38,98.04,0.9,81.7
04/01/23,99.0,54.45,106.92,82.17,112.86,1.04,94.05
05/01/23,80.0,44.0,86.4,66.4,91.2,0.84,76.0
06/01/23,95.0,52.25,102.6,78.85,108.3,1.0,90.25
07/01/23,101.0,55.55,109.08,83.83,115.14,1.06,95.95
08/01/23,184.0,101.2,198.72,152.72,209.76,1.93,174.8
09/01/23,118.0,64.9,127.44,97.94,134.52,1.24,112.1
10/01/23,140.0,77.0,151.2,116.2,159.6,1.47,133.0
11/01/23,125.0,68.75,135.0,103.75,142.5,1.31,118.75
12/01/23,111.0,61.05,119.88,92.13,126.54,1.17,105.45
13/01/23,106.0,58.3,114.48,87.98,120.84,1.11,100.7
14/01/23,147.0,80.85,158.76,122.01,167.58,1.54,139.65
15/01/23,77.0,42.35,83.16,63.91,87.78,0.81,73.15
16/01/23,65.0,35.75,70.2,53.95,74.1,0.68,61.75
17/01/23,71.0,39.05,76.68,58.93,80.94,0.75,67.45
18/01/23,95.0,52.25,102.6,78.85,108.3,1.0,90.25
19/01/23,115.0,63.25,124.2,95.45,131.1,1.21,109.25
20/01/23,124.0,68.2,133.92,102.92,141.36,1.3,117.8
21/01/23,120.0,66.0,129.6,99.6,136.8,1.26,114.0
22/01/23,114.0,62.7,123.12,94.62,129.96,1.2,108.3
23/01/23,97.0,53.35,104.76,80.51,110.58,1.02,92.15
24/01/23,72.0,39.6,77.76,59.76,82.08,0.76,68.4
25/01/23,100.0,55.0,108.0,83.0,114.0,1.05,95.0
26/01/23,159.0,87.45,171.72,131.97,181.26,1.67,151.05
27/01/23,105.0,57.75,113.4,87.15,119.7,1.1,99.75
28/01/23,113.0,62.15,122.04,93.79,128.82,1.19,107.35
29/01/23,132.0,72.6,142.56,109.56,150.48,1.39,125.4
30/01/23,85.0,46.75,91.8,70.55,96.9,0.89,80.75
31/01/23,96.0,52.8,103.68,79.68,109.44,1.01,91.2
01/02/23,101.0,55.55,109.08,83.83,115.14,1.06,95.95
02/02/23,81.0,44.55,87.48,67.23,92.34,0.85,76.95
03/02/23,95.0,52.25,102.6,78.85,108.3,1.0,90.25
04/02/23,101.0,55.55,109.08,83.83,115.14,1.06,95.95
05/02/23,113.0,62.15,122.04,93.79,128.82,1.19,107.35
06/02/23,108.0,59.4,116.64,89.64,123.12,1.13,102.6
07/02/23,92.0,50.6,99.36,76.36,104.88,0.97,87.4
08/02/23,95.0,52.25,102.6,78.85,108.3,1.0,90.25
09/02/23,96.0,52.8,103.68,79.68,109.44,1.01,91.2
10/02/23,91.0,50.05,98.28,75.53,103.74,0.96,86.45
11/02/23,99.0,54.45,106.92,82.17,112.86,1.04,94.05
12/02/23,136.0,74.8,146.88,112.88,155.04,1.43,129.2
13/02/23,136.0,74.8,146.88,112.88,155.04,1.43,129.2
14/02/23,120.0,66.0,129.6,99.6,136.8,1.26,114.0
15/02/23,105.0,57.75,113.4,87.15,119.7,1.1,99.75
16/02/23,131.0,72.05,141.48,108.73,149.34,1.38,124.45
17/02/23,134.0,73.7,144.72,111.22,152.76,1.41,127.3
18/02/23,126.0,69.3,136.08,104.58,143.64,1.32,119.7
19/02/23,75.0,41.25,81.0,62.25,85.5,0.79,71.25
20/02/23,74.0,40.7,79.92,61.42,84.36,0.78,70.3
21/02/23,97.0,53.35,104.76,80.51,110.58,1.02,92.15
22/02/23,98.0,53.9,105.84,81.34,111.72,1.03,93.1
23/02/23,111.0,61.05,119.88,92.13,126.54,1.17,105.45
24/02/23,78.0,42.9,84.24,64.74,88.92,0.82,74.1
25/02/23,86.0,47.3,92.88,71.38,98.04,0.9,81.7
26/02/23,98.0,53.9,105.84,81.34,111.72,1.03,93.1
27/02/23,98.0,53.9,105.84,81.34,111.72,1.03,93.1
28/02/23,84.0,46.2,90.72,69.72,95.76,0.88,79.8
01/03/23,85.0,46.75,91.8,70.55,96.9,0.89,80.75
02/03/23,92.0,50.6,99.36,76.36,104.88,0.97,87.4
03/03/23,118.0,64.9,127.44,97.94,134.52,1.24,112.1
04/03/23,113.0,62.15,122.04,93.79,128.82,1.19,107.35
05/03/23,91.0,50.05,98.28,75.53,103.74,0.96,86.45
06/03/23,93.0,51.15,100.44,77.19,106.02,0.98,88.35
07/03/23,91.0,50.05,98.28,75.53,103.74,0.96,86.45
08/03/23,74.0,40.7,79.92,61.42,84.36,0.78,70.3
09/03/23,87.0,47.85,93.96,72.21,99.18,0.91,82.65
10/03/23,93.0,51.15,100.44,77.19,106.02,0.98,88.35
11/03/23,94.0,51.7,101.52,78.02,107.16,0.99,89.3
12/03/23,90.0,49.5,97.2,74.7,102.6,0.95,85.5
13/03/23,85.0,46.75,91.8,70.55,96.9,0.89,80.75
14/03/23,90.0,49.5,97.2,74.7,102.6,0.95,85.5
15/03/23,104.0,57.2,112.32,86.32,118.56,1.09,98.8
16/03/23,61.0,33.55,65.88,50.63,69.54,0.64,57.95
17/03/23,61.0,33.55,65.88,50.63,69.54,0.64,57.95
18/03/23,54.0,29.7,58.32,44.82,61.56,0.57,51.3
19/03/23,51.0,28.05,55.08,42.33,58.14,0.54,48.45
20/03/23,46.0,25.3,49.68,38.18,52.44,0.48,43.7
21/03/23,48.0,26.4,51.84,39.84,54.72,0.5,45.6
22/03/23,55.0,30.25,59.4,45.65,62.7,0.58,52.25
23/03/23,43.0,23.65,46.44,35.69,49.02,0.45,40.85
24/03/23,55.0,30.25,59.4,45.65,62.7,0.58,52.25
25/03/23,41.0,22.55,44.28,34.03,46.74,0.43,38.95
26/03/23,39.0,21.45,42.12,32.37,44.46,0.41,37.05
27/03/23,42.0,23.1,45.36,34.86,47.88,0.44,39.9
28/03/23,54.0,29.7,58.32,44.82,61.56,0.57,51.3
29/03/23,58.0,31.9,62.64,48.14,66.12,0.61,55.1
30/03/23,56.0,30.8,60.48,46.48,63.84,0.59,53.2
31/03/23,63.0,34.65,68.04,52.29,71.82,0.66,59.85
01/04/23,65.0,35.75,70.2,53.95,74.1,0.68,61.75
02/04/23,54.0,29.7,58.32,44.82,61.56,0.57,51.3
03/04/23,72.0,39.6,77.76,59.76,82.08,0.76,68.4
04/04/23,53.0,29.15,57.24,43.99,60.42,0.56,50.35
05/04/23,53.0,29.15,57.24,43.99,60.42,0.56,50.35
06/04/23,53.0,29.15,57.24,43.99,60.42,0.56,50.35
07/04/23,42.0,23.1,45.36,34.86,47.88,0.44,39.9
08/04/23,54.0,29.7,58.32,44.82,61.56,0.57,51.3
09/04/23,56.0,30.8,60.48,46.48,63.84,0.59,53.2
10/04/23,60.0,33.0,64.8,49.8,68.4,0.63,57.0
11/04/23,69.0,37.95,74.52,57.27,78.66,0.72,65.55
12/04/23,83.0,45.65,89.64,68.89,94.62,0.87,78.85
13/04/23,103.0,56.65,111.24,85.49,117.42,1.08,97.85
14/04/23,98.0,53.9,105.84,81.34,111.72,1.03,93.1
15/04/23,74.0,40.7,79.92,61.42,84.36,0.78,70.3
16/04/23,78.0,42.9,84.24,64.74,88.92,0.82,74.1
17/04/23,84.0,46.2,90.72,69.72,95.76,0.88,79.8
18/04/23,72.0,39.6,77.76,59.76,82.08,0.76,68.4
19/04/23,75.0,41.25,81.0,62.25,85.5,0.79,71.25
20/04/23,70.0,38.5,75.6,58.1,79.8,0.74,66.5
21/04/23,73.0,40.15,78.84,60.59,83.22,0.77,69.35
22/04/23,65.0,35.75,70.2,53.95,74.1,0.68,61.75
23/04/23,60.0,33.0,64.8,49.8,68.4,0.63,57.0
24/04/23,64.0,35.2,69.12,53.12,72.96,0.67,60.8
25/04/23,51.0,28.05,55.08,42.33,58.14,0.54,48.45
26/04/23,62.0,34.1,66.96,51.46,70.68,0.65,58.9
27/04/23,75.0,41.25,81.0,62.25,85.5,0.79,71.25
28/04/23,58.0,31.9,62.64,48.14,66.12,0.61,55.1
29/04/23,54.0,29.7,58.32,44.82,61.56,0.57,51.3
30/04/23,59.0,32.45,63.72,48.97,67.26,0.62,56.05
01/05/23,59.0,32.45,63.72,48.97,67.26,0.62,56.05
02/05/23,58.0,31.9,62.64,48.14,66.12,0.61,55.1
03/05/23,59.0,32.45,63.72,48.97,67.26,0.62,56.05
04/05/23,59.0,32.45,63.72,48.97,67.26,0.62,56.05
05/05/23,62.0,34.1,66.96,51.46,70.68,0.65,58.9
06/05/23,64.0,35.2,69.12,53.12,72.96,0.67,60.8
07/05/23,66.0,36.3,71.28,54.78,75.24,0.69,62.7
08/05/23,65.0,35.75,70.2,53.95,74.1,0.68,61.75
09/05/23,67.0,36.85,72.36,55.61,76.38,0.7,63.65
10/05/23,58.0,31.9,62.64,48.14,66.12,0.61,55.1
11/05/23,82.0,45.1,88.56,68.06,93.48,0.86,77.9
12/05/23,111.0,61.05,119.88,92.13,126.54,1.17,105.45
13/05/23,89.0,48.95,96.12,73.87,101.46,0.93,84.55
14/05/23,101.0,55.55,109.08,83.83,115.14,1.06,95.95
15/05/23,92.0,50.6,99.36,76.36,104.88,0.97,87.4
16/05/23,83.0,45.65,89.64,68.89,94.62,0.87,78.85
17/05/23,88.0,48.4,95.04,73.04,100.32,0.92,83.6
18/05/23,71.0,39.05,76.68,58.93,80.94,0.75,67.45
19/05/23,83.0,45.65,89.64,68.89,94.62,0.87,78.85
20/05/23,76.0,41.8,82.08,63.08,86.64,0.8,72.2
21/05/23,65.0,35.75,70.2,53.95,74.1,0.68,61.75
22/05/23,68.0,37.4,73.44,56.44,77.52,0.71,64.6
23/05/23,75.0,41.25,81.0,62.25,85.5,0.79,71.25
24/05/23,72.0,39.6,77.76,59.76,82.08,0.76,68.4
25/05/23,67.0,36.85,72.36,55.61,76.38,0.7,63.65
26/05/23,79.0,43.45,85.32,65.57,90.06,0.83,75.05
27/05/23,75.0,41.25,81.0,62.25,85.5,0.79,71.25
28/05/23,86.0,47.3,92.88,71.38,98.04,0.9,81.7
29/05/23,76.0,41.8,82.08,63.08,86.64,0.8,72.2
30/05/23,70.0,38.5,75.6,58.1,79.8,0.74,66.5
31/05/23,83.0,45.65,89.64,68.89,94.62,0.87,78.85
01/06/23,82.0,45.1,88.56,68.06,93.48,0.86,77.9
02/06/23,90.0,49.5,97.2,74.7,102.6,0.95,85.5
03/06/23,92.0,50.6,99.36,76.36,104.88,0.97,87.4
04/06/23,80.0,44.0,86.4,66.4,91.2,0.84,76.0
05/06/23,88.0,48.4,95.04,73.04,100.32,0.92,83.6
06/06/23,70.0,38.5,75.6,58.1,79.8,0.74,66.5
07/06/23,72.0,39.6,77.76,59.76,82.08,0.76,68.4
08/06/23,73.0,40.15,78.84,60.59,83.22,0.77,69.35
09/06/23,69.0,37.95,74.52,57.27,78.66,0.72,65.55
10/06/23,67.0,36.85,72.36,55.61,76.38,0.7,63.65
11/06/23,67.0,36.85,72.36,55.61,76.38,0.7,63.65
12/06/23,54.0,29.7,58.32,44.82,61.56,0.57,51.3
13/06/23,58.0,31.9,62.64,48.14,66.12,0.61,55.1
14/06/23,73.0,40.15,78.84,60.59,83.22,0.77,69.35
15/06/23,84.0,46.2,90.72,69.72,95.76,0.88,79.8
16/06/23,78.0,42.9,84.24,64.74,88.92,0.82,74.1
17/06/23,78.0,42.9,84.24,64.74,88.92,0.82,74.1
18/06/23,66.0,36.3,71.28,54.78,75.24,0.69,62.7
19/06/23,50.0,27.5,54.0,41.5,57.0,0.53,47.5
20/06/23,57.0,31.35,61.56,47.31,64.98,0.6,54.15
21/06/23,62.0,34.1,66.96,51.46,70.68,0.65,58.9
22/06/23,76.0,41.8,82.08,63.08,86.64,0.8,72.2
23/06/23,73.0,40.15,78.84,60.59,83.22,0.77,69.35
24/06/23,62.0,34.1,66.96,51.46,70.68,0.65,58.9
25/06/23,73.0,40.15,78.84,60.59,83.22,0.77,69.35
26/06/23,76.0,41.8,82.08,63.08,86.64,0.8,72.2
27/06/23,64.0,35.2,69.12,53.12,72.96,0.67,60.8
28/06/23,60.0,33.0,64.8,49.8,68.4,0.63,57.0
29/06/23,76.0,41.8,82.08,63.08,86.64,0.8,72.2
30/06/23,57.0,31.35,61.56,47.31,64.98,0.6,54.15
01/07/23,61.0,33.55,65.88,50.63,69.54,0.64,57.95
02/07/23,75.0,41.25,81.0,62.25,85.5,0.79,71.25
03/07/23,58.0,31.9,62.64,48.14,66.12,0.61,55.1
04/07/23,56.0,30.8,60.48,46.48,63.84,0.59,53.2
05/07/23,64.0,35.2,69.12,53.12,72.96,0.67,60.8
06/07/23,66.0,36.3,71.28,54.78,75.24,0.69,62.7
07/07/23,82.0,45.1,88.56,68.06,93.48,0.86,77.9
08/07/23,63.0,34.65,68.04,52.29,71.82,0.66,59.85
09/07/23,73.0,40.15,78.84,60.59,83.22,0.77,69.35
10/07/23,48.0,26.4,51.84,39.84,54.72,0.5,45.6
11/07/23,52.0,28.6,56.16,43.16,59.28,0.55,49.4
12/07/23,76.0,41.8,82.08,63.08,86.64,0.8,72.2
13/07/23,69.0,37.95,74.52,57.27,78.66,0.72,65.55
14/07/23,78.0,42.9,84.24,64.74,88.92,0.82,74.1
15/07/23,77.0,42.35,83.16,63.91,87.78,0.81,73.15
16/07/23,81.0,44.55,87.48,67.23,92.34,0.85,76.95
17/07/23,78.0,42.9,84.24,64.74,88.92,0.82,74.1
18/07/23,96.0,52.8,103.68,79.68,109.44,1.01,91.2
19/07/23,87.0,47.85,93.96,72.21,99.18,0.91,82.65
20/07/23,88.0,48.4,95.04,73.04,100.32,0.92,83.6
21/07/23,107.0,58.85,115.56,88.81,121.98,1.12,101.65
22/07/23,101.0,55.55,109.08,83.83,115.14,1.06,95.95
23/07/23,61.0,33.55,65.88,50.63,69.54,0.64,57.95
24/07/23,67.0,36.85,72.36,55.61,76.38,0.7,63.65
25/07/23,66.0,36.3,71.28,54.78,75.24,0.69,62.7
26/07/23,58.0,31.9,62.64,48.14,66.12,0.61,55.1
27/07/23,64.0,35.2,69.12,53.12,72.96,0.67,60.8
28/07/23,93.0,51.15,100.44,77.19,106.02,0.98,88.35
29/07/23,96.0,52.8,103.68,79.68,109.44,1.01,91.2
30/07/23,85.0,46.75,91.8,70.55,96.9,0.89,80.75
31/07/23,74.0,40.7,79.92,61.42,84.36,0.78,70.3
01/08/23,79.0,43.45,85.32,65.57,90.06,0.83,75.05
02/08/23,99.0,54.45,106.92,82.17,112.86,1.04,94.05
03/08/23,95.0,52.25,102.6,78.85,108.3,1.0,90.25
04/08/23,87.0,47.85,93.96,72.21,99.18,0.91,82.65
05/08/23,79.0,43.45,85.32,65.57,90.06,0.83,75.05
06/08/23,78.0,42.9,84.24,64.74,88.92,0.82,74.1
07/08/23,56.0,30.8,60.48,46.48,63.84,0.59,53.2
08/08/23,66.0,36.3,71.28,54.78,75.24,0.69,62.7
09/08/23,79.0,43.45,85.32,65.57,90.06,0.83,75.05
10/08/23,82.0,45.1,88.56,68.06,93.48,0.86,77.9
11/08/23,61.0,33.55,65.88,50.63,69.54,0.64,57.95
12/08/23,74.0,40.7,79.92,61.42,84.36,0.78,70.3
13/08/23,69.0,37.95,74.52,57.27,78.66,0.72,65.55
14/08/23,54.0,29.7,58.32,44.82,61.56,0.57,51.3
15/08/23,67.0,36.85,72.36,55.61,76.38,0.7,63.65
16/08/23,71.0,39.05,76.68,58.93,80.94,0.75,67.45
17/08/23,77.0,42.35,83.16,63.91,87.78,0.81,73.15
18/08/23,61.0,33.55,65.88,50.63,69.54,0.64,57.95
19/08/23,65.0,35.75,70.2,53.95,74.1,0.68,61.75
20/08/23,62.0,34.1,66.96,51.46,70.68,0.65,58.9
21/08/23,65.0,35.75,70.2,53.95,74.1,0.68,61.75
22/08/23,68.0,37.4,73.44,56.44,77.52,0.71,64.6
23/08/23,74.0,40.7,79.92,61.42,84.36,0.78,70.3
24/08/23,65.0,35.75,70.2,53.95,74.1,0.68,61.75
25/08/23,78.0,42.9,84.24,64.74,88.92,0.82,74.1
26/08/23,68.0,37.4,73.44,56.44,77.52,0.71,64.6
27/08/23,73.0,40.15,78.84,60.59,83.22,0.77,69.35
28/08/23,78.0,42.9,84.24,64.74,88.92,0.82,74.1
29/08/23,66.0,36.3,71.28,54.78,75.24,0.69,62.7
30/08/23,88.0,48.4,95.04,73.04,100.32,0.92,83.6
31/08/23,69.0,37.95,74.52,57.27,78.66,0.72,65.55
01/09/23,71.0,39.05,76.68,58.93,80.94,0.75,67.45
02/09/23,77.0,42.35,83.16,63.91,87.78,0.81,73.15
03/09/23,63.0,34.65,68.04,52.29,71.82,0.66,59.85
04/09/23,53.0,29.15,57.24,43.99,60.42,0.56,50.35
05/09/23,70.0,38.5,75.6,58.1,79.8,0.74,66.5
06/09/23,63.0,34.65,68.04,52.29,71.82,0.66,59.85
07/09/23,71.0,39.05,76.68,58.93,80.94,0.75,67.45
08/09/23,51.0,28.05,55.08,42.33,58.14,0.54,48.45
09/09/23,83.0,45.65,89.64,68.89,94.62,0.87,78.85
10/09/23,63.0,34.65,68.04,52.29,71.82,0.66,59.85
11/09/23,54.0,29.7,58.32,44.82,61.56,0.57,51.3
12/09/23,63.0,34.65,68.04,52.29,71.82,0.66,59.85
13/09/23,57.0,31.35,61.56,47.31,64.98,0.6,54.15
14/09/23,81.0,44.55,87.48,67.23,92.34,0.85,76.95
15/09/23,55.0,30.25,59.4,45.65,62.7,0.58,52.25
16/09/23,54.0,29.7,58.32,44.82,61.56,0.57,51.3
17/09/23,62.0,34.1,66.96,51.46,70.68,0.65,58.9
18/09/23,45.0,24.75,48.6,37.35,51.3,0.47,42.75
19/09/23,50.0,27.5,54.0,41.5,57.0,0.53,47.5
20/09/23,59.0,32.45,63.72,48.97,67.26,0.62,56.05
21/09/23,64.0,35.2,69.12,53.12,72.96,0.67,60.8
22/09/23,54.0,29.7,58.32,44.82,61.56,0.57,51.3
23/09/23,56.0,30.8,60.48,46.48,63.84,0.59,53.2
24/09/23,49.0,26.95,52.92,40.67,55.86,0.51,46.55
25/09/23,49.0,26.95,52.92,40.67,55.86,0.51,46.55
26/09/23,71.0,39.05,76.68,58.93,80.94,0.75,67.45
27/09/23,84.0,46.2,90.72,69.72,95.76,0.88,79.8
28/09/23,49.0,26.95,52.92,40.67,55.86,0.51,46.55
29/09/23,57.0,31.35,61.56,47.31,64.98,0.6,54.15
30/09/23,57.0,31.35,61.56,47.31,64.98,0.6,54.15
01/10/23,57.0,31.35,61.56,47.31,64.98,0.6,54.15
02/10/23,46.0,25.3,49.68,38.18,52.44,0.48,43.7
03/10/23,56.0,30.8,60.48,46.48,63.84,0.59,53.2
04/10/23,68.0,37.4,73.44,56.44,77.52,0.71,64.6
05/10/23,77.0,42.35,83.16,63.91,87.78,0.81,73.15
06/10/23,76.0,41.8,82.08,63.08,86.64,0.8,72.2
07/10/23,73.0,40.15,78.84,60.59,83.22,0.77,69.35
08/10/23,52.0,28.6,56.16,43.16,59.28,0.55,49.4
09/10/23,47.0,25.85,50.76,39.01,53.58,0.49,44.65
10/10/23,52.0,28.6,56.16,43.16,59.28,0.55,49.4
11/10/23,70.0,38.5,75.6,58.1,79.8,0.74,66.5
12/10/23,55.0,30.25,59.4,45.65,62.7,0.58,52.25
13/10/23,79.0,43.45,85.32,65.57,90.06,0.83,75.05
14/10/23,69.0,37.95,74.52,57.27,78.66,0.72,65.55
15/10/23,75.0,41.25,81.0,62.25,85.5,0.79,71.25
16/10/23,73.0,40.15,78.84,60.59,83.22,0.77,69.35
17/10/23,79.0,43.45,85.32,65.57,90.06,0.83,75.05
18/10/23,109.0,59.95,117.72,90.47,124.26,1.14,103.55
19/10/23,120.0,66.0,129.6,99.6,136.8,1.26,114.0
20/10/23,97.0,53.35,104.76,80.51,110.58,1.02,92.15
21/10/23,90.0,49.5,97.2,74.7,102.6,0.95,85.5
22/10/23,82.0,45.1,88.56,68.06,93.48,0.86,77.9
23/10/23,109.0,59.95,117.72,90.47,124.26,1.14,103.55
24/10/23,121.0,66.55,130.68,100.43,137.94,1.27,114.95
25/10/23,127.0,69.85,137.16,105.41,144.78,1.33,120.65
26/10/23,120.0,66.0,129.6,99.6,136.8,1.26,114.0
27/10/23,102.0,56.1,110.16,84.66,116.28,1.07,96.9
28/10/23,67.0,36.85,72.36,55.61,76.38,0.7,63.65
29/10/23,60.0,33.0,64.8,49.8,68.4,0.63,57.0
30/10/23,65.0,35.75,70.2,53.95,74.1,0.68,61.75
31/10/23,129.0,70.95,139.32,107.07,147.06,1.35,122.55
01/11/23,93.0,51.15,100.44,77.19,106.02,0.98,88.35
02/11/23,61.0,33.55,65.88,50.63,69.54,0.64,57.95
03/11/23,57.0,31.35,61.56,47.31,64.98,0.6,54.15
04/11/23,59.0,32.45,63.72,48.97,67.26,0.62,56.05
05/11/23,33.0,18.15,35.64,27.39,37.62,0.35,31.35
06/11/23,40.0,22.0,43.2,33.2,45.6,0.42,38.0
07/11/23,49.0,26.95,52.92,40.67,55.86,0.51,46.55
08/11/23,73.0,40.15,78.84,60.59,83.22,0.77,69.35
09/11/23,69.0,37.95,74.52,57.27,78.66,0.72,65.55
10/11/23,83.0,45.65,89.64,68.89,94.62,0.87,78.85
11/11/23,115.0,63.25,124.2,95.45,131.1,1.21,109.25
12/11/23,178.0,97.9,192.24,147.74,202.92,1.87,169.1
13/11/23,245.0,134.75,264.6,203.35,279.3,2.57,232.75
14/11/23,111.0,61.05,119.88,92.13,126.54,1.17,105.45
15/11/23,66.0,36.3,71.28,54.78,75.24,0.69,62.7
16/11/23,90.0,49.5,97.2,74.7,102.6,0.95,85.5
17/11/23,97.0,53.35,104.76,80.51,110.58,1.02,92.15
18/11/23,57.0,31.35,61.56,47.31,64.98,0.6,54.15
19/11/23,50.0,27.5,54.0,41.5,57.0,0.53,47.5
20/11/23,50.0,27.5,54.0,41.5,57.0,0.53,47.5
21/11/23,55.0,30.25,59.4,45.65,62.7,0.58,52.25
22/11/23,45.0,24.75,48.6,37.35,51.3,0.47,42.75
23/11/23,49.0,26.95,52.92,40.67,55.86,0.51,46.55
24/11/23,41.0,22.55,44.28,34.03,46.74,0.43,38.95
25/11/23,46.0,25.3,49.68,38.18,52.44,0.48,43.7
26/11/23,72.0,39.6,77.76,59.76,82.08,0.76,68.4
27/11/23,51.0,28.05,55.08,42.33,58.14,0.54,48.45
28/11/23,44.0,24.2,47.52,36.52,50.16,0.46,41.8
29/11/23,43.0,23.65,46.44,35.69,49.02,0.45,40.85
30/11/23,41.0,22.55,44.28,34.03,46.74,0.43,38.95
01/12/23,42.0,23.1,45.36,34.86,47.88,0.44,39.9
02/12/23,65.0,35.75,70.2,53.95,74.1,0.68,61.75
03/12/23,46.0,25.3,49.68,38.18,52.44,0.48,43.7
04/12/23,36.0,19.8,38.88,29.88,41.04,0.38,34.2
07/12/23,38.0,20.9,41.04,31.54,43.32,0.4,36.1
08/12/23,57.0,31.35,61.56,47.31,64.98,0.6,54.15
09/12/23,70.0,38.5,75.6,58.1,79.8,0.74,66.5
10/12/23,88.0,48.4,95.04,73.04,100.32,0.92,83.6
11/12/23,82.0,45.1,88.56,68.06,93.48,0.86,77.9
12/12/23,70.0,38.5,75.6,58.1,79.8,0.74,66.5
13/12/23,114.0,62.7,123.12,94.62,129.96,1.2,108.3
14/12/23,87.0,47.85,93.96,72.21,99.18,0.91,82.65
15/12/23,110.0,60.5,118.8,91.3,125.4,1.16,104.5
16/12/23,92.0,50.6,99.36,76.36,104.88,0.97,87.4
17/12/23,74.0,40.7,79.92,61.42,84.36,0.78,70.3
18/12/23,77.0,42.35,83.16,63.91,87.78,0.81,73.15
19/12/23,100.0,55.0,108.0,83.0,114.0,1.05,95.0
20/12/23,96.0,52.8,103.68,79.68,109.44,1.01,91.2
21/12/23,140.0,77.0,151.2,116.2,159.6,1.47,133.0
22/12/23,172.0,94.6,185.76,142.76,196.08,1.81,163.4
23/12/23,138.0,75.9,149.04,114.54,157.32,1.45,131.1
24/12/23,130.0,71.5,140.4,107.9,148.2,1.37,123.5
25/12/23,88.0,48.4,95.04,73.04,100.32,0.92,83.6
26/12/23,77.0,42.35,83.16,63.91,87.78,0.81,73.15
27/12/23,74.0,40.7,79.92,61.42,84.36,0.78,70.3
28/12/23,70.0,38.5,75.6,58.1,79.8,0.74,66.5
29/12/23,66.0,36.3,71.28,54.78,75.24,0.69,62.7
30/12/23,71.0,39.05,76.68,58.93,80.94,0.75,67.45
31/12/23,93.0,51.15,100.44,77.19,106.02,0.98,88.35
01/01/24,142.0,78.1,153.36,117.86,161.88,1.49,134.9
02/01/24,101.0,55.55,109.08,83.83,115.14,1.06,95.95
03/01/24,119.0,65.45,128.52,98.77,135.66,1.25,113.05
04/01/24,107.0,58.85,115.56,88.81,121.98,1.12,101.65
05/01/24,92.0,50.6,99.36,76.36,104.88,0.97,87.4
06/01/24,71.0,39.05,76.68,58.93,80.94,0.75,67.45
07/01/24,66.0,36.3,71.28,54.78,75.24,0.69,62.7
08/01/24,67.0,36.85,72.36,55.61,76.38,0.7,63.65
09/01/24,80.0,44.0,86.4,66.4,91.2,0.84,76.0
10/01/24,81.0,44.55,87.48,67.23,92.34,0.85,76.95
11/01/24,94.0,51.7,101.52,78.02,107.16,0.99,89.3
12/01/24,114.0,62.7,123.12,94.62,129.96,1.2,108.3
13/01/24,136.0,74.8,146.88,112.88,155.04,1.43,129.2
14/01/24,231.0,127.05,249.48,191.73,263.34,2.43,219.45
15/01/24,176.0,96.8,190.08,146.08,200.64,1.85,167.2
16/01/24,113.0,62.15,122.04,93.79,128.82,1.19,107.35
17/01/24,78.0,42.9,84.24,64.74,88.92,0.82,74.1
18/01/24,76.0,41.8,82.08,63.08,86.64,0.8,72.2
19/01/24,74.0,40.7,79.92,61.42,84.36,0.78,70.3
20/01/24,81.0,44.55,87.48,67.23,92.34,0.85,76.95
21/01/24,79.0,43.45,85.32,65.57,90.06,0.83,75.05
22/01/24,72.0,39.6,77.76,59.76,82.08,0.76,68.4
23/01/24,99.0,54.45,106.92,82.17,112.86,1.04,94.05
24/01/24,123.0,67.65,132.84,102.09,140.22,1.29,116.85
25/01/24,108.0,59.4,116.64,89.64,123.12,1.13,102.6
26/01/24,108.0,59.4,116.64,89.64,123.12,1.13,102.6
27/01/24,95.0,52.25,102.6,78.85,108.3,1.0,90.25
28/01/24,96.0,52.8,103.68,79.68,109.44,1.01,91.2
29/01/24,122.0,67.1,131.76,101.26,139.08,1.28,115.9
30/01/24,122.0,67.1,131.76,101.26,139.08,1.28,115.9
31/01/24,98.0,53.9,105.84,81.34,111.72,1.03,93.1
01/02/24,55.0,30.25,59.4,45.65,62.7,0.58,52.25
02/02/24,39.0,21.45,42.12,32.37,44.46,0.41,37.05
03/02/24,69.0,37.95,74.52,57.27,78.66,0.72,65.55
04/02/24,72.0,39.6,77.76,59.76,82.08,0.76,68.4
05/02/24,72.0,39.6,77.76,59.76,82.08,0.76,68.4
06/02/24,88.0,48.4,95.04,73.04,100.32,0.92,83.6
07/02/24,109.0,59.95,117.72,90.47,124.26,1.14,103.55
08/02/24,93.0,51.15,100.44,77.19,106.02,0.98,88.35
09/02/24,83.0,45.65,89.64,68.89,94.62,0.87,78.85
10/02/24,85.0,46.75,91.8,70.55,96.9,0.89,80.75
11/02/24,100.0,55.0,108.0,83.0,114.0,1.05,95.0
12/02/24,69.0,37.95,74.52,57.27,78.66,0.72,65.55
13/02/24,68.0,37.4,73.44,56.44,77.52,0.71,64.6
14/02/24,63.0,34.65,68.04,52.29,71.82,0.66,59.85
15/02/24,88.0,48.4,95.04,73.04,100.32,0.92,83.6
16/02/24,84.0,46.2,90.72,69.72,95.76,0.88,79.8
17/02/24,84.0,46.2,90.72,69.72,95.76,0.88,79.8
18/02/24,87.0,47.85,93.96,72.21,99.18,0.91,82.65
19/02/24,86.0,47.3,92.88,71.38,98.04,0.9,81.7
20/02/24,100.0,55.0,108.0,83.0,114.0,1.05,95.0
21/02/24,98.0,53.9,105.84,81.34,111.72,1.03,93.1
22/02/24,89.0,48.95,96.12,73.87,101.46,0.93,84.55
23/02/24,82.0,45.1,88.56,68.06,93.48,0.86,77.9
24/02/24,72.0,39.6,77.76,59.76,82.08,0.76,68.4
25/02/24,69.0,37.95,74.52,57.27,78.66,0.72,65.55
26/02/24,64.0,35.2,69.12,53.12,72.96,0.67,60.8
27/02/24,65.0,35.75,70.2,53.95,74.1,0.68,61.75
28/02/24,72.0,39.6,77.76,59.76,82.08,0.76,68.4
29/02/24,77.0,42.35,83.16,63.91,87.78,0.81,73.15
01/03/24,83.0,45.65,89.64,68.89,94.62,0.87,78.85
02/03/24,101.0,55.55,109.08,83.83,115.14,1.06,95.95
03/03/24,80.0,44.0,86.4,66.4,91.2,0.84,76.0
04/03/24,84.0,46.2,90.72,69.72,95.76,0.88,79.8
05/03/24,76.0,41.8,82.08,63.08,86.64,0.8,72.2
06/03/24,90.0,49.5,97.2,74.7,102.6,0.95,85.5
07/03/24,81.0,44.55,87.48,67.23,92.34,0.85,76.95
08/03/24,83.0,45.65,89.64,68.89,94.62,0.87,78.85
09/03/24,90.0,49.5,97.2,74.7,102.6,0.95,85.5
10/03/24,78.0,42.9,84.24,64.74,88.92,0.82,74.1
11/03/24,77.0,42.35,83.16,63.91,87.78,0.81,73.15
12/03/24,77.0,42.35,83.16,63.91,87.78,0.81,73.15
13/03/24,85.0,46.75,91.8,70.55,96.9,0.89,80.75
14/03/24,88.0,48.4,95.04,73.04,100.32,0.92,83.6
15/03/24,76.0,41.8,82.08,63.08,86.64,0.8,72.2
16/03/24,67.0,36.85,72.36,55.61,76.38,0.7,63.65
17/03/24,54.0,29.7,58.32,44.82,61.56,0.57,51.3
18/03/24,52.0,28.6,56.16,43.16,59.28,0.55,49.4
19/03/24,62.0,34.1,66.96,51.46,70.68,0.65,58.9
20/03/24,83.0,45.65,89.64,68.89,94.62,0.87,78.85
21/03/24,67.0,36.85,72.36,55.61,76.38,0.7,63.65
22/03/24,70.0,38.5,75.6,58.1,79.8,0.74,66.5
23/03/24,73.0,40.15,78.84,60.59,83.22,0.77,69.35
24/03/24,71.0,39.05,76.68,58.93,80.94,0.75,67.45
25/03/24,63.0,34.65,68.04,52.29,71.82,0.66,59.85
26/03/24,64.0,35.2,69.12,53.12,72.96,0.67,60.8
27/03/24,69.0,37.95,74.52,57.27,78.66,0.72,65.55
28/03/24,64.0,35.2,69.12,53.12,72.96,0.67,60.8
29/03/24,58.0,31.9,62.64,48.14,66.12,0.61,55.1
30/03/24,58.0,31.9,62.64,48.14,66.12,0.61,55.1
31/03/24,58.0,31.9,62.64,48.14,66.12,0.61,55.1
01/04/24,46.0,25.3,49.68,38.18,52.44,0.48,43.7
02/04/24,56.0,30.8,60.48,46.48,63.84,0.59,53.2
03/04/24,64.0,35.2,69.12,53.12,72.96,0.67,60.8
04/04/24,66.0,36.3,71.28,54.78,75.24,0.69,62.7
05/04/24,62.0,34.1,66.96,51.46,70.68,0.65,58.9
06/04/24,59.0,32.45,63.72,48.97,67.26,0.62,56.05
07/04/24,65.0,35.75,70.2,53.95,74.1,0.68,61.75
08/04/24,62.0,34.1,66.96,51.46,70.68,0.65,58.9
09/04/24,62.0,34.1,66.96,51.46,70.68,0.65,58.9
10/04/24,75.0,41.25,81.0,62.25,85.5,0.79,71.25
11/04/24,63.0,34.65,68.04,52.29,71.82,0.66,59.85
12/04/24,61.0,33.55,65.88,50.63,69.54,0.64,57.95
13/04/24,62.0,34.1,66.96,51.46,70.68,0.65,58.9
14/04/24,79.0,43.45,85.32,65.57,90.06,0.83,75.05
15/04/24,67.0,36.85,72.36,55.61,76.38,0.7,63.65
16/04/24,69.0,37.95,74.52,57.27,78.66,0.72,65.55
17/04/24,77.0,42.35,83.16,63.91,87.78,0.81,73.15
18/04/24,54.0,29.7,58.32,44.82,61.56,0.57,51.3
19/04/24,57.0,31.35,61.56,47.31,64.98,0.6,54.15
20/04/24,58.0,31.9,62.64,48.14,66.12,0.61,55.1
21/04/24,64.0,35.2,69.12,53.12,72.96,0.67,60.8
22/04/24,56.0,30.8,60.48,46.48,63.84,0.59,53.2
23/04/24,58.0,31.9,62.64,48.14,66.12,0.61,55.1
24/04/24,58.0,31.9,62.64,48.14,66.12,0.61,55.1
25/04/24,56.0,30.8,60.48,46.48,63.84,0.59,53.2
26/04/24,60.0,33.0,64.8,49.8,68.4,0.63,57.0
27/04/24,64.0,35.2,69.12,53.12,72.96,0.67,60.8
28/04/24,58.0,31.9,62.64,48.14,66.12,0.61,55.1
29/04/24,43.0,23.65,46.44,35.69,49.02,0.45,40.85
30/04/24,55.0,30.25,59.4,45.65,62.7,0.58,52.25
01/05/24,59.0,32.45,63.72,48.97,67.26,0.62,56.05
02/05/24,54.0,29.7,58.32,44.82,61.56,0.57,51.3
03/05/24,62.0,34.1,66.96,51.46,70.68,0.65,58.9
04/05/24,60.0,33.0,64.8,49.8,68.4,0.63,57.0
05/05/24,57.0,31.35,61.56,47.31,64.98,0.6,54.15
06/05/24,59.0,32.45,63.72,48.97,67.26,0.62,56.05
07/05/24,61.0,33.55,65.88,50.63,69.54,0.64,57.95
08/05/24,62.0,34.1,66.96,51.46,70.68,0.65,58.9
09/05/24,46.0,25.3,49.68,38.18,52.44,0.48,43.7
10/05/24,51.0,28.05,55.08,42.33,58.14,0.54,48.45
11/05/24,56.0,30.8,60.48,46.48,63.84,0.59,53.2
12/05/24,50.0,27.5,54.0,41.5,57.0,0.53,47.5
13/05/24,67.0,36.85,72.36,55.61,76.38,0.7,63.65
14/05/24,56.0,30.8,60.48,46.48,63.84,0.59,53.2
15/05/24,62.0,34.1,66.96,51.46,70.68,0.65,58.9
16/05/24,55.0,30.25,59.4,45.65,62.7,0.58,52.25
17/05/24,59.0,32.45,63.72,48.97,67.26,0.62,56.05
18/05/24,68.0,37.4,73.44,56.44,77.52,0.71,64.6
19/05/24,63.0,34.65,68.04,52.29,71.82,0.66,59.85
20/05/24,62.0,34.1,66.96,51.46,70.68,0.65,58.9
21/05/24,66.0,36.3,71.28,54.78,75.24,0.69,62.7
22/05/24,51.0,28.05,55.08,42.33,58.14,0.54,48.45
23/05/24,70.0,38.5,75.6,58.1,79.8,0.74,66.5
24/05/24,70.0,38.5,75.6,58.1,79.8,0.74,66.5
25/05/24,77.0,42.35,83.16,63.91,87.78,0.81,73.15
26/05/24,85.0,46.75,91.8,70.55,96.9,0.89,80.75
27/05/24,86.0,47.3,92.88,71.38,98.04,0.9,81.7
28/05/24,97.0,53.35,104.76,80.51,110.58,1.02,92.15
29/05/24,102.0,56.1,110.16,84.66,116.28,1.07,96.9
30/05/24,84.0,46.2,90.72,69.72,95.76,0.88,79.8
31/05/24,85.0,46.75,91.8,70.55,96.9,0.89,80.75
01/06/24,74.0,40.7,79.92,61.42,84.36,0.78,70.3
02/06/24,65.0,35.75,70.2,53.95,74.1,0.68,61.75
03/06/24,65.0,35.75,70.2,53.95,74.1,0.68,61.75
04/06/24,65.0,35.75,70.2,53.95,74.1,0.68,61.75
05/06/24,59.0,32.45,63.72,48.97,67.26,0.62,56.05
06/06/24,59.0,32.45,63.72,48.97,67.26,0.62,56.05
07/06/24,62.0,34.1,66.96,51.46,70.68,0.65,58.9
08/06/24,99.0,54.45,106.92,82.17,112.86,1.04,94.05
09/06/24,65.0,35.75,70.2,53.95,74.1,0.68,61.75
10/06/24,97.0,53.35,104.76,80.51,110.58,1.02,92.15
11/06/24,74.0,40.7,79.92,61.42,84.36,0.78,70.3
12/06/24,64.0,35.2,69.12,53.12,72.96,0.67,60.8
13/06/24,72.0,39.6,77.76,59.76,82.08,0.76,68.4
14/06/24,65.0,35.75,70.2,53.95,74.1,0.68,61.75
15/06/24,76.0,41.8,82.08,63.08,86.64,0.8,72.2
16/06/24,77.0,42.35,83.16,63.91,87.78,0.81,73.15
17/06/24,62.0,34.1,66.96,51.46,70.68,0.65,58.9
18/06/24,64.0,35.2,69.12,53.12,72.96,0.67,60.8
19/06/24,60.0,33.0,64.8,49.8,68.4,0.63,57.0
20/06/24,54.0,29.7,58.32,44.82,61.56,0.57,51.3
21/06/24,58.0,31.9,62.64,48.14,66.12,0.61,55.1
22/06/24,60.0,33.0,64.8,49.8,68.4,0.63,57.0
23/06/24,57.0,31.35,61.56,47.31,64.98,0.6,54.15
24/06/24,59.0,32.45,63.72,48.97,67.26,0.62,56.05
25/06/24,65.0,35.75,70.2,53.95,74.1,0.68,61.75
26/06/24,61.0,33.55,65.88,50.63,69.54,0.64,57.95
27/06/24,60.0,33.0,64.8,49.8,68.4,0.63,57.0
28/06/24,59.0,32.45,63.72,48.97,67.26,0.62,56.05
29/06/24,68.0,37.4,73.44,56.44,77.52,0.71,64.6
30/06/24,67.0,36.85,72.36,55.61,76.38,0.7,63.65
01/07/24,57.0,31.35,61.56,47.31,64.98,0.6,54.15
02/07/24,70.0,38.5,75.6,58.1,79.8,0.74,66.5
03/07/24,72.0,39.6,77.76,59.76,82.08,0.76,68.4
04/07/24,57.0,31.35,61.56,47.31,64.98,0.6,54.15
05/07/24,63.0,34.65,68.04,52.29,71.82,0.66,59.85
06/07/24,71.0,39.05,76.68,58.93,80.94,0.75,67.45
07/07/24,59.0,32.45,63.72,48.97,67.26,0.62,56.05
08/07/24,48.0,26.4,51.84,39.84,54.72,0.5,45.6
09/07/24,57.0,31.35,61.56,47.31,64.98,0.6,54.15
10/07/24,68.0,37.4,73.44,56.44,77.52,0.71,64.6
11/07/24,69.0,37.95,74.52,57.27,78.66,0.72,65.55
12/07/24,73.0,40.15,78.84,60.59,83.22,0.77,69.35
13/07/24,54.0,29.7,58.32,44.82,61.56,0.57,51.3
14/07/24,63.0,34.65,68.04,52.29,71.82,0.66,59.85
15/07/24,54.0,29.7,58.32,44.82,61.56,0.57,51.3
16/07/24,48.0,26.4,51.84,39.84,54.72,0.5,45.6
17/07/24,67.0,36.85,72.36,55.61,76.38,0.7,63.65
18/07/24,62.0,34.1,66.96,51.46,70.68,0.65,58.9
19/07/24,68.0,37.4,73.44,56.44,77.52,0.71,64.6
20/07/24,69.0,37.95,74.52,57.27,78.66,0.72,65.55
21/07/24,95.0,52.25,102.6,78.85,108.3,1.0,90.25
22/07/24,94.0,51.7,101.52,78.02,107.16,0.99,89.3
23/07/24,93.0,51.15,100.44,77.19,106.02,0.98,88.35
24/07/24,69.0,37.95,74.52,57.27,78.66,0.72,65.55
25/07/24,68.0,37.4,73.44,56.44,77.52,0.71,64.6
26/07/24,73.0,40.15,78.84,60.59,83.22,0.77,69.35
27/07/24,77.0,42.35,83.16,63.91,87.78,0.81,73.15
28/07/24,78.0,42.9,84.24,64.74,88.92,0.82,74.1
29/07/24,80.0,44.0,86.4,66.4,91.2,0.84,76.0
30/07/24,77.0,42.35,83.16,63.91,87.78,0.81,73.15
31/07/24,75.0,41.25,81.0,62.25,85.5,0.79,71.25
01/08/24,78.0,42.9,84.24,64.74,88.92,0.82,74.1
02/08/24,89.0,48.95,96.12,73.87,101.46,0.93,84.55
03/08/24,72.0,39.6,77.76,59.76,82.08,0.76,68.4
04/08/24,60.0,33.0,64.8,49.8,68.4,0.63,57.0
05/08/24,65.0,35.75,70.2,53.95,74.1,0.68,61.75
06/08/24,72.0,39.6,77.76,59.76,82.08,0.76,68.4
07/08/24,68.0,37.4,73.44,56.44,77.52,0.71,64.6
08/08/24,64.0,35.2,69.12,53.12,72.96,0.67,60.8
09/08/24,55.0,30.25,59.4,45.65,62.7,0.58,52.25
10/08/24,72.0,39.6,77.76,59.76,82.08,0.76,68.4
11/08/24,72.0,39.6,77.76,59.76,82.08,0.76,68.4
12/08/24,72.0,39.6,77.76,59.76,82.08,0.76,68.4
13/08/24,75.0,41.25,81.0,62.25,85.5,0.79,71.25
14/08/24,76.0,41.8,82.08,63.08,86.64,0.8,72.2
15/08/24,81.0,44.55,87.48,67.23,92.34,0.85,76.95
16/08/24,62.0,34.1,66.96,51.46,70.68,0.65,58.9
17/08/24,66.0,36.3,71.28,54.78,75.24,0.69,62.7
18/08/24,82.0,45.1,88.56,68.06,93.48,0.86,77.9
19/08/24,65.0,35.75,70.2,53.95,74.1,0.68,61.75
20/08/24,60.0,33.0,64.8,49.8,68.4,0.63,57.0
21/08/24,82.0,45.1,88.56,68.06,93.48,0.86,77.9
22/08/24,51.0,28.05,55.08,42.33,58.14,0.54,48.45
23/08/24,53.0,29.15,57.24,43.99,60.42,0.56,50.35
24/08/24,49.0,26.95,52.92,40.67,55.86,0.51,46.55
25/08/24,59.0,32.45,63.72,48.97,67.26,0.62,56.05
26/08/24,47.0,25.85,50.76,39.01,53.58,0.49,44.65
27/08/24,51.0,28.05,55.08,42.33,58.14,0.54,48.45
28/08/24,49.0,26.95,52.92,40.67,55.86,0.51,46.55
29/08/24,47.0,25.85,50.76,39.01,53.58,0.49,44.65
30/08/24,45.0,24.75,48.6,37.35,51.3,0.47,42.75
31/08/24,41.0,22.55,44.28,34.03,46.74,0.43,38.95
01/09/24,44.0,24.2,47.52,36.52,50.16,0.46,41.8
02/09/24,42.0,23.1,45.36,34.86,47.88,0.44,39.9
03/09/24,50.0,27.5,54.0,41.5,57.0,0.53,47.5
04/09/24,44.0,24.2,47.52,36.52,50.16,0.46,41.8
05/09/24,62.0,34.1,66.96,51.46,70.68,0.65,58.9
06/09/24,55.0,30.25,59.4,45.65,62.7,0.58,52.25
07/09/24,67.0,36.85,72.36,55.61,76.38,0.7,63.65
08/09/24,48.0,26.4,51.84,39.84,54.72,0.5,45.6
09/09/24,56.0,30.8,60.48,46.48,63.84,0.59,53.2
10/09/24,55.0,30.25,59.4,45.65,62.7,0.58,52.25
11/09/24,62.0,34.1,66.96,51.46,70.68,0.65,58.9
12/09/24,58.0,31.9,62.64,48.14,66.12,0.61,55.1
13/09/24,53.0,29.15,57.24,43.99,60.42,0.56,50.35
14/09/24,51.0,28.05,55.08,42.33,58.14,0.54,48.45
15/09/24,50.0,27.5,54.0,41.5,57.0,0.53,47.5
16/09/24,47.0,25.85,50.76,39.01,53.58,0.49,44.65
17/09/24,51.0,28.05,55.08,42.33,58.14,0.54,48.45
18/09/24,49.0,26.95,52.92,40.67,55.86,0.51,46.55
19/09/24,72.0,39.6,77.76,59.76,82.08,0.76,68.4
20/09/24,92.0,50.6,99.36,76.36,104.88,0.97,87.4
21/09/24,63.0,34.65,68.04,52.29,71.82,0.66,59.85
22/09/24,56.0,30.8,60.48,46.48,63.84,0.59,53.2
23/09/24,51.0,28.05,55.08,42.33,58.14,0.54,48.45
24/09/24,59.0,32.45,63.72,48.97,67.26,0.62,56.05
25/09/24,58.0,31.9,62.64,48.14,66.12,0.61,55.1
26/09/24,56.0,30.8,60.48,46.48,63.84,0.59,53.2
27/09/24,67.0,36.85,72.36,55.61,76.38,0.7,63.65
28/09/24,72.0,39.6,77.76,59.76,82.08,0.76,68.4
29/09/24,51.0,28.05,55.08,42.33,58.14,0.54,48.45
30/09/24,44.0,24.2,47.52,36.52,50.16,0.46,41.8
01/10/24,46.0,25.3,49.68,38.18,52.44,0.48,43.7
02/10/24,55.0,30.25,59.4,45.65,62.7,0.58,52.25
03/10/24,52.0,28.6,56.16,43.16,59.28,0.55,49.4
04/10/24,69.0,37.95,74.52,57.27,78.66,0.72,65.55
05/10/24,58.0,31.9,62.64,48.14,66.12,0.61,55.1
06/10/24,70.0,38.5,75.6,58.1,79.8,0.74,66.5
07/10/24,51.0,28.05,55.08,42.33,58.14,0.54,48.45
08/10/24,44.0,24.2,47.52,36.52,50.16,0.46,41.8
09/10/24,35.0,19.25,37.8,29.05,39.9,0.37,33.25
10/10/24,37.0,20.35,39.96,30.71,42.18,0.39,35.15
11/10/24,51.0,28.05,55.08,42.33,58.14,0.54,48.45
12/10/24,30.0,16.5,32.4,24.9,34.2,0.32,28.5
13/10/24,30.0,16.5,32.4,24.9,34.2,0.32,28.5
14/10/24,36.0,19.8,38.88,29.88,41.04,0.38,34.2
15/10/24,45.0,24.75,48.6,37.35,51.3,0.47,42.75
16/10/24,50.0,27.5,54.0,41.5,57.0,0.53,47.5
17/10/24,43.0,23.65,46.44,35.69,49.02,0.45,40.85
18/10/24,66.0,36.3,71.28,54.78,75.24,0.69,62.7
19/10/24,64.0,35.2,69.12,53.12,72.96,0.67,60.8
20/10/24,51.0,28.05,55.08,42.33,58.14,0.54,48.45
21/10/24,44.0,24.2,47.52,36.52,50.16,0.46,41.8
22/10/24,55.0,30.25,59.4,45.65,62.7,0.58,52.25
23/10/24,69.0,37.95,74.52,57.27,78.66,0.72,65.55
24/10/24,102.0,56.1,110.16,84.66,116.28,1.07,96.9
25/10/24,102.0,56.1,110.16,84.66,116.28,1.07,96.9
26/10/24,92.0,50.6,99.36,76.36,104.88,0.97,87.4
27/10/24,119.0,65.45,128.52,98.77,135.66,1.25,113.05
28/10/24,131.0,72.05,141.48,108.73,149.34,1.38,124.45
29/10/24,90.0,49.5,97.2,74.7,102.6,0.95,85.5
30/10/24,117.0,64.35,126.36,97.11,133.38,1.23,111.15
31/10/24,213.0,117.15,230.04,176.79,242.82,2.24,202.35
01/11/24,142.0,78.1,153.36,117.86,161.88,1.49,134.9
02/11/24,71.0,39.05,76.68,58.93,80.94,0.75,67.45
03/11/24,72.0,39.6,77.76,59.76,82.08,0.76,68.4
04/11/24,56.0,30.8,60.48,46.48,63.84,0.59,53.2
05/11/24,90.0,49.5,97.2,74.7,102.6,0.95,85.5
06/11/24,107.0,58.85,115.56,88.81,121.98,1.12,101.65
07/11/24,51.0,28.05,55.08,42.33,58.14,0.54,48.45
08/11/24,50.0,27.5,54.0,41.5,57.0,0.53,47.5
09/11/24,57.0,31.35,61.56,47.31,64.98,0.6,54.15
10/11/24,85.0,46.75,91.8,70.55,96.9,0.89,80.75
11/11/24,99.0,54.45,106.92,82.17,112.86,1.04,94.05
12/11/24,60.0,33.0,64.8,49.8,68.4,0.63,57.0
13/11/24,42.0,23.1,45.36,34.86,47.88,0.44,39.9
14/11/24,44.0,24.2,47.52,36.52,50.16,0.46,41.8
15/11/24,45.0,24.75,48.6,37.35,51.3,0.47,42.75
16/11/24,53.0,29.15,57.24,43.99,60.42,0.56,50.35
17/11/24,124.0,68.2,133.92,102.92,141.36,1.3,117.8
18/11/24,124.0,68.2,133.92,102.92,141.36,1.3,117.8
19/11/24,126.0,69.3,136.08,104.58,143.64,1.32,119.7
20/11/24,112.0,61.6,120.96,92.96,127.68,1.18,106.4
21/11/24,114.0,62.7,123.12,94.62,129.96,1.2,108.3
22/11/24,134.0,73.7,144.72,111.22,152.76,1.41,127.3
23/11/24,138.0,75.9,149.04,114.54,157.32,1.45,131.1
24/11/24,88.0,48.4,95.04,73.04,100.32,0.92,83.6
25/11/24,114.0,62.7,123.12,94.62,129.96,1.2,108.3
26/11/24,129.0,70.95,139.32,107.07,147.06,1.35,122.55
27/11/24,133.0,73.15,143.64,110.39,151.62,1.4,126.35
28/11/24,134.0,73.7,144.72,111.22,152.76,1.41,127.3
29/11/24,103.0,56.65,111.24,85.49,117.42,1.08,97.85
30/11/24,64.0,35.2,69.12,53.12,72.96,0.67,60.8
01/12/24,24.0,13.2,25.92,19.92,27.36,0.25,22.8
02/12/24,40.0,22.0,43.2,33.2,45.6,0.42,38.0
03/12/24,53.0,29.15,57.24,43.99,60.42,0.56,50.35
04/12/24,45.0,24.75,48.6,37.35,51.3,0.47,42.75
05/12/24,38.0,20.9,41.04,31.54,43.32,0.4,36.1
06/12/24,56.0,30.8,60.48,46.48,63.84,0.59,53.2
07/12/24,44.0,24.2,47.52,36.52,50.16,0.46,41.8
08/12/24,49.0,26.95,52.92,40.67,55.86,0.51,46.55
09/12/24,75.0,41.25,81.0,62.25,85.5,0.79,71.25
10/12/24,89.0,48.95,96.12,73.87,101.46,0.93,84.55
11/12/24,76.0,41.8,82.08,63.08,86.64,0.8,72.2
12/12/24,46.0,25.3,49.68,38.18,52.44,0.48,43.7
13/12/24,80.0,44.0,86.4,66.4,91.2,0.84,76.0
14/12/24,96.0,52.8,103.68,79.68,109.44,1.01,91.2
15/12/24,81.0,44.55,87.48,67.23,92.34,0.85,76.95
16/12/24,99.0,54.45,106.92,82.17,112.86,1.04,94.05
17/12/24,97.0,53.35,104.76,80.51,110.58,1.02,92.15
18/12/24,120.0,66.0,129.6,99.6,136.8,1.26,114.0
19/12/24,85.0,46.75,91.8,70.55,96.9,0.89,80.75
20/12/24,47.0,25.85,50.76,39.01,53.58,0.49,44.65
21/12/24,50.0,27.5,54.0,41.5,57.0,0.53,47.5
22/12/24,41.0,22.55,44.28,34.03,46.74,0.43,38.95
23/12/24,46.0,25.3,49.68,38.18,52.44,0.48,43.7
24/12/24,39.0,21.45,42.12,32.37,44.46,0.41,37.05
25/12/24,44.0,24.2,47.52,36.52,50.16,0.46,41.8
26/12/24,41.0,22.55,44.28,34.03,46.74,0.43,38.95
27/12/24,36.0,19.8,38.88,29.88,41.04,0.38,34.2
28/12/24,55.0,30.25,59.4,45.65,62.7,0.58,52.25
29/12/24,79.0,43.45,85.32,65.57,90.06,0.83,75.05
30/12/24,96.0,52.8,103.68,79.68,109.44,1.01,91.2
31/12/24,104.0,57.2,112.32,86.32,118.56,1.09,98.8
