Date,AQI,PM2.5,PM10,NO2,SO2,CO,O3
01/01/18,406.0,223.3,438.48,336.98,462.84,4.26,385.7
02/01/18,418.0,229.9,451.44,346.94,476.52,4.39,397.1
03/01/18,382.0,210.1,412.56,317.06,435.48,4.01,362.9
04/01/18,366.0,201.3,395.28,303.78,417.24,3.84,347.7
05/01/18,390.0,214.5,421.2,323.7,444.6,4.1,370.5
06/01/18,405.0,222.75,437.4,336.15,461.7,4.25,384.75
07/01/18,355.0,195.25,383.4,294.65,404.7,3.73,337.25
08/01/18,288.0,158.4,311.04,239.04,328.32,3.02,273.6
09/01/18,359.0,197.45,387.72,297.97,409.26,3.77,341.05
10/01/18,352.0,193.6,380.16,292.16,401.28,3.7,334.4
11/01/18,309.0,169.95,333.72,256.47,352.26,3.24,293.55
12/01/18,298.0,163.9,321.84,247.34,339.72,3.13,283.1
13/01/18,359.0,197.45,387.72,297.97,409.26,3.77,341.05
14/01/18,321.0,176.55,346.68,266.43,365.94,3.37,304.95
15/01/18,331.0,182.05,357.48,274.73,377.34,3.48,314.45
16/01/18,255.0,140.25,275.4,211.65,290.7,2.68,242.25
17/01/18,353.0,194.15,381.24,292.99,402.42,3.71,335.35
18/01/18,400.0,220.0,432.0,332.0,456.0,4.2,380.0
19/01/18,406.0,223.3,438.48,336.98,462.84,4.26,385.7
20/01/18,323.0,177.65,348.84,268.09,368.22,3.39,306.85
21/01/18,276.0,151.8,298.08,229.08,314.64,2.9,262.2
22/01/18,342.0,188.1,369.36,283.86,389.88,3.59,324.9
23/01/18,324.0,178.2,349.92,268.92,369.36,3.4,307.8
24/01/18,270.0,148.5,291.6,224.1,307.8,2.84,256.5
25/01/18,243.0,133.65,262.44,201.69,277.02,2.55,230.85
26/01/18,261.0,143.55,281.88,216.63,297.54,2.74,247.95
27/01/18,286.0,157.3,308.88,237.38,326.04,3.0,271.7
28/01/18,300.0,165.0,324.0,249.0,342.0,3.15,285.0
29/01/18,302.0,166.1,326.16,250.66,344.28,3.17,286.9
30/01/18,270.0,148.5,291.6,224.1,307.8,2.84,256.5
31/01/18,244.0,134.2,263.52,202.52,278.16,2.56,231.8
01/02/18,274.0,150.7,295.92,227.42,312.36,2.88,260.3
02/02/18,293.0,161.15,316.44,243.19,334.02,3.08,278.35
03/02/18,243.0,133.65,262.44,201.69,277.02,2.55,230.85
04/02/18,256.0,140.8,276.48,212.48,291.84,2.69,243.2
05/02/18,291.0,160.05,314.28,241.53,331.74,3.06,276.45
06/02/18,287.0,157.85,309.96,238.21,327.18,3.01,272.65
07/02/18,261.0,143.55,281.88,216.63,297.54,2.74,247.95
08/02/18,308.0,169.4,332.64,255.64,351.12,3.23,292.6
09/02/18,335.0,184.25,361.8,278.05,381.9,3.52,318.25
10/02/18,341.0,187.55,368.28,283.03,388.74,3.58,323.95
11/02/18,304.0,167.2,328.32,252.32,346.56,3.19,288.8
12/02/18,178.0,97.9,192.24,147.74,202.92,1.87,169.1
13/02/18,191.0,105.05,206.28,158.53,217.74,2.01,181.45
14/02/18,187.0,102.85,201.96,155.21,213.18,1.96,177.65
15/02/18,187.0,102.85,201.96,155.21,213.18,1.96,177.65
16/02/18,235.0,129.25,253.8,195.05,267.9,2.47,223.25
17/02/18,256.0,140.8,276.48,212.48,291.84,2.69,243.2
18/02/18,257.0,141.35,277.56,213.31,292.98,2.7,244.15
19/02/18,294.0,161.7,317.52,244.02,335.16,3.09,279.3
20/02/18,296.0,162.8,319.68,245.68,337.44,3.11,281.2
21/02/18,308.0,169.4,332.64,255.64,351.12,3.23,292.6
22/02/18,300.0,165.0,324.0,249.0,342.0,3.15,285.0
23/02/18,302.0,166.1,326.16,250.66,344.28,3.17,286.9
24/02/18,320.0,176.0,345.6,265.6,364.8,3.36,304.0
25/02/18,266.0,146.3,287.28,220.78,303.24,2.79,252.7
26/02/18,156.0,85.8,168.48,129.48,177.84,1.64,148.2
27/02/18,160.0,88.0,172.8,132.8,182.4,1.68,152.0
28/02/18,272.0,149.6,293.76,225.76,310.08,2.86,258.4
01/03/18,257.0,141.35,277.56,213.31,292.98,2.7,244.15
02/03/18,260.0,143.0,280.8,215.8,296.4,2.73,247.0
03/03/18,203.0,111.65,219.24,168.49,231.42,2.13,192.85
04/03/18,178.0,97.9,192.24,147.74,202.92,1.87,169.1
05/03/18,172.0,94.6,185.76,142.76,196.08,1.81,163.4
06/03/18,167.0,91.85,180.36,138.61,190.38,1.75,158.65
07/03/18,185.0,101.75,199.8,153.55,210.9,1.94,175.75
08/03/18,245.0,134.75,264.6,203.35,279.3,2.57,232.75
09/03/18,280.0,154.0,302.4,232.4,319.2,2.94,266.0
10/03/18,170.0,93.5,183.6,141.1,193.8,1.79,161.5
11/03/18,170.0,93.5,183.6,141.1,193.8,1.79,161.5
12/03/18,214.0,117.7,231.12,177.62,243.96,2.25,203.3
13/03/18,217.0,119.35,234.36,180.11,247.38,2.28,206.15
14/03/18,267.0,146.85,288.36,221.61,304.38,2.8,253.65
15/03/18,297.0,163.35,320.76,246.51,338.58,3.12,282.15
16/03/18,256.0,140.8,276.48,212.48,291.84,2.69,243.2
17/03/18,186.0,102.3,200.88,154.38,212.04,1.95,176.7
18/03/18,169.0,92.95,182.52,140.27,192.66,1.77,160.55
19/03/18,173.0,95.15,186.84,143.59,197.22,1.82,164.35
20/03/18,217.0,119.35,234.36,180.11,247.38,2.28,206.15
21/03/18,289.0,158.95,312.12,239.87,329.46,3.03,274.55
22/03/18,186.0,102.3,200.88,154.38,212.04,1.95,176.7
23/03/18,151.0,83.05,163.08,125.33,172.14,1.59,143.45
24/03/18,175.0,96.25,189.0,145.25,199.5,1.84,166.25
25/03/18,195.0,107.25,210.6,161.85,222.3,2.05,185.25
26/03/18,183.0,100.65,197.64,151.89,208.62,1.92,173.85
27/03/18,230.0,126.5,248.4,190.9,262.2,2.42,218.5
28/03/18,255.0,140.25,275.4,211.65,290.7,2.68,242.25
29/03/18,213.0,117.15,230.04,176.79,242.82,2.24,202.35
30/03/18,218.0,119.9,235.44,180.94,248.52,2.29,207.1
31/03/18,256.0,140.8,276.48,212.48,291.84,2.69,243.2
01/04/18,195.0,107.25,210.6,161.85,222.3,2.05,185.25
02/04/18,219.0,120.45,236.52,181.77,249.66,2.3,208.05
03/04/18,207.0,113.85,223.56,171.81,235.98,2.17,196.65
04/04/18,203.0,111.65,219.24,168.49,231.42,2.13,192.85
05/04/18,290.0,159.5,313.2,240.7,330.6,3.05,275.5
06/04/18,208.0,114.4,224.64,172.64,237.12,2.18,197.6
07/04/18,143.0,78.65,154.44,118.69,163.02,1.5,135.85
08/04/18,141.0,77.55,152.28,117.03,160.74,1.48,133.95
09/04/18,120.0,66.0,129.6,99.6,136.8,1.26,114.0
10/04/18,230.0,126.5,248.4,190.9,262.2,2.42,218.5
11/04/18,141.0,77.55,152.28,117.03,160.74,1.48,133.95
12/04/18,99.0,54.45,106.92,82.17,112.86,1.04,94.05
13/04/18,188.0,103.4,203.04,156.04,214.32,1.97,178.6
14/04/18,217.0,119.35,234.36,180.11,247.38,2.28,206.15
15/04/18,224.0,123.2,241.92,185.92,255.36,2.35,212.8
16/04/18,285.0,156.75,307.8,236.55,324.9,2.99,270.75
17/04/18,244.0,134.2,263.52,202.52,278.16,2.56,231.8
18/04/18,228.0,125.4,246.24,189.24,259.92,2.39,216.6
19/04/18,244.0,134.2,263.52,202.52,278.16,2.56,231.8
20/04/18,246.0,135.3,265.68,204.18,280.44,2.58,233.7
21/04/18,356.0,195.8,384.48,295.48,405.84,3.74,338.2
22/04/18,211.0,116.05,227.88,175.13,240.54,2.22,200.45
23/04/18,160.0,88.0,172.8,132.8,182.4,1.68,152.0
24/04/18,254.0,139.7,274.32,210.82,289.56,2.67,241.3
25/04/18,266.0,146.3,287.28,220.78,303.24,2.79,252.7
26/04/18,313.0,172.15,338.04,259.79,356.82,3.29,297.35
27/04/18,310.0,170.5,334.8,257.3,353.4,3.26,294.5
28/04/18,301.0,165.55,325.08,249.83,343.14,3.16,285.95
29/04/18,248.0,136.4,267.84,205.84,282.72,2.6,235.6
30/04/18,209.0,114.95,225.72,173.47,238.26,2.19,198.55
01/05/18,177.0,97.35,191.16,146.91,201.78,1.86,168.15
02/05/18,153.0,84.15,165.24,126.99,174.42,1.61,145.35
03/05/18,160.0,88.0,172.8,132.8,182.4,1.68,152.0
04/05/18,139.0,76.45,150.12,115.37,158.46,1.46,132.05
05/05/18,173.0,95.15,186.84,143.59,197.22,1.82,164.35
06/05/18,269.0,147.95,290.52,223.27,306.66,2.82,255.55
07/05/18,211.0,116.05,227.88,175.13,240.54,2.22,200.45
08/05/18,208.0,114.4,224.64,172.64,237.12,2.18,197.6
09/05/18,163.0,89.65,176.04,135.29,185.82,1.71,154.85
10/05/18,190.0,104.5,205.2,157.7,216.6,2.0,180.5
11/05/18,256.0,140.8,276.48,212.48,291.84,2.69,243.2
12/05/18,304.0,167.2,328.32,252.32,346.56,3.19,288.8
13/05/18,215.0,118.25,232.2,178.45,245.1,2.26,204.25
14/05/18,130.0,71.5,140.4,107.9,148.2,1.37,123.5
15/05/18,164.0,90.2,177.12,136.12,186.96,1.72,155.8
16/05/18,190.0,104.5,205.2,157.7,216.6,2.0,180.5
17/05/18,243.0,133.65,262.44,201.69,277.02,2.55,230.85
18/05/18,225.0,123.75,243.0,186.75,256.5,2.36,213.75
19/05/18,242.0,133.1,261.36,200.86,275.88,2.54,229.9
20/05/18,199.0,109.45,214.92,165.17,226.86,2.09,189.05
21/05/18,183.0,100.65,197.64,151.89,208.62,1.92,173.85
22/05/18,212.0,116.6,228.96,175.96,241.68,2.23,201.4
23/05/18,301.0,165.55,325.08,249.83,343.14,3.16,285.95
24/05/18,252.0,138.6,272.16,209.16,287.28,2.65,239.4
25/05/18,251.0,138.05,271.08,208.33,286.14,2.64,238.45
26/05/18,235.0,129.25,253.8,195.05,267.9,2.47,223.25
27/05/18,277.0,152.35,299.16,229.91,315.78,2.91,263.15
28/05/18,275.0,151.25,297.0,228.25,313.5,2.89,261.25
29/05/18,285.0,156.75,307.8,236.55,324.9,2.99,270.75
30/05/18,281.0,154.55,303.48,233.23,320.34,2.95,266.95
31/05/18,208.0,114.4,224.64,172.64,237.12,2.18,197.6
01/06/18,198.0,108.9,213.84,164.34,225.72,2.08,188.1
02/06/18,173.0,95.15,186.84,143.59,197.22,1.82,164.35
03/06/18,174.0,95.7,187.92,144.42,198.36,1.83,165.3
04/06/18,183.0,100.65,197.64,151.89,208.62,1.92,173.85
05/06/18,169.0,92.95,182.52,140.27,192.66,1.77,160.55
06/06/18,136.0,74.8,146.88,112.88,155.04,1.43,129.2
07/06/18,164.0,90.2,177.12,136.12,186.96,1.72,155.8
08/06/18,179.0,98.45,193.32,148.57,204.06,1.88,170.05
09/06/18,127.0,69.85,137.16,105.41,144.78,1.33,120.65
10/06/18,158.0,86.9,170.64,131.14,180.12,1.66,150.1
11/06/18,183.0,100.65,197.64,151.89,208.62,1.92,173.85
12/06/18,296.0,162.8,319.68,245.68,337.44,3.11,281.2
13/06/18,445.0,244.75,480.6,369.35,507.3,4.67,422.75
14/06/18,431.0,237.05,465.48,357.73,491.34,4.53,409.45
15/06/18,447.0,245.85,482.76,371.01,509.58,4.69,424.65
16/06/18,369.0,202.95,398.52,306.27,420.66,3.87,350.55
17/06/18,289.0,158.95,312.12,239.87,329.46,3.03,274.55
18/06/18,171.0,94.05,184.68,141.93,194.94,1.8,162.45
19/06/18,121.0,66.55,130.68,100.43,137.94,1.27,114.95
20/06/18,177.0,97.35,191.16,146.91,201.78,1.86,168.15
21/06/18,226.0,124.3,244.08,187.58,257.64,2.37,214.7
22/06/18,236.0,129.8,254.88,195.88,269.04,2.48,224.2
23/06/18,218.0,119.9,235.44,180.94,248.52,2.29,207.1
24/06/18,183.0,100.65,197.64,151.89,208.62,1.92,173.85
25/06/18,192.0,105.6,207.36,159.36,218.88,2.02,182.4
26/06/18,110.0,60.5,118.8,91.3,125.4,1.16,104.5
27/06/18,93.0,51.15,100.44,77.19,106.02,0.98,88.35
28/06/18,76.0,41.8,82.08,63.08,86.64,0.8,72.2
29/06/18,72.0,39.6,77.76,59.76,82.08,0.76,68.4
30/06/18,96.0,52.8,103.68,79.68,109.44,1.01,91.2
01/07/18,92.0,50.6,99.36,76.36,104.88,0.97,87.4
02/07/18,106.0,58.3,114.48,87.98,120.84,1.11,100.7
03/07/18,114.0,62.7,123.12,94.62,129.96,1.2,108.3
04/07/18,137.0,75.35,147.96,113.71,156.18,1.44,130.15
05/07/18,123.0,67.65,132.84,102.09,140.22,1.29,116.85
06/07/18,147.0,80.85,158.76,122.01,167.58,1.54,139.65
07/07/18,151.0,83.05,163.08,125.33,172.14,1.59,143.45
08/07/18,182.0,100.1,196.56,151.06,207.48,1.91,172.9
09/07/18,157.0,86.35,169.56,130.31,178.98,1.65,149.15
10/07/18,134.0,73.7,144.72,111.22,152.76,1.41,127.3
11/07/18,106.0,58.3,114.48,87.98,120.84,1.11,100.7
12/07/18,143.0,78.65,154.44,118.69,163.02,1.5,135.85
13/07/18,99.0,54.45,106.92,82.17,112.86,1.04,94.05
14/07/18,76.0,41.8,82.08,63.08,86.64,0.8,72.2
15/07/18,76.0,41.8,82.08,63.08,86.64,0.8,72.2
16/07/18,87.0,47.85,93.96,72.21,99.18,0.91,82.65
17/07/18,91.0,50.05,98.28,75.53,103.74,0.96,86.45
18/07/18,106.0,58.3,114.48,87.98,120.84,1.11,100.7
19/07/18,88.0,48.4,95.04,73.04,100.32,0.92,83.6
20/07/18,80.0,44.0,86.4,66.4,91.2,0.84,76.0
21/07/18,111.0,61.05,119.88,92.13,126.54,1.17,105.45
22/07/18,61.0,33.55,65.88,50.63,69.54,0.64,57.95
23/07/18,67.0,36.85,72.36,55.61,76.38,0.7,63.65
24/07/18,90.0,49.5,97.2,74.7,102.6,0.95,85.5
25/07/18,78.0,42.9,84.24,64.74,88.92,0.82,74.1
26/07/18,74.0,40.7,79.92,61.42,84.36,0.78,70.3
27/07/18,54.0,29.7,58.32,44.82,61.56,0.57,51.3
28/07/18,57.0,31.35,61.56,47.31,64.98,0.6,54.15
29/07/18,90.0,49.5,97.2,74.7,102.6,0.95,85.5
30/07/18,115.0,63.25,124.2,95.45,131.1,1.21,109.25
31/07/18,132.0,72.6,142.56,109.56,150.48,1.39,125.4
01/08/18,153.0,84.15,165.24,126.99,174.42,1.61,145.35
02/08/18,235.0,129.25,253.8,195.05,267.9,2.47,223.25
03/08/18,213.0,117.15,230.04,176.79,242.82,2.24,202.35
04/08/18,216.0,118.8,233.28,179.28,246.24,2.27,205.2
05/08/18,241.0,132.55,260.28,200.03,274.74,2.53,228.95
06/08/18,133.0,73.15,143.64,110.39,151.62,1.4,126.35
07/08/18,113.0,62.15,122.04,93.79,128.82,1.19,107.35
08/08/18,86.0,47.3,92.88,71.38,98.04,0.9,81.7
09/08/18,88.0,48.4,95.04,73.04,100.32,0.92,83.6
10/08/18,102.0,56.1,110.16,84.66,116.28,1.07,96.9
11/08/18,96.0,52.8,103.68,79.68,109.44,1.01,91.2
12/08/18,83.0,45.65,89.64,68.89,94.62,0.87,78.85
13/08/18,94.0,51.7,101.52,78.02,107.16,0.99,89.3
14/08/18,117.0,64.35,126.36,97.11,133.38,1.23,111.15
15/08/18,120.0,66.0,129.6,99.6,136.8,1.26,114.0
16/08/18,86.0,47.3,92.88,71.38,98.04,0.9,81.7
17/08/18,84.0,46.2,90.72,69.72,95.76,0.88,79.8
18/08/18,80.0,44.0,86.4,66.4,91.2,0.84,76.0
19/08/18,89.0,48.95,96.12,73.87,101.46,0.93,84.55
20/08/18,137.0,75.35,147.96,113.71,156.18,1.44,130.15
21/08/18,87.0,47.85,93.96,72.21,99.18,0.91,82.65
22/08/18,78.0,42.9,84.24,64.74,88.92,0.82,74.1
23/08/18,69.0,37.95,74.52,57.27,78.66,0.72,65.55
24/08/18,80.0,44.0,86.4,66.4,91.2,0.84,76.0
25/08/18,89.0,48.95,96.12,73.87,101.46,0.93,84.55
26/08/18,78.0,42.9,84.24,64.74,88.92,0.82,74.1
27/08/18,62.0,34.1,66.96,51.46,70.68,0.65,58.9
28/08/18,71.0,39.05,76.68,58.93,80.94,0.75,67.45
29/08/18,68.0,37.4,73.44,56.44,77.52,0.71,64.6
30/08/18,78.0,42.9,84.24,64.74,88.92,0.82,74.1
31/08/18,127.0,69.85,137.16,105.41,144.78,1.33,120.65
01/09/18,114.0,62.7,123.12,94.62,129.96,1.2,108.3
02/09/18,106.0,58.3,114.48,87.98,120.84,1.11,100.7
03/09/18,73.0,40.15,78.84,60.59,83.22,0.77,69.35
04/09/18,112.0,61.6,120.96,92.96,127.68,1.18,106.4
05/09/18,90.0,49.5,97.2,74.7,102.6,0.95,85.5
06/09/18,137.0,75.35,147.96,113.71,156.18,1.44,130.15
07/09/18,91.0,50.05,98.28,75.53,103.74,0.96,86.45
08/09/18,86.0,47.3,92.88,71.38,98.04,0.9,81.7
09/09/18,61.0,33.55,65.88,50.63,69.54,0.64,57.95
10/09/18,84.0,46.2,90.72,69.72,95.76,0.88,79.8
11/09/18,79.0,43.45,85.32,65.57,90.06,0.83,75.05
12/09/18,90.0,49.5,97.2,74.7,102.6,0.95,85.5
13/09/18,103.0,56.65,111.24,85.49,117.42,1.08,97.85
14/09/18,102.0,56.1,110.16,84.66,116.28,1.07,96.9
15/09/18,118.0,64.9,127.44,97.94,134.52,1.24,112.1
16/09/18,121.0,66.55,130.68,100.43,137.94,1.27,114.95
17/09/18,135.0,74.25,145.8,112.05,153.9,1.42,128.25
18/09/18,150.0,82.5,162.0,124.5,171.0,1.58,142.5
19/09/18,154.0,84.7,166.32,127.82,175.56,1.62,146.3
20/09/18,164.0,90.2,177.12,136.12,186.96,1.72,155.8
21/09/18,143.0,78.65,154.44,118.69,163.02,1.5,135.85
22/09/18,54.0,29.7,58.32,44.82,61.56,0.57,51.3
23/09/18,62.0,34.1,66.96,51.46,70.68,0.65,58.9
24/09/18,52.0,28.6,56.16,43.16,59.28,0.55,49.4
25/09/18,55.0,30.25,59.4,45.65,62.7,0.58,52.25
26/09/18,88.0,48.4,95.04,73.04,100.32,0.92,83.6
27/09/18,151.0,83.05,163.08,125.33,172.14,1.59,143.45
28/09/18,197.0,108.35,212.76,163.51,224.58,2.07,187.15
29/09/18,219.0,120.45,236.52,181.77,249.66,2.3,208.05
30/09/18,158.0,86.9,170.64,131.14,180.12,1.66,150.1
01/10/18,148.0,81.4,159.84,122.84,168.72,1.55,140.6
02/10/18,202.0,111.1,218.16,167.66,230.28,2.12,191.9
03/10/18,143.0,78.65,154.44,118.69,163.02,1.5,135.85
04/10/18,201.0,110.55,217.08,166.83,229.14,2.11,190.95
05/10/18,256.0,140.8,276.48,212.48,291.84,2.69,243.2
06/10/18,209.0,114.95,225.72,173.47,238.26,2.19,198.55
07/10/18,181.0,99.55,195.48,150.23,206.34,1.9,171.95
08/10/18,246.0,135.3,265.68,204.18,280.44,2.58,233.7
09/10/18,251.0,138.05,271.08,208.33,286.14,2.64,238.45
10/10/18,241.0,132.55,260.28,200.03,274.74,2.53,228.95
11/10/18,210.0,115.5,226.8,174.3,239.4,2.21,199.5
12/10/18,154.0,84.7,166.32,127.82,175.56,1.62,146.3
13/10/18,262.0,144.1,282.96,217.46,298.68,2.75,248.9
14/10/18,204.0,112.2,220.32,169.32,232.56,2.14,193.8
15/10/18,246.0,135.3,265.68,204.18,280.44,2.58,233.7
16/10/18,291.0,160.05,314.28,241.53,331.74,3.06,276.45
17/10/18,313.0,172.15,338.04,259.79,356.82,3.29,297.35
18/10/18,297.0,163.35,320.76,246.51,338.58,3.12,282.15
19/10/18,276.0,151.8,298.08,229.08,314.64,2.9,262.2
20/10/18,326.0,179.3,352.08,270.58,371.64,3.42,309.7
21/10/18,292.0,160.6,315.36,242.36,332.88,3.07,277.4
22/10/18,272.0,149.6,293.76,225.76,310.08,2.86,258.4
23/10/18,254.0,139.7,274.32,210.82,289.56,2.67,241.3
24/10/18,328.0,180.4,354.24,272.24,373.92,3.44,311.6
25/10/18,331.0,182.05,357.48,274.73,377.34,3.48,314.45
26/10/18,361.0,198.55,389.88,299.63,411.54,3.79,342.95
27/10/18,350.0,192.5,378.0,290.5,399.0,3.68,332.5
28/10/18,366.0,201.3,395.28,303.78,417.24,3.84,347.7
29/10/18,367.0,201.85,396.36,304.61,418.38,3.85,348.65
30/10/18,401.0,220.55,433.08,332.83,457.14,4.21,380.95
31/10/18,358.0,196.9,386.64,297.14,408.12,3.76,340.1
01/11/18,393.0,216.15,424.44,326.19,448.02,4.13,373.35
02/11/18,370.0,203.5,399.6,307.1,421.8,3.89,351.5
03/11/18,340.0,187.0,367.2,282.2,387.6,3.57,323.0
04/11/18,171.0,94.05,184.68,141.93,194.94,1.8,162.45
05/11/18,426.0,234.3,460.08,353.58,485.64,4.47,404.7
06/11/18,338.0,185.9,365.04,280.54,385.32,3.55,321.1
07/11/18,281.0,154.55,303.48,233.23,320.34,2.95,266.95
08/11/18,390.0,214.5,421.2,323.7,444.6,4.1,370.5
09/11/18,423.0,232.65,456.84,351.09,482.22,4.44,401.85
10/11/18,401.0,220.55,433.08,332.83,457.14,4.21,380.95
11/11/18,405.0,222.75,437.4,336.15,461.7,4.25,384.75
12/11/18,399.0,219.45,430.92,331.17,454.86,4.19,379.05
13/11/18,409.0,224.95,441.72,339.47,466.26,4.29,388.55
14/11/18,312.0,171.6,336.96,258.96,355.68,3.28,296.4
15/11/18,217.0,119.35,234.36,180.11,247.38,2.28,206.15
16/11/18,285.0,156.75,307.8,236.55,324.9,2.99,270.75
17/11/18,267.0,146.85,288.36,221.61,304.38,2.8,253.65
18/11/18,311.0,171.05,335.88,258.13,354.54,3.27,295.45
19/11/18,330.0,181.5,356.4,273.9,376.2,3.47,313.5
20/11/18,374.0,205.7,403.92,310.42,426.36,3.93,355.3
21/11/18,374.0,205.7,403.92,310.42,426.36,3.93,355.3
22/11/18,273.0,150.15,294.84,226.59,311.22,2.87,259.35
23/11/18,337.0,185.35,363.96,279.71,384.18,3.54,320.15
24/11/18,249.0,136.95,268.92,206.67,283.86,2.61,236.55
25/11/18,262.0,144.1,282.96,217.46,298.68,2.75,248.9
26/11/18,336.0,184.8,362.88,278.88,383.04,3.53,319.2
27/11/18,352.0,193.6,380.16,292.16,401.28,3.7,334.4
28/11/18,316.0,173.8,341.28,262.28,360.24,3.32,300.2
29/11/18,358.0,196.9,386.64,297.14,408.12,3.76,340.1
30/11/18,352.0,193.6,380.16,292.16,401.28,3.7,334.4
01/12/18,306.0,168.3,330.48,253.98,348.84,3.21,290.7
02/12/18,297.0,163.35,320.76,246.51,338.58,3.12,282.15
03/12/18,328.0,180.4,354.24,272.24,373.92,3.44,311.6
04/12/18,356.0,195.8,384.48,295.48,405.84,3.74,338.2
05/12/18,331.0,182.05,357.48,274.73,377.34,3.48,314.45
06/12/18,349.0,191.95,376.92,289.67,397.86,3.66,331.55
07/12/18,348.0,191.4,375.84,288.84,396.72,3.65,330.6
08/12/18,347.0,190.85,374.76,288.01,395.58,3.64,329.65
09/12/18,374.0,205.7,403.92,310.42,426.36,3.93,355.3
10/12/18,403.0,221.65,435.24,334.49,459.42,4.23,382.85
11/12/18,413.0,227.15,446.04,342.79,470.82,4.34,392.35
12/12/18,392.0,215.6,423.36,325.36,446.88,4.12,372.4
13/12/18,194.0,106.7,209.52,161.02,221.16,2.04,184.3
14/12/18,249.0,136.95,268.92,206.67,283.86,2.61,236.55
15/12/18,261.0,143.55,281.88,216.63,297.54,2.74,247.95
16/12/18,282.0,155.1,304.56,234.06,321.48,2.96,267.9
17/12/18,337.0,185.35,363.96,279.71,384.18,3.54,320.15
18/12/18,353.0,194.15,381.24,292.99,402.42,3.71,335.35
19/12/18,353.0,194.15,381.24,292.99,402.42,3.71,335.35
20/12/18,394.0,216.7,425.52,327.02,449.16,4.14,374.3
21/12/18,386.0,212.3,416.88,320.38,440.04,4.05,366.7
22/12/18,421.0,231.55,454.68,349.43,479.94,4.42,399.95
23/12/18,450.0,247.5,486.0,373.5,513.0,4.73,427.5
24/12/18,448.0,246.4,483.84,371.84,510.72,4.7,425.6
25/12/18,409.0,224.95,441.72,339.47,466.26,4.29,388.55
26/12/18,384.0,211.2,414.72,318.72,437.76,4.03,364.8
27/12/18,399.0,219.45,430.92,331.17,454.86,4.19,379.05
28/12/18,392.0,215.6,423.36,325.36,446.88,4.12,372.4
29/12/18,385.0,211.75,415.8,319.55,438.9,4.04,365.75
30/12/18,415.0,228.25,448.2,344.45,473.1,4.36,394.25
31/12/18,420.0,231.0,453.6,348.6,478.8,4.41,399.0
01/01/19,393.0,216.15,424.44,326.19,448.02,4.13,373.35
02/01/19,430.0,236.5,464.4,356.9,490.2,4.52,408.5
03/01/19,444.0,244.2,479.52,368.52,506.16,4.66,421.8
04/01/19,386.0,212.3,416.88,320.38,440.04,4.05,366.7
05/01/19,407.0,223.85,439.56,337.81,463.98,4.27,386.65
06/01/19,336.0,184.8,362.88,278.88,383.04,3.53,319.2
07/01/19,333.0,183.15,359.64,276.39,379.62,3.5,316.35
08/01/19,320.0,176.0,345.6,265.6,364.8,3.36,304.0
09/01/19,288.0,158.4,311.04,239.04,328.32,3.02,273.6
10/01/19,292.0,160.6,315.36,242.36,332.88,3.07,277.4
11/01/19,371.0,204.05,400.68,307.93,422.94,3.9,352.45
12/01/19,423.0,232.65,456.84,351.09,482.22,4.44,401.85
13/01/19,414.0,227.7,447.12,343.62,471.96,4.35,393.3
14/01/19,247.0,135.85,266.76,205.01,281.58,2.59,234.65
15/01/19,237.0,130.35,255.96,196.71,270.18,2.49,225.15
16/01/19,371.0,204.05,400.68,307.93,422.94,3.9,352.45
17/01/19,440.0,242.0,475.2,365.2,501.6,4.62,418.0
18/01/19,397.0,218.35,428.76,329.51,452.58,4.17,377.15
19/01/19,378.0,207.9,408.24,313.74,430.92,3.97,359.1
20/01/19,404.0,222.2,436.32,335.32,460.56,4.24,383.8
21/01/19,346.0,190.3,373.68,287.18,394.44,3.63,328.7
22/01/19,104.0,57.2,112.32,86.32,118.56,1.09,98.8
23/01/19,212.0,116.6,228.96,175.96,241.68,2.23,201.4
24/01/19,311.0,171.05,335.88,258.13,354.54,3.27,295.45
25/01/19,151.0,83.05,163.08,125.33,172.14,1.59,143.45
26/01/19,233.0,128.15,251.64,193.39,265.62,2.45,221.35
27/01/19,262.0,144.1,282.96,217.46,298.68,2.75,248.9
28/01/19,267.0,146.85,288.36,221.61,304.38,2.8,253.65
29/01/19,276.0,151.8,298.08,229.08,314.64,2.9,262.2
30/01/19,327.0,179.85,353.16,271.41,372.78,3.43,310.65
31/01/19,359.0,197.45,387.72,297.97,409.26,3.77,341.05
01/02/19,306.0,168.3,330.48,253.98,348.84,3.21,290.7
02/02/19,332.0,182.6,358.56,275.56,378.48,3.49,315.4
03/02/19,289.0,158.95,312.12,239.87,329.46,3.03,274.55
04/02/19,288.0,158.4,311.04,239.04,328.32,3.02,273.6
05/02/19,382.0,210.1,412.56,317.06,435.48,4.01,362.9
06/02/19,352.0,193.6,380.16,292.16,401.28,3.7,334.4
07/02/19,176.0,96.8,190.08,146.08,200.64,1.85,167.2
08/02/19,144.0,79.2,155.52,119.52,164.16,1.51,136.8
09/02/19,158.0,86.9,170.64,131.14,180.12,1.66,150.1
10/02/19,276.0,151.8,298.08,229.08,314.64,2.9,262.2
11/02/19,309.0,169.95,333.72,256.47,352.26,3.24,293.55
12/02/19,342.0,188.1,369.36,283.86,389.88,3.59,324.9
13/02/19,367.0,201.85,396.36,304.61,418.38,3.85,348.65
14/02/19,340.0,187.0,367.2,282.2,387.6,3.57,323.0
15/02/19,245.0,134.75,264.6,203.35,279.3,2.57,232.75
16/02/19,276.0,151.8,298.08,229.08,314.64,2.9,262.2
17/02/19,222.0,122.1,239.76,184.26,253.08,2.33,210.9
18/02/19,255.0,140.25,275.4,211.65,290.7,2.68,242.25
19/02/19,221.0,121.55,238.68,183.43,251.94,2.32,209.95
20/02/19,271.0,149.05,292.68,224.93,308.94,2.85,257.45
21/02/19,144.0,79.2,155.52,119.52,164.16,1.51,136.8
22/02/19,186.0,102.3,200.88,154.38,212.04,1.95,176.7
23/02/19,113.0,62.15,122.04,93.79,128.82,1.19,107.35
24/02/19,190.0,104.5,205.2,157.7,216.6,2.0,180.5
25/02/19,217.0,119.35,234.36,180.11,247.38,2.28,206.15
26/02/19,116.0,63.8,125.28,96.28,132.24,1.22,110.2
27/02/19,100.0,55.0,108.0,83.0,114.0,1.05,95.0
28/02/19,170.0,93.5,183.6,141.1,193.8,1.79,161.5
01/03/19,225.0,123.75,243.0,186.75,256.5,2.36,213.75
02/03/19,217.0,119.35,234.36,180.11,247.38,2.28,206.15
03/03/19,117.0,64.35,126.36,97.11,133.38,1.23,111.15
04/03/19,234.0,128.7,252.72,194.22,266.76,2.46,222.3
05/03/19,140.0,77.0,151.2,116.2,159.6,1.47,133.0
06/03/19,186.0,102.3,200.88,154.38,212.04,1.95,176.7
07/03/19,217.0,119.35,234.36,180.11,247.38,2.28,206.15
08/03/19,197.0,108.35,212.76,163.51,224.58,2.07,187.15
09/03/19,187.0,102.85,201.96,155.21,213.18,1.96,177.65
10/03/19,160.0,88.0,172.8,132.8,182.4,1.68,152.0
11/03/19,187.0,102.85,201.96,155.21,213.18,1.96,177.65
12/03/19,134.0,73.7,144.72,111.22,152.76,1.41,127.3
13/03/19,178.0,97.9,192.24,147.74,202.92,1.87,169.1
14/03/19,266.0,146.3,287.28,220.78,303.24,2.79,252.7
15/03/19,154.0,84.7,166.32,127.82,175.56,1.62,146.3
16/03/19,139.0,76.45,150.12,115.37,158.46,1.46,132.05
17/03/19,192.0,105.6,207.36,159.36,218.88,2.02,182.4
18/03/19,196.0,107.8,211.68,162.68,223.44,2.06,186.2
19/03/19,216.0,118.8,233.28,179.28,246.24,2.27,205.2
20/03/19,208.0,114.4,224.64,172.64,237.12,2.18,197.6
21/03/19,242.0,133.1,261.36,200.86,275.88,2.54,229.9
22/03/19,114.0,62.7,123.12,94.62,129.96,1.2,108.3
23/03/19,132.0,72.6,142.56,109.56,150.48,1.39,125.4
24/03/19,121.0,66.55,130.68,100.43,137.94,1.27,114.95
25/03/19,139.0,76.45,150.12,115.37,158.46,1.46,132.05
26/03/19,159.0,87.45,171.72,131.97,181.26,1.67,151.05
27/03/19,171.0,94.05,184.68,141.93,194.94,1.8,162.45
28/03/19,234.0,128.7,252.72,194.22,266.76,2.46,222.3
29/03/19,232.0,127.6,250.56,192.56,264.48,2.44,220.4
30/03/19,233.0,128.15,251.64,193.39,265.62,2.45,221.35
31/03/19,182.0,100.1,196.56,151.06,207.48,1.91,172.9
01/04/19,151.0,83.05,163.08,125.33,172.14,1.59,143.45
02/04/19,198.0,108.9,213.84,164.34,225.72,2.08,188.1
03/04/19,187.0,102.85,201.96,155.21,213.18,1.96,177.65
04/04/19,254.0,139.7,274.32,210.82,289.56,2.67,241.3
05/04/19,264.0,145.2,285.12,219.12,300.96,2.77,250.8
06/04/19,266.0,146.3,287.28,220.78,303.24,2.79,252.7
07/04/19,302.0,166.1,326.16,250.66,344.28,3.17,286.9
08/04/19,264.0,145.2,285.12,219.12,300.96,2.77,250.8
09/04/19,204.0,112.2,220.32,169.32,232.56,2.14,193.8
10/04/19,238.0,130.9,257.04,197.54,271.32,2.5,226.1
11/04/19,183.0,100.65,197.64,151.89,208.62,1.92,173.85
12/04/19,212.0,116.6,228.96,175.96,241.68,2.23,201.4
13/04/19,170.0,93.5,183.6,141.1,193.8,1.79,161.5
14/04/19,137.0,75.35,147.96,113.71,156.18,1.44,130.15
15/04/19,168.0,92.4,181.44,139.44,191.52,1.76,159.6
16/04/19,180.0,99.0,194.4,149.4,205.2,1.89,171.0
17/04/19,84.0,46.2,90.72,69.72,95.76,0.88,79.8
18/04/19,114.0,62.7,123.12,94.62,129.96,1.2,108.3
19/04/19,157.0,86.35,169.56,130.31,178.98,1.65,149.15
20/04/19,198.0,108.9,213.84,164.34,225.72,2.08,188.1
21/04/19,203.0,111.65,219.24,168.49,231.42,2.13,192.85
22/04/19,236.0,129.8,254.88,195.88,269.04,2.48,224.2
23/04/19,247.0,135.85,266.76,205.01,281.58,2.59,234.65
24/04/19,221.0,121.55,238.68,183.43,251.94,2.32,209.95
25/04/19,251.0,138.05,271.08,208.33,286.14,2.64,238.45
26/04/19,215.0,118.25,232.2,178.45,245.1,2.26,204.25
27/04/19,256.0,140.8,276.48,212.48,291.84,2.69,243.2
28/04/19,264.0,145.2,285.12,219.12,300.96,2.77,250.8
29/04/19,248.0,136.4,267.84,205.84,282.72,2.6,235.6
30/04/19,250.0,137.5,270.0,207.5,285.0,2.63,237.5
01/05/19,295.0,162.25,318.6,244.85,336.3,3.1,280.25
02/05/19,257.0,141.35,277.56,213.31,292.98,2.7,244.15
03/05/19,183.0,100.65,197.64,151.89,208.62,1.92,173.85
04/05/19,182.0,100.1,196.56,151.06,207.48,1.91,172.9
05/05/19,227.0,124.85,245.16,188.41,258.78,2.38,215.65
06/05/19,249.0,136.95,268.92,206.67,283.86,2.61,236.55
07/05/19,294.0,161.7,317.52,244.02,335.16,3.09,279.3
08/05/19,357.0,196.35,385.56,296.31,406.98,3.75,339.15
09/05/19,347.0,190.85,374.76,288.01,395.58,3.64,329.65
10/05/19,277.0,152.35,299.16,229.91,315.78,2.91,263.15
11/05/19,251.0,138.05,271.08,208.33,286.14,2.64,238.45
12/05/19,334.0,183.7,360.72,277.22,380.76,3.51,317.3
13/05/19,322.0,177.1,347.76,267.26,367.08,3.38,305.9
14/05/19,153.0,84.15,165.24,126.99,174.42,1.61,145.35
15/05/19,186.0,102.3,200.88,154.38,212.04,1.95,176.7
16/05/19,187.0,102.85,201.96,155.21,213.18,1.96,177.65
17/05/19,265.0,145.75,286.2,219.95,302.1,2.78,251.75
18/05/19,105.0,57.75,113.4,87.15,119.7,1.1,99.75
19/05/19,185.0,101.75,199.8,153.55,210.9,1.94,175.75
20/05/19,206.0,113.3,222.48,170.98,234.84,2.16,195.7
21/05/19,190.0,104.5,205.2,157.7,216.6,2.0,180.5
22/05/19,158.0,86.9,170.64,131.14,180.12,1.66,150.1
23/05/19,223.0,122.65,240.84,185.09,254.22,2.34,211.85
24/05/19,123.0,67.65,132.84,102.09,140.22,1.29,116.85
25/05/19,121.0,66.55,130.68,100.43,137.94,1.27,114.95
26/05/19,142.0,78.1,153.36,117.86,161.88,1.49,134.9
27/05/19,160.0,88.0,172.8,132.8,182.4,1.68,152.0
28/05/19,177.0,97.35,191.16,146.91,201.78,1.86,168.15
29/05/19,185.0,101.75,199.8,153.55,210.9,1.94,175.75
30/05/19,218.0,119.9,235.44,180.94,248.52,2.29,207.1
31/05/19,280.0,154.0,302.4,232.4,319.2,2.94,266.0
01/06/19,264.0,145.2,285.12,219.12,300.96,2.77,250.8
02/06/19,201.0,110.55,217.08,166.83,229.14,2.11,190.95
03/06/19,261.0,143.55,281.88,216.63,297.54,2.74,247.95
04/06/19,169.0,92.95,182.52,140.27,192.66,1.77,160.55
05/06/19,192.0,105.6,207.36,159.36,218.88,2.02,182.4
06/06/19,206.0,113.3,222.48,170.98,234.84,2.16,195.7
07/06/19,173.0,95.15,186.84,143.59,197.22,1.82,164.35
08/06/19,181.0,99.55,195.48,150.23,206.34,1.9,171.95
09/06/19,239.0,131.45,258.12,198.37,272.46,2.51,227.05
10/06/19,207.0,113.85,223.56,171.81,235.98,2.17,196.65
11/06/19,307.0,168.85,331.56,254.81,349.98,3.22,291.65
12/06/19,233.0,128.15,251.64,193.39,265.62,2.45,221.35
13/06/19,175.0,96.25,189.0,145.25,199.5,1.84,166.25
14/06/19,171.0,94.05,184.68,141.93,194.94,1.8,162.45
15/06/19,224.0,123.2,241.92,185.92,255.36,2.35,212.8
16/06/19,178.0,97.9,192.24,147.74,202.92,1.87,169.1
17/06/19,123.0,67.65,132.84,102.09,140.22,1.29,116.85
18/06/19,97.0,53.35,104.76,80.51,110.58,1.02,92.15
19/06/19,199.0,109.45,214.92,165.17,226.86,2.09,189.05
20/06/19,141.0,77.55,152.28,117.03,160.74,1.48,133.95
21/06/19,177.0,97.35,191.16,146.91,201.78,1.86,168.15
22/06/19,189.0,103.95,204.12,156.87,215.46,1.98,179.55
23/06/19,148.0,81.4,159.84,122.84,168.72,1.55,140.6
24/06/19,109.0,59.95,117.72,90.47,124.26,1.14,103.55
25/06/19,133.0,73.15,143.64,110.39,151.62,1.4,126.35
26/06/19,162.0,89.1,174.96,134.46,184.68,1.7,153.9
27/06/19,184.0,101.2,198.72,152.72,209.76,1.93,174.8
28/06/19,191.0,105.05,206.28,158.53,217.74,2.01,181.45
29/06/19,231.0,127.05,249.48,191.73,263.34,2.43,219.45
30/06/19,237.0,130.35,255.96,196.71,270.18,2.49,225.15
01/07/19,183.0,100.65,197.64,151.89,208.62,1.92,173.85
02/07/19,218.0,119.9,235.44,180.94,248.52,2.29,207.1
03/07/19,136.0,74.8,146.88,112.88,155.04,1.43,129.2
04/07/19,103.0,56.65,111.24,85.49,117.42,1.08,97.85
05/07/19,106.0,58.3,114.48,87.98,120.84,1.11,100.7
06/07/19,88.0,48.4,95.04,73.04,100.32,0.92,83.6
07/07/19,91.0,50.05,98.28,75.53,103.74,0.96,86.45
08/07/19,127.0,69.85,137.16,105.41,144.78,1.33,120.65
09/07/19,126.0,69.3,136.08,104.58,143.64,1.32,119.7
10/07/19,148.0,81.4,159.84,122.84,168.72,1.55,140.6
11/07/19,317.0,174.35,342.36,263.11,361.38,3.33,301.15
12/07/19,272.0,149.6,293.76,225.76,310.08,2.86,258.4
13/07/19,275.0,151.25,297.0,228.25,313.5,2.89,261.25
14/07/19,235.0,129.25,253.8,195.05,267.9,2.47,223.25
15/07/19,168.0,92.4,181.44,139.44,191.52,1.76,159.6
16/07/19,93.0,51.15,100.44,77.19,106.02,0.98,88.35
17/07/19,73.0,40.15,78.84,60.59,83.22,0.77,69.35
18/07/19,85.0,46.75,91.8,70.55,96.9,0.89,80.75
19/07/19,145.0,79.75,156.6,120.35,165.3,1.52,137.75
20/07/19,124.0,68.2,133.92,102.92,141.36,1.3,117.8
21/07/19,108.0,59.4,116.64,89.64,123.12,1.13,102.6
22/07/19,112.0,61.6,120.96,92.96,127.68,1.18,106.4
23/07/19,148.0,81.4,159.84,122.84,168.72,1.55,140.6
24/07/19,164.0,90.2,177.12,136.12,186.96,1.72,155.8
25/07/19,78.0,42.9,84.24,64.74,88.92,0.82,74.1
26/07/19,81.0,44.55,87.48,67.23,92.34,0.85,76.95
27/07/19,61.0,33.55,65.88,50.63,69.54,0.64,57.95
28/07/19,64.0,35.2,69.12,53.12,72.96,0.67,60.8
29/07/19,65.0,35.75,70.2,53.95,74.1,0.68,61.75
30/07/19,80.0,44.0,86.4,66.4,91.2,0.84,76.0
31/07/19,80.0,44.0,86.4,66.4,91.2,0.84,76.0
01/08/19,89.0,48.95,96.12,73.87,101.46,0.93,84.55
02/08/19,84.0,46.2,90.72,69.72,95.76,0.88,79.8
03/08/19,89.0,48.95,96.12,73.87,101.46,0.93,84.55
04/08/19,87.0,47.85,93.96,72.21,99.18,0.91,82.65
05/08/19,105.0,57.75,113.4,87.15,119.7,1.1,99.75
06/08/19,76.0,41.8,82.08,63.08,86.64,0.8,72.2
07/08/19,75.0,41.25,81.0,62.25,85.5,0.79,71.25
08/08/19,79.0,43.45,85.32,65.57,90.06,0.83,75.05
09/08/19,75.0,41.25,81.0,62.25,85.5,0.79,71.25
10/08/19,59.0,32.45,63.72,48.97,67.26,0.62,56.05
11/08/19,68.0,37.4,73.44,56.44,77.52,0.71,64.6
12/08/19,57.0,31.35,61.56,47.31,64.98,0.6,54.15
13/08/19,69.0,37.95,74.52,57.27,78.66,0.72,65.55
14/08/19,63.0,34.65,68.04,52.29,71.82,0.66,59.85
15/08/19,75.0,41.25,81.0,62.25,85.5,0.79,71.25
16/08/19,53.0,29.15,57.24,43.99,60.42,0.56,50.35
17/08/19,49.0,26.95,52.92,40.67,55.86,0.51,46.55
18/08/19,49.0,26.95,52.92,40.67,55.86,0.51,46.55
19/08/19,81.0,44.55,87.48,67.23,92.34,0.85,76.95
20/08/19,97.0,53.35,104.76,80.51,110.58,1.02,92.15
21/08/19,109.0,59.95,117.72,90.47,124.26,1.14,103.55
22/08/19,123.0,67.65,132.84,102.09,140.22,1.29,116.85
23/08/19,129.0,70.95,139.32,107.07,147.06,1.35,122.55
24/08/19,147.0,80.85,158.76,122.01,167.58,1.54,139.65
25/08/19,91.0,50.05,98.28,75.53,103.74,0.96,86.45
26/08/19,66.0,36.3,71.28,54.78,75.24,0.69,62.7
27/08/19,117.0,64.35,126.36,97.11,133.38,1.23,111.15
28/08/19,105.0,57.75,113.4,87.15,119.7,1.1,99.75
29/08/19,91.0,50.05,98.28,75.53,103.74,0.96,86.45
30/08/19,101.0,55.55,109.08,83.83,115.14,1.06,95.95
31/08/19,114.0,62.7,123.12,94.62,129.96,1.2,108.3
01/09/19,108.0,59.4,116.64,89.64,123.12,1.13,102.6
02/09/19,96.0,52.8,103.68,79.68,109.44,1.01,91.2
03/09/19,141.0,77.55,152.28,117.03,160.74,1.48,133.95
04/09/19,173.0,95.15,186.84,143.59,197.22,1.82,164.35
05/09/19,95.0,52.25,102.6,78.85,108.3,1.0,90.25
06/09/19,90.0,49.5,97.2,74.7,102.6,0.95,85.5
07/09/19,82.0,45.1,88.56,68.06,93.48,0.86,77.9
08/09/19,77.0,42.35,83.16,63.91,87.78,0.81,73.15
09/09/19,108.0,59.4,116.64,89.64,123.12,1.13,102.6
10/09/19,137.0,75.35,147.96,113.71,156.18,1.44,130.15
11/09/19,168.0,92.4,181.44,139.44,191.52,1.76,159.6
12/09/19,151.0,83.05,163.08,125.33,172.14,1.59,143.45
13/09/19,86.0,47.3,92.88,71.38,98.04,0.9,81.7
14/09/19,72.0,39.6,77.76,59.76,82.08,0.76,68.4
15/09/19,72.0,39.6,77.76,59.76,82.08,0.76,68.4
16/09/19,105.0,57.75,113.4,87.15,119.7,1.1,99.75
17/09/19,135.0,74.25,145.8,112.05,153.9,1.42,128.25
18/09/19,110.0,60.5,118.8,91.3,125.4,1.16,104.5
19/09/19,66.0,36.3,71.28,54.78,75.24,0.69,62.7
20/09/19,90.0,49.5,97.2,74.7,102.6,0.95,85.5
21/09/19,114.0,62.7,123.12,94.62,129.96,1.2,108.3
22/09/19,67.0,36.85,72.36,55.61,76.38,0.7,63.65
23/09/19,83.0,45.65,89.64,68.89,94.62,0.87,78.85
24/09/19,94.0,51.7,101.52,78.02,107.16,0.99,89.3
25/09/19,90.0,49.5,97.2,74.7,102.6,0.95,85.5
26/09/19,74.0,40.7,79.92,61.42,84.36,0.78,70.3
27/09/19,63.0,34.65,68.04,52.29,71.82,0.66,59.85
28/09/19,67.0,36.85,72.36,55.61,76.38,0.7,63.65
29/09/19,60.0,33.0,64.8,49.8,68.4,0.63,57.0
30/09/19,68.0,37.4,73.44,56.44,77.52,0.71,64.6
01/10/19,93.0,51.15,100.44,77.19,106.02,0.98,88.35
02/10/19,90.0,49.5,97.2,74.7,102.6,0.95,85.5
03/10/19,136.0,74.8,146.88,112.88,155.04,1.43,129.2
04/10/19,100.0,55.0,108.0,83.0,114.0,1.05,95.0
05/10/19,98.0,53.9,105.84,81.34,111.72,1.03,93.1
06/10/19,127.0,69.85,137.16,105.41,144.78,1.33,120.65
07/10/19,130.0,71.5,140.4,107.9,148.2,1.37,123.5
08/10/19,112.0,61.6,120.96,92.96,127.68,1.18,106.4
09/10/19,173.0,95.15,186.84,143.59,197.22,1.82,164.35
10/10/19,211.0,116.05,227.88,175.13,240.54,2.22,200.45
11/10/19,216.0,118.8,233.28,179.28,246.24,2.27,205.2
12/10/19,222.0,122.1,239.76,184.26,253.08,2.33,210.9
13/10/19,270.0,148.5,291.6,224.1,307.8,2.84,256.5
14/10/19,252.0,138.6,272.16,209.16,287.28,2.65,239.4
15/10/19,270.0,148.5,291.6,224.1,307.8,2.84,256.5
16/10/19,304.0,167.2,328.32,252.32,346.56,3.19,288.8
17/10/19,284.0,156.2,306.72,235.72,323.76,2.98,269.8
18/10/19,248.0,136.4,267.84,205.84,282.72,2.6,235.6
19/10/19,161.0,88.55,173.88,133.63,183.54,1.69,152.95
20/10/19,238.0,130.9,257.04,197.54,271.32,2.5,226.1
21/10/19,249.0,136.95,268.92,206.67,283.86,2.61,236.55
22/10/19,207.0,113.85,223.56,171.81,235.98,2.17,196.65
23/10/19,242.0,133.1,261.36,200.86,275.88,2.54,229.9
24/10/19,311.0,171.05,335.88,258.13,354.54,3.27,295.45
25/10/19,284.0,156.2,306.72,235.72,323.76,2.98,269.8
26/10/19,287.0,157.85,309.96,238.21,327.18,3.01,272.65
27/10/19,337.0,185.35,363.96,279.71,384.18,3.54,320.15
28/10/19,368.0,202.4,397.44,305.44,419.52,3.86,349.6
29/10/19,400.0,220.0,432.0,332.0,456.0,4.2,380.0
30/10/19,419.0,230.45,452.52,347.77,477.66,4.4,398.05
31/10/19,410.0,225.5,442.8,340.3,467.4,4.31,389.5
01/11/19,484.0,266.2,522.72,401.72,551.76,5.08,459.8
02/11/19,399.0,219.45,430.92,331.17,454.86,4.19,379.05
03/11/19,494.0,271.7,533.52,410.02,563.16,5.19,469.3
04/11/19,407.0,223.85,439.56,337.81,463.98,4.27,386.65
05/11/19,324.0,178.2,349.92,268.92,369.36,3.4,307.8
06/11/19,214.0,117.7,231.12,177.62,243.96,2.25,203.3
07/11/19,309.0,169.95,333.72,256.47,352.26,3.24,293.55
08/11/19,330.0,181.5,356.4,273.9,376.2,3.47,313.5
09/11/19,283.0,155.65,305.64,234.89,322.62,2.97,268.85
10/11/19,321.0,176.55,346.68,266.43,365.94,3.37,304.95
11/11/19,360.0,198.0,388.8,298.8,410.4,3.78,342.0
12/11/19,425.0,233.75,459.0,352.75,484.5,4.46,403.75
13/11/19,456.0,250.8,492.48,378.48,519.84,4.79,433.2
14/11/19,463.0,254.65,500.04,384.29,527.82,4.86,439.85
15/11/19,458.0,251.9,494.64,380.14,522.12,4.81,435.1
16/11/19,357.0,196.35,385.56,296.31,406.98,3.75,339.15
17/11/19,215.0,118.25,232.2,178.45,245.1,2.26,204.25
18/11/19,214.0,117.7,231.12,177.62,243.96,2.25,203.3
19/11/19,242.0,133.1,261.36,200.86,275.88,2.54,229.9
20/11/19,301.0,165.55,325.08,249.83,343.14,3.16,285.95
21/11/19,366.0,201.3,395.28,303.78,417.24,3.84,347.7
22/11/19,360.0,198.0,388.8,298.8,410.4,3.78,342.0
23/11/19,312.0,171.6,336.96,258.96,355.68,3.28,296.4
24/11/19,234.0,128.7,252.72,194.22,266.76,2.46,222.3
25/11/19,252.0,138.6,272.16,209.16,287.28,2.65,239.4
26/11/19,270.0,148.5,291.6,224.1,307.8,2.84,256.5
27/11/19,134.0,73.7,144.72,111.22,152.76,1.41,127.3
28/11/19,106.0,58.3,114.48,87.98,120.84,1.11,100.7
29/11/19,84.0,46.2,90.72,69.72,95.76,0.88,79.8
30/11/19,193.0,106.15,208.44,160.19,220.02,2.03,183.35
01/12/19,250.0,137.5,270.0,207.5,285.0,2.63,237.5
02/12/19,279.0,153.45,301.32,231.57,318.06,2.93,265.05
03/12/19,282.0,155.1,304.56,234.06,321.48,2.96,267.9
04/12/19,296.0,162.8,319.68,245.68,337.44,3.11,281.2
05/12/19,382.0,210.1,412.56,317.06,435.48,4.01,362.9
06/12/19,404.0,222.2,436.32,335.32,460.56,4.24,383.8
07/12/19,371.0,204.05,400.68,307.93,422.94,3.9,352.45
08/12/19,391.0,215.05,422.28,324.53,445.74,4.11,371.45
09/12/19,343.0,188.65,370.44,284.69,391.02,3.6,325.85
10/12/19,369.0,202.95,398.52,306.27,420.66,3.87,350.55
11/12/19,408.0,224.4,440.64,338.64,465.12,4.28,387.6
12/12/19,430.0,236.5,464.4,356.9,490.2,4.52,408.5
13/12/19,240.0,132.0,259.2,199.2,273.6,2.52,228.0
14/12/19,163.0,89.65,176.04,135.29,185.82,1.71,154.85
15/12/19,213.0,117.15,230.04,176.79,242.82,2.24,202.35
16/12/19,186.0,102.3,200.88,154.38,212.04,1.95,176.7
17/12/19,168.0,92.4,181.44,139.44,191.52,1.76,159.6
18/12/19,292.0,160.6,315.36,242.36,332.88,3.07,277.4
19/12/19,362.0,199.1,390.96,300.46,412.68,3.8,343.9
20/12/19,432.0,237.6,466.56,358.56,492.48,4.54,410.4
21/12/19,418.0,229.9,451.44,346.94,476.52,4.39,397.1
22/12/19,322.0,177.1,347.76,267.26,367.08,3.38,305.9
23/12/19,327.0,179.85,353.16,271.41,372.78,3.43,310.65
24/12/19,383.0,210.65,413.64,317.89,436.62,4.02,363.85
25/12/19,350.0,192.5,378.0,290.5,399.0,3.68,332.5
26/12/19,349.0,191.95,376.92,289.67,397.86,3.66,331.55
27/12/19,373.0,205.15,402.84,309.59,425.22,3.92,354.35
28/12/19,409.0,224.95,441.72,339.47,466.26,4.29,388.55
29/12/19,431.0,237.05,465.48,357.73,491.34,4.53,409.45
30/12/19,446.0,245.3,481.68,370.18,508.44,4.68,423.7
31/12/19,387.0,212.85,417.96,321.21,441.18,4.06,367.65
01/01/20,437.0,240.35,471.96,362.71,498.18,4.59,415.15
02/01/20,417.0,229.35,450.36,346.11,475.38,4.38,396.15
03/01/20,352.0,193.6,380.16,292.16,401.28,3.7,334.4
04/01/20,334.0,183.7,360.72,277.22,380.76,3.51,317.3
05/01/20,330.0,181.5,356.4,273.9,376.2,3.47,313.5
06/01/20,325.0,178.75,351.0,269.75,370.5,3.41,308.75
07/01/20,254.0,139.7,274.32,210.82,289.56,2.67,241.3
08/01/20,266.0,146.3,287.28,220.78,303.24,2.79,252.7
09/01/20,203.0,111.65,219.24,168.49,231.42,2.13,192.85
10/01/20,255.0,140.25,275.4,211.65,290.7,2.68,242.25
11/01/20,288.0,158.4,311.04,239.04,328.32,3.02,273.6
12/01/20,348.0,191.4,375.84,288.84,396.72,3.65,330.6
13/01/20,366.0,201.3,395.28,303.78,417.24,3.84,347.7
14/01/20,283.0,155.65,305.64,234.89,322.62,2.97,268.85
15/01/20,218.0,119.9,235.44,180.94,248.52,2.29,207.1
16/01/20,281.0,154.55,303.48,233.23,320.34,2.95,266.95
17/01/20,265.0,145.75,286.2,219.95,302.1,2.78,251.75
18/01/20,243.0,133.65,262.44,201.69,277.02,2.55,230.85
19/01/20,277.0,152.35,299.16,229.91,315.78,2.91,263.15
20/01/20,269.0,147.95,290.52,223.27,306.66,2.82,255.55
21/01/20,364.0,200.2,393.12,302.12,414.96,3.82,345.8
22/01/20,370.0,203.5,399.6,307.1,421.8,3.89,351.5
23/01/20,211.0,116.05,227.88,175.13,240.54,2.22,200.45
24/01/20,151.0,83.05,163.08,125.33,172.14,1.59,143.45
25/01/20,250.0,137.5,270.0,207.5,285.0,2.63,237.5
26/01/20,325.0,178.75,351.0,269.75,370.5,3.41,308.75
27/01/20,345.0,189.75,372.6,286.35,393.3,3.62,327.75
28/01/20,243.0,133.65,262.44,201.69,277.02,2.55,230.85
29/01/20,194.0,106.7,209.52,161.02,221.16,2.04,184.3
30/01/20,202.0,111.1,218.16,167.66,230.28,2.12,191.9
31/01/20,190.0,104.5,205.2,157.7,216.6,2.0,180.5
01/02/20,232.0,127.6,250.56,192.56,264.48,2.44,220.4
02/02/20,244.0,134.2,263.52,202.52,278.16,2.56,231.8
03/02/20,270.0,148.5,291.6,224.1,307.8,2.84,256.5
04/02/20,310.0,170.5,334.8,257.3,353.4,3.26,294.5
05/02/20,312.0,171.6,336.96,258.96,355.68,3.28,296.4
06/02/20,231.0,127.05,249.48,191.73,263.34,2.43,219.45
07/02/20,295.0,162.25,318.6,244.85,336.3,3.1,280.25
08/02/20,289.0,158.95,312.12,239.87,329.46,3.03,274.55
09/02/20,285.0,156.75,307.8,236.55,324.9,2.99,270.75
10/02/20,309.0,169.95,333.72,256.47,352.26,3.24,293.55
11/02/20,323.0,177.65,348.84,268.09,368.22,3.39,306.85
12/02/20,320.0,176.0,345.6,265.6,364.8,3.36,304.0
13/02/20,241.0,132.55,260.28,200.03,274.74,2.53,228.95
14/02/20,173.0,95.15,186.84,143.59,197.22,1.82,164.35
15/02/20,167.0,91.85,180.36,138.61,190.38,1.75,158.65
16/02/20,247.0,135.85,266.76,205.01,281.58,2.59,234.65
17/02/20,293.0,161.15,316.44,243.19,334.02,3.08,278.35
18/02/20,252.0,138.6,272.16,209.16,287.28,2.65,239.4
19/02/20,272.0,149.6,293.76,225.76,310.08,2.86,258.4
20/02/20,230.0,126.5,248.4,190.9,262.2,2.42,218.5
21/02/20,144.0,79.2,155.52,119.52,164.16,1.51,136.8
22/02/20,100.0,55.0,108.0,83.0,114.0,1.05,95.0
23/02/20,225.0,123.75,243.0,186.75,256.5,2.36,213.75
24/02/20,142.0,78.1,153.36,117.86,161.88,1.49,134.9
25/02/20,249.0,136.95,268.92,206.67,283.86,2.61,236.55
26/02/20,274.0,150.7,295.92,227.42,312.36,2.88,260.3
27/02/20,233.0,128.15,251.64,193.39,265.62,2.45,221.35
28/02/20,198.0,108.9,213.84,164.34,225.72,2.08,188.1
01/03/20,90.0,49.5,97.2,74.7,102.6,0.95,85.5
02/03/20,205.0,112.75,221.4,170.15,233.7,2.15,194.75
03/03/20,205.0,112.75,221.4,170.15,233.7,2.15,194.75
04/03/20,195.0,107.25,210.6,161.85,222.3,2.05,185.25
05/03/20,79.0,43.45,85.32,65.57,90.06,0.83,75.05
06/03/20,64.0,35.2,69.12,53.12,72.96,0.67,60.8
07/03/20,67.0,36.85,72.36,55.61,76.38,0.7,63.65
08/03/20,164.0,90.2,177.12,136.12,186.96,1.72,155.8
09/03/20,123.0,67.65,132.84,102.09,140.22,1.29,116.85
10/03/20,188.0,103.4,203.04,156.04,214.32,1.97,178.6
11/03/20,116.0,63.8,125.28,96.28,132.24,1.22,110.2
12/03/20,127.0,69.85,137.16,105.41,144.78,1.33,120.65
13/03/20,173.0,95.15,186.84,143.59,197.22,1.82,164.35
14/03/20,108.0,59.4,116.64,89.64,123.12,1.13,102.6
15/03/20,131.0,72.05,141.48,108.73,149.34,1.38,124.45
16/03/20,139.0,76.45,150.12,115.37,158.46,1.46,132.05
17/03/20,157.0,86.35,169.56,130.31,178.98,1.65,149.15
18/03/20,151.0,83.05,163.08,125.33,172.14,1.59,143.45
19/03/20,186.0,102.3,200.88,154.38,212.04,1.95,176.7
20/03/20,192.0,105.6,207.36,159.36,218.88,2.02,182.4
21/03/20,186.0,102.3,200.88,154.38,212.04,1.95,176.7
22/03/20,191.0,105.05,206.28,158.53,217.74,2.01,181.45
23/03/20,124.0,68.2,133.92,102.92,141.36,1.3,117.8
24/03/20,122.0,67.1,131.76,101.26,139.08,1.28,115.9
25/03/20,77.0,42.35,83.16,63.91,87.78,0.81,73.15
26/03/20,92.0,50.6,99.36,76.36,104.88,0.97,87.4
27/03/20,69.0,37.95,74.52,57.27,78.66,0.72,65.55
28/03/20,45.0,24.75,48.6,37.35,51.3,0.47,42.75
29/03/20,62.0,34.1,66.96,51.46,70.68,0.65,58.9
30/03/20,71.0,39.05,76.68,58.93,80.94,0.75,67.45
31/03/20,76.0,41.8,82.08,63.08,86.64,0.8,72.2
01/04/20,73.0,40.15,78.84,60.59,83.22,0.77,69.35
02/04/20,69.0,37.95,74.52,57.27,78.66,0.72,65.55
03/04/20,79.0,43.45,85.32,65.57,90.06,0.83,75.05
04/04/20,87.0,47.85,93.96,72.21,99.18,0.91,82.65
05/04/20,102.0,56.1,110.16,84.66,116.28,1.07,96.9
06/04/20,142.0,78.1,153.36,117.86,161.88,1.49,134.9
07/04/20,90.0,49.5,97.2,74.7,102.6,0.95,85.5
08/04/20,83.0,45.65,89.64,68.89,94.62,0.87,78.85
09/04/20,86.0,47.3,92.88,71.38,98.04,0.9,81.7
10/04/20,118.0,64.9,127.44,97.94,134.52,1.24,112.1
11/04/20,124.0,68.2,133.92,102.92,141.36,1.3,117.8
12/04/20,94.0,51.7,101.52,78.02,107.16,0.99,89.3
13/04/20,126.0,69.3,136.08,104.58,143.64,1.32,119.7
14/04/20,130.0,71.5,140.4,107.9,148.2,1.37,123.5
15/04/20,155.0,85.25,167.4,128.65,176.7,1.63,147.25
16/04/20,180.0,99.0,194.4,149.4,205.2,1.89,171.0
17/04/20,105.0,57.75,113.4,87.15,119.7,1.1,99.75
18/04/20,98.0,53.9,105.84,81.34,111.72,1.03,93.1
19/04/20,85.0,46.75,91.8,70.55,96.9,0.89,80.75
20/04/20,119.0,65.45,128.52,98.77,135.66,1.25,113.05
21/04/20,87.0,47.85,93.96,72.21,99.18,0.91,82.65
22/04/20,131.0,72.05,141.48,108.73,149.34,1.38,124.45
23/04/20,122.0,67.1,131.76,101.26,139.08,1.28,115.9
24/04/20,139.0,76.45,150.12,115.37,158.46,1.46,132.05
25/04/20,98.0,53.9,105.84,81.34,111.72,1.03,93.1
26/04/20,117.0,64.35,126.36,97.11,133.38,1.23,111.15
27/04/20,89.0,48.95,96.12,73.87,101.46,0.93,84.55
28/04/20,100.0,55.0,108.0,83.0,114.0,1.05,95.0
29/04/20,125.0,68.75,135.0,103.75,142.5,1.31,118.75
30/04/20,138.0,75.9,149.04,114.54,157.32,1.45,131.1
01/05/20,146.0,80.3,157.68,121.18,166.44,1.53,138.7
02/05/20,112.0,61.6,120.96,92.96,127.68,1.18,106.4
03/05/20,93.0,51.15,100.44,77.19,106.02,0.98,88.35
04/05/20,94.0,51.7,101.52,78.02,107.16,0.99,89.3
05/05/20,119.0,65.45,128.52,98.77,135.66,1.25,113.05
06/05/20,139.0,76.45,150.12,115.37,158.46,1.46,132.05
07/05/20,127.0,69.85,137.16,105.41,144.78,1.33,120.65
08/05/20,134.0,73.7,144.72,111.22,152.76,1.41,127.3
09/05/20,144.0,79.2,155.52,119.52,164.16,1.51,136.8
10/05/20,121.0,66.55,130.68,100.43,137.94,1.27,114.95
11/05/20,116.0,63.8,125.28,96.28,132.24,1.22,110.2
12/05/20,125.0,68.75,135.0,103.75,142.5,1.31,118.75
13/05/20,150.0,82.5,162.0,124.5,171.0,1.58,142.5
14/05/20,149.0,81.95,160.92,123.67,169.86,1.56,141.55
15/05/20,123.0,67.65,132.84,102.09,140.22,1.29,116.85
16/05/20,179.0,98.45,193.32,148.57,204.06,1.88,170.05
17/05/20,200.0,110.0,216.0,166.0,228.0,2.1,190.0
18/05/20,206.0,113.3,222.48,170.98,234.84,2.16,195.7
19/05/20,212.0,116.6,228.96,175.96,241.68,2.23,201.4
20/05/20,166.0,91.3,179.28,137.78,189.24,1.74,157.7
21/05/20,147.0,80.85,158.76,122.01,167.58,1.54,139.65
22/05/20,199.0,109.45,214.92,165.17,226.86,2.09,189.05
23/05/20,181.0,99.55,195.48,150.23,206.34,1.9,171.95
24/05/20,172.0,94.6,185.76,142.76,196.08,1.81,163.4
25/05/20,153.0,84.15,165.24,126.99,174.42,1.61,145.35
26/05/20,154.0,84.7,166.32,127.82,175.56,1.62,146.3
27/05/20,156.0,85.8,168.48,129.48,177.84,1.64,148.2
28/05/20,188.0,103.4,203.04,156.04,214.32,1.97,178.6
29/05/20,101.0,55.55,109.08,83.83,115.14,1.06,95.95
30/05/20,78.0,42.9,84.24,64.74,88.92,0.82,74.1
31/05/20,72.0,39.6,77.76,59.76,82.08,0.76,68.4
01/06/20,104.0,57.2,112.32,86.32,118.56,1.09,98.8
02/06/20,124.0,68.2,133.92,102.92,141.36,1.3,117.8
03/06/20,122.0,67.1,131.76,101.26,139.08,1.28,115.9
04/06/20,153.0,84.15,165.24,126.99,174.42,1.61,145.35
05/06/20,111.0,61.05,119.88,92.13,126.54,1.17,105.45
06/06/20,102.0,56.1,110.16,84.66,116.28,1.07,96.9
07/06/20,107.0,58.85,115.56,88.81,121.98,1.12,101.65
08/06/20,108.0,59.4,116.64,89.64,123.12,1.13,102.6
09/06/20,139.0,76.45,150.12,115.37,158.46,1.46,132.05
10/06/20,152.0,83.6,164.16,126.16,173.28,1.6,144.4
11/06/20,141.0,77.55,152.28,117.03,160.74,1.48,133.95
12/06/20,153.0,84.15,165.24,126.99,174.42,1.61,145.35
13/06/20,123.0,67.65,132.84,102.09,140.22,1.29,116.85
14/06/20,154.0,84.7,166.32,127.82,175.56,1.62,146.3
15/06/20,115.0,63.25,124.2,95.45,131.1,1.21,109.25
16/06/20,118.0,64.9,127.44,97.94,134.52,1.24,112.1
17/06/20,109.0,59.95,117.72,90.47,124.26,1.14,103.55
18/06/20,95.0,52.25,102.6,78.85,108.3,1.0,90.25
19/06/20,148.0,81.4,159.84,122.84,168.72,1.55,140.6
20/06/20,149.0,81.95,160.92,123.67,169.86,1.56,141.55
21/06/20,98.0,53.9,105.84,81.34,111.72,1.03,93.1
22/06/20,92.0,50.6,99.36,76.36,104.88,0.97,87.4
23/06/20,76.0,41.8,82.08,63.08,86.64,0.8,72.2
24/06/20,66.0,36.3,71.28,54.78,75.24,0.69,62.7
25/06/20,85.0,46.75,91.8,70.55,96.9,0.89,80.75
26/06/20,105.0,57.75,113.4,87.15,119.7,1.1,99.75
27/06/20,108.0,59.4,116.64,89.64,123.12,1.13,102.6
28/06/20,209.0,114.95,225.72,173.47,238.26,2.19,198.55
29/06/20,230.0,126.5,248.4,190.9,262.2,2.42,218.5
30/06/20,102.0,56.1,110.16,84.66,116.28,1.07,96.9
01/07/20,117.0,64.35,126.36,97.11,133.38,1.23,111.15
02/07/20,127.0,69.85,137.16,105.41,144.78,1.33,120.65
03/07/20,156.0,85.8,168.48,129.48,177.84,1.64,148.2
04/07/20,105.0,57.75,113.4,87.15,119.7,1.1,99.75
05/07/20,90.0,49.5,97.2,74.7,102.6,0.95,85.5
06/07/20,90.0,49.5,97.2,74.7,102.6,0.95,85.5
07/07/20,65.0,35.75,70.2,53.95,74.1,0.68,61.75
08/07/20,51.0,28.05,55.08,42.33,58.14,0.54,48.45
09/07/20,78.0,42.9,84.24,64.74,88.92,0.82,74.1
10/07/20,67.0,36.85,72.36,55.61,76.38,0.7,63.65
11/07/20,68.0,37.4,73.44,56.44,77.52,0.71,64.6
12/07/20,71.0,39.05,76.68,58.93,80.94,0.75,67.45
13/07/20,72.0,39.6,77.76,59.76,82.08,0.76,68.4
14/07/20,127.0,69.85,137.16,105.41,144.78,1.33,120.65
15/07/20,124.0,68.2,133.92,102.92,141.36,1.3,117.8
16/07/20,72.0,39.6,77.76,59.76,82.08,0.76,68.4
17/07/20,79.0,43.45,85.32,65.57,90.06,0.83,75.05
18/07/20,92.0,50.6,99.36,76.36,104.88,0.97,87.4
19/07/20,65.0,35.75,70.2,53.95,74.1,0.68,61.75
20/07/20,60.0,33.0,64.8,49.8,68.4,0.63,57.0
21/07/20,61.0,33.55,65.88,50.63,69.54,0.64,57.95
22/07/20,59.0,32.45,63.72,48.97,67.26,0.62,56.05
23/07/20,65.0,35.75,70.2,53.95,74.1,0.68,61.75
24/07/20,100.0,55.0,108.0,83.0,114.0,1.05,95.0
25/07/20,67.0,36.85,72.36,55.61,76.38,0.7,63.65
26/07/20,78.0,42.9,84.24,64.74,88.92,0.82,74.1
27/07/20,100.0,55.0,108.0,83.0,114.0,1.05,95.0
28/07/20,72.0,39.6,77.76,59.76,82.08,0.76,68.4
29/07/20,90.0,49.5,97.2,74.7,102.6,0.95,85.5
30/07/20,55.0,30.25,59.4,45.65,62.7,0.58,52.25
31/07/20,75.0,41.25,81.0,62.25,85.5,0.79,71.25
01/08/20,81.0,44.55,87.48,67.23,92.34,0.85,76.95
02/08/20,61.0,33.55,65.88,50.63,69.54,0.64,57.95
03/08/20,67.0,36.85,72.36,55.61,76.38,0.7,63.65
04/08/20,62.0,34.1,66.96,51.46,70.68,0.65,58.9
05/08/20,86.0,47.3,92.88,71.38,98.04,0.9,81.7
06/08/20,69.0,37.95,74.52,57.27,78.66,0.72,65.55
07/08/20,54.0,29.7,58.32,44.82,61.56,0.57,51.3
08/08/20,87.0,47.85,93.96,72.21,99.18,0.91,82.65
09/08/20,74.0,40.7,79.92,61.42,84.36,0.78,70.3
10/08/20,72.0,39.6,77.76,59.76,82.08,0.76,68.4
11/08/20,75.0,41.25,81.0,62.25,85.5,0.79,71.25
12/08/20,63.0,34.65,68.04,52.29,71.82,0.66,59.85
13/08/20,50.0,27.5,54.0,41.5,57.0,0.53,47.5
14/08/20,58.0,31.9,62.64,48.14,66.12,0.61,55.1
15/08/20,67.0,36.85,72.36,55.61,76.38,0.7,63.65
16/08/20,52.0,28.6,56.16,43.16,59.28,0.55,49.4
17/08/20,66.0,36.3,71.28,54.78,75.24,0.69,62.7
18/08/20,72.0,39.6,77.76,59.76,82.08,0.76,68.4
19/08/20,57.0,31.35,61.56,47.31,64.98,0.6,54.15
20/08/20,50.0,27.5,54.0,41.5,57.0,0.53,47.5
21/08/20,57.0,31.35,61.56,47.31,64.98,0.6,54.15
22/08/20,53.0,29.15,57.24,43.99,60.42,0.56,50.35
23/08/20,53.0,29.15,57.24,43.99,60.42,0.56,50.35
24/08/20,45.0,24.75,48.6,37.35,51.3,0.47,42.75
25/08/20,61.0,33.55,65.88,50.63,69.54,0.64,57.95
26/08/20,57.0,31.35,61.56,47.31,64.98,0.6,54.15
27/08/20,64.0,35.2,69.12,53.12,72.96,0.67,60.8
28/08/20,79.0,43.45,85.32,65.57,90.06,0.83,75.05
29/08/20,77.0,42.35,83.16,63.91,87.78,0.81,73.15
30/08/20,70.0,38.5,75.6,58.1,79.8,0.74,66.5
31/08/20,41.0,22.55,44.28,34.03,46.74,0.43,38.95
01/09/20,53.0,29.15,57.24,43.99,60.42,0.56,50.35
02/09/20,69.0,37.95,74.52,57.27,78.66,0.72,65.55
03/09/20,84.0,46.2,90.72,69.72,95.76,0.88,79.8
04/09/20,82.0,45.1,88.56,68.06,93.48,0.86,77.9
05/09/20,101.0,55.55,109.08,83.83,115.14,1.06,95.95
06/09/20,70.0,38.5,75.6,58.1,79.8,0.74,66.5
07/09/20,93.0,51.15,100.44,77.19,106.02,0.98,88.35
08/09/20,79.0,43.45,85.32,65.57,90.06,0.83,75.05
09/09/20,105.0,57.75,113.4,87.15,119.7,1.1,99.75
10/09/20,108.0,59.4,116.64,89.64,123.12,1.13,102.6
11/09/20,136.0,74.8,146.88,112.88,155.04,1.43,129.2
12/09/20,144.0,79.2,155.52,119.52,164.16,1.51,136.8
13/09/20,142.0,78.1,153.36,117.86,161.88,1.49,134.9
14/09/20,152.0,83.6,164.16,126.16,173.28,1.6,144.4
15/09/20,144.0,79.2,155.52,119.52,164.16,1.51,136.8
16/09/20,151.0,83.05,163.08,125.33,172.14,1.59,143.45
17/09/20,120.0,66.0,129.6,99.6,136.8,1.26,114.0
18/09/20,108.0,59.4,116.64,89.64,123.12,1.13,102.6
19/09/20,118.0,64.9,127.44,97.94,134.52,1.24,112.1
20/09/20,148.0,81.4,159.84,122.84,168.72,1.55,140.6
21/09/20,142.0,78.1,153.36,117.86,161.88,1.49,134.9
22/09/20,115.0,63.25,124.2,95.45,131.1,1.21,109.25
23/09/20,76.0,41.8,82.08,63.08,86.64,0.8,72.2
24/09/20,104.0,57.2,112.32,86.32,118.56,1.09,98.8
25/09/20,143.0,78.65,154.44,118.69,163.02,1.5,135.85
26/09/20,165.0,90.75,178.2,136.95,188.1,1.73,156.75
27/09/20,117.0,64.35,126.36,97.11,133.38,1.23,111.15
28/09/20,159.0,87.45,171.72,131.97,181.26,1.67,151.05
29/09/20,177.0,97.35,191.16,146.91,201.78,1.86,168.15
30/09/20,156.0,85.8,168.48,129.48,177.84,1.64,148.2
01/10/20,152.0,83.6,164.16,126.16,173.28,1.6,144.4
02/10/20,180.0,99.0,194.4,149.4,205.2,1.89,171.0
03/10/20,189.0,103.95,204.12,156.87,215.46,1.98,179.55
04/10/20,184.0,101.2,198.72,152.72,209.76,1.93,174.8
05/10/20,179.0,98.45,193.32,148.57,204.06,1.88,170.05
06/10/20,178.0,97.9,192.24,147.74,202.92,1.87,169.1
07/10/20,215.0,118.25,232.2,178.45,245.1,2.26,204.25
08/10/20,208.0,114.4,224.64,172.64,237.12,2.18,197.6
09/10/20,202.0,111.1,218.16,167.66,230.28,2.12,191.9
10/10/20,221.0,121.55,238.68,183.43,251.94,2.32,209.95
11/10/20,216.0,118.8,233.28,179.28,246.24,2.27,205.2
12/10/20,261.0,143.55,281.88,216.63,297.54,2.74,247.95
13/10/20,300.0,165.0,324.0,249.0,342.0,3.15,285.0
14/10/20,276.0,151.8,298.08,229.08,314.64,2.9,262.2
15/10/20,312.0,171.6,336.96,258.96,355.68,3.28,296.4
16/10/20,237.0,130.35,255.96,196.71,270.18,2.49,225.15
17/10/20,287.0,157.85,309.96,238.21,327.18,3.01,272.65
18/10/20,254.0,139.7,274.32,210.82,289.56,2.67,241.3
19/10/20,244.0,134.2,263.52,202.52,278.16,2.56,231.8
20/10/20,223.0,122.65,240.84,185.09,254.22,2.34,211.85
21/10/20,256.0,140.8,276.48,212.48,291.84,2.69,243.2
22/10/20,296.0,162.8,319.68,245.68,337.44,3.11,281.2
23/10/20,366.0,201.3,395.28,303.78,417.24,3.84,347.7
24/10/20,345.0,189.75,372.6,286.35,393.3,3.62,327.75
25/10/20,349.0,191.95,376.92,289.67,397.86,3.66,331.55
26/10/20,353.0,194.15,381.24,292.99,402.42,3.71,335.35
27/10/20,312.0,171.6,336.96,258.96,355.68,3.28,296.4
28/10/20,297.0,163.35,320.76,246.51,338.58,3.12,282.15
29/10/20,395.0,217.25,426.6,327.85,450.3,4.15,375.25
30/10/20,374.0,205.7,403.92,310.42,426.36,3.93,355.3
31/10/20,367.0,201.85,396.36,304.61,418.38,3.85,348.65
01/11/20,364.0,200.2,393.12,302.12,414.96,3.82,345.8
02/11/20,293.0,161.15,316.44,243.19,334.02,3.08,278.35
03/11/20,302.0,166.1,326.16,250.66,344.28,3.17,286.9
04/11/20,343.0,188.65,370.44,284.69,391.02,3.6,325.85
05/11/20,450.0,247.5,486.0,373.5,513.0,4.73,427.5
06/11/20,406.0,223.3,438.48,336.98,462.84,4.26,385.7
07/11/20,427.0,234.85,461.16,354.41,486.78,4.48,405.65
08/11/20,416.0,228.8,449.28,345.28,474.24,4.37,395.2
09/11/20,477.0,262.35,515.16,395.91,543.78,5.01,453.15
10/11/20,476.0,261.8,514.08,395.08,542.64,5.0,452.2
11/11/20,344.0,189.2,371.52,285.52,392.16,3.61,326.8
12/11/20,314.0,172.7,339.12,260.62,357.96,3.3,298.3
13/11/20,339.0,186.45,366.12,281.37,386.46,3.56,322.05
14/11/20,414.0,227.7,447.12,343.62,471.96,4.35,393.3
15/11/20,435.0,239.25,469.8,361.05,495.9,4.57,413.25
16/11/20,221.0,121.55,238.68,183.43,251.94,2.32,209.95
17/11/20,171.0,94.05,184.68,141.93,194.94,1.8,162.45
18/11/20,211.0,116.05,227.88,175.13,240.54,2.22,200.45
19/11/20,283.0,155.65,305.64,234.89,322.62,2.97,268.85
20/11/20,296.0,162.8,319.68,245.68,337.44,3.11,281.2
21/11/20,251.0,138.05,271.08,208.33,286.14,2.64,238.45
22/11/20,274.0,150.7,295.92,227.42,312.36,2.88,260.3
23/11/20,295.0,162.25,318.6,244.85,336.3,3.1,280.25
24/11/20,379.0,208.45,409.32,314.57,432.06,3.98,360.05
25/11/20,413.0,227.15,446.04,342.79,470.82,4.34,392.35
26/11/20,302.0,166.1,326.16,250.66,344.28,3.17,286.9
27/11/20,137.0,75.35,147.96,113.71,156.18,1.44,130.15
28/11/20,231.0,127.05,249.48,191.73,263.34,2.43,219.45
29/11/20,256.0,140.8,276.48,212.48,291.84,2.69,243.2
30/11/20,318.0,174.9,343.44,263.94,362.52,3.34,302.1
01/12/20,367.0,201.85,396.36,304.61,418.38,3.85,348.65
02/12/20,373.0,205.15,402.84,309.59,425.22,3.92,354.35
03/12/20,341.0,187.55,368.28,283.03,388.74,3.58,323.95
04/12/20,382.0,210.1,412.56,317.06,435.48,4.01,362.9
05/12/20,404.0,222.2,436.32,335.32,460.56,4.24,383.8
06/12/20,389.0,213.95,420.12,322.87,443.46,4.08,369.55
07/12/20,400.0,220.0,432.0,332.0,456.0,4.2,380.0
08/12/20,383.0,210.65,413.64,317.89,436.62,4.02,363.85
09/12/20,358.0,196.9,386.64,297.14,408.12,3.76,340.1
10/12/20,284.0,156.2,306.72,235.72,323.76,2.98,269.8
11/12/20,295.0,162.25,318.6,244.85,336.3,3.1,280.25
12/12/20,356.0,195.8,384.48,295.48,405.84,3.74,338.2
13/12/20,305.0,167.75,329.4,253.15,347.7,3.2,289.75
14/12/20,160.0,88.0,172.8,132.8,182.4,1.68,152.0
15/12/20,230.0,126.5,248.4,190.9,262.2,2.42,218.5
16/12/20,262.0,144.1,282.96,217.46,298.68,2.75,248.9
17/12/20,256.0,140.8,276.48,212.48,291.84,2.69,243.2
18/12/20,281.0,154.55,303.48,233.23,320.34,2.95,266.95
19/12/20,290.0,159.5,313.2,240.7,330.6,3.05,275.5
20/12/20,321.0,176.55,346.68,266.43,365.94,3.37,304.95
21/12/20,332.0,182.6,358.56,275.56,378.48,3.49,315.4
22/12/20,418.0,229.9,451.44,346.94,476.52,4.39,397.1
23/12/20,433.0,238.15,467.64,359.39,493.62,4.55,411.35
24/12/20,423.0,232.65,456.84,351.09,482.22,4.44,401.85
25/12/20,357.0,196.35,385.56,296.31,406.98,3.75,339.15
26/12/20,337.0,185.35,363.96,279.71,384.18,3.54,320.15
27/12/20,396.0,217.8,427.68,328.68,451.44,4.16,376.2
28/12/20,253.0,139.15,273.24,209.99,288.42,2.66,240.35
29/12/20,265.0,145.75,286.2,219.95,302.1,2.78,251.75
30/12/20,290.0,159.5,313.2,240.7,330.6,3.05,275.5
31/12/20,347.0,190.85,374.76,288.01,395.58,3.64,329.65
01/01/21,441.0,242.55,476.28,366.03,502.74,4.63,418.95
02/01/21,443.0,243.65,478.44,367.69,505.02,4.65,420.85
03/01/21,354.0,194.7,382.32,293.82,403.56,3.72,336.3
04/01/21,151.0,83.05,163.08,125.33,172.14,1.59,143.45
05/01/21,140.0,77.0,151.2,116.2,159.6,1.47,133.0
06/01/21,226.0,124.3,244.08,187.58,257.64,2.37,214.7
07/01/21,255.0,140.25,275.4,211.65,290.7,2.68,242.25
08/01/21,234.0,128.7,252.72,194.22,266.76,2.46,222.3
09/01/21,301.0,165.55,325.08,249.83,343.14,3.16,285.95
10/01/21,245.0,134.75,264.6,203.35,279.3,2.57,232.75
11/01/21,243.0,133.65,262.44,201.69,277.02,2.55,230.85
12/01/21,293.0,161.15,316.44,243.19,334.02,3.08,278.35
13/01/21,354.0,194.7,382.32,293.82,403.56,3.72,336.3
14/01/21,429.0,235.95,463.32,356.07,489.06,4.5,407.55
15/01/21,460.0,253.0,496.8,381.8,524.4,4.83,437.0
16/01/21,407.0,223.85,439.56,337.81,463.98,4.27,386.65
17/01/21,347.0,190.85,374.76,288.01,395.58,3.64,329.65
18/01/21,372.0,204.6,401.76,308.76,424.08,3.91,353.4
19/01/21,404.0,222.2,436.32,335.32,460.56,4.24,383.8
20/01/21,283.0,155.65,305.64,234.89,322.62,2.97,268.85
21/01/21,296.0,162.8,319.68,245.68,337.44,3.11,281.2
22/01/21,364.0,200.2,393.12,302.12,414.96,3.82,345.8
23/01/21,326.0,179.3,352.08,270.58,371.64,3.42,309.7
24/01/21,363.0,199.65,392.04,301.29,413.82,3.81,344.85
25/01/21,323.0,177.65,348.84,268.09,368.22,3.39,306.85
26/01/21,330.0,181.5,356.4,273.9,376.2,3.47,313.5
27/01/21,318.0,174.9,343.44,263.94,362.52,3.34,302.1
28/01/21,357.0,196.35,385.56,296.31,406.98,3.75,339.15
29/01/21,387.0,212.85,417.96,321.21,441.18,4.06,367.65
30/01/21,309.0,169.95,333.72,256.47,352.26,3.24,293.55
31/01/21,289.0,158.95,312.12,239.87,329.46,3.03,274.55
01/02/21,352.0,193.6,380.16,292.16,401.28,3.7,334.4
02/02/21,364.0,200.2,393.12,302.12,414.96,3.82,345.8
03/02/21,330.0,181.5,356.4,273.9,376.2,3.47,313.5
04/02/21,316.0,173.8,341.28,262.28,360.24,3.32,300.2
05/02/21,133.0,73.15,143.64,110.39,151.62,1.4,126.35
06/02/21,199.0,109.45,214.92,165.17,226.86,2.09,189.05
07/02/21,232.0,127.6,250.56,192.56,264.48,2.44,220.4
08/02/21,303.0,166.65,327.24,251.49,345.42,3.18,287.85
09/02/21,305.0,167.75,329.4,253.15,347.7,3.2,289.75
10/02/21,291.0,160.05,314.28,241.53,331.74,3.06,276.45
11/02/21,330.0,181.5,356.4,273.9,376.2,3.47,313.5
12/02/21,341.0,187.55,368.28,283.03,388.74,3.58,323.95
13/02/21,334.0,183.7,360.72,277.22,380.76,3.51,317.3
14/02/21,351.0,193.05,379.08,291.33,400.14,3.69,333.45
15/02/21,313.0,172.15,338.04,259.79,356.82,3.29,297.35
16/02/21,327.0,179.85,353.16,271.41,372.78,3.43,310.65
17/02/21,324.0,178.2,349.92,268.92,369.36,3.4,307.8
18/02/21,302.0,166.1,326.16,250.66,344.28,3.17,286.9
19/02/21,311.0,171.05,335.88,258.13,354.54,3.27,295.45
20/02/21,249.0,136.95,268.92,206.67,283.86,2.61,236.55
21/02/21,297.0,163.35,320.76,246.51,338.58,3.12,282.15
22/02/21,288.0,158.4,311.04,239.04,328.32,3.02,273.6
23/02/21,250.0,137.5,270.0,207.5,285.0,2.63,237.5
24/02/21,278.0,152.9,300.24,230.74,316.92,2.92,264.1
25/02/21,298.0,163.9,321.84,247.34,339.72,3.13,283.1
26/02/21,229.0,125.95,247.32,190.07,261.06,2.4,217.55
27/02/21,203.0,111.65,219.24,168.49,231.42,2.13,192.85
28/02/21,208.0,114.4,224.64,172.64,237.12,2.18,197.6
01/03/21,177.0,97.35,191.16,146.91,201.78,1.86,168.15
02/03/21,175.0,96.25,189.0,145.25,199.5,1.84,166.25
03/03/21,188.0,103.4,203.04,156.04,214.32,1.97,178.6
04/03/21,278.0,152.9,300.24,230.74,316.92,2.92,264.1
05/03/21,255.0,140.25,275.4,211.65,290.7,2.68,242.25
06/03/21,204.0,112.2,220.32,169.32,232.56,2.14,193.8
07/03/21,256.0,140.8,276.48,212.48,291.84,2.69,243.2
08/03/21,207.0,113.85,223.56,171.81,235.98,2.17,196.65
09/03/21,283.0,155.65,305.64,234.89,322.62,2.97,268.85
10/03/21,175.0,96.25,189.0,145.25,199.5,1.84,166.25
11/03/21,242.0,133.1,261.36,200.86,275.88,2.54,229.9
12/03/21,218.0,119.9,235.44,180.94,248.52,2.29,207.1
13/03/21,209.0,114.95,225.72,173.47,238.26,2.19,198.55
14/03/21,209.0,114.95,225.72,173.47,238.26,2.19,198.55
15/03/21,206.0,113.3,222.48,170.98,234.84,2.16,195.7
16/03/21,258.0,141.9,278.64,214.14,294.12,2.71,245.1
17/03/21,311.0,171.05,335.88,258.13,354.54,3.27,295.45
18/03/21,315.0,173.25,340.2,261.45,359.1,3.31,299.25
19/03/21,279.0,153.45,301.32,231.57,318.06,2.93,265.05
20/03/21,234.0,128.7,252.72,194.22,266.76,2.46,222.3
21/03/21,244.0,134.2,263.52,202.52,278.16,2.56,231.8
22/03/21,196.0,107.8,211.68,162.68,223.44,2.06,186.2
23/03/21,244.0,134.2,263.52,202.52,278.16,2.56,231.8
24/03/21,175.0,96.25,189.0,145.25,199.5,1.84,166.25
25/03/21,148.0,81.4,159.84,122.84,168.72,1.55,140.6
26/03/21,150.0,82.5,162.0,124.5,171.0,1.58,142.5
27/03/21,199.0,109.45,214.92,165.17,226.86,2.09,189.05
28/03/21,233.0,128.15,251.64,193.39,265.62,2.45,221.35
29/03/21,225.0,123.75,243.0,186.75,256.5,2.36,213.75
30/03/21,232.0,127.6,250.56,192.56,264.48,2.44,220.4
31/03/21,203.0,111.65,219.24,168.49,231.42,2.13,192.85
01/04/21,182.0,100.1,196.56,151.06,207.48,1.91,172.9
02/04/21,176.0,96.8,190.08,146.08,200.64,1.85,167.2
03/04/21,159.0,87.45,171.72,131.97,181.26,1.67,151.05
04/04/21,171.0,94.05,184.68,141.93,194.94,1.8,162.45
05/04/21,205.0,112.75,221.4,170.15,233.7,2.15,194.75
06/04/21,279.0,153.45,301.32,231.57,318.06,2.93,265.05
07/04/21,250.0,137.5,270.0,207.5,285.0,2.63,237.5
08/04/21,153.0,84.15,165.24,126.99,174.42,1.61,145.35
09/04/21,170.0,93.5,183.6,141.1,193.8,1.79,161.5
10/04/21,181.0,99.55,195.48,150.23,206.34,1.9,171.95
11/04/21,186.0,102.3,200.88,154.38,212.04,1.95,176.7
12/04/21,241.0,132.55,260.28,200.03,274.74,2.53,228.95
13/04/21,231.0,127.05,249.48,191.73,263.34,2.43,219.45
14/04/21,199.0,109.45,214.92,165.17,226.86,2.09,189.05
15/04/21,220.0,121.0,237.6,182.6,250.8,2.31,209.0
16/04/21,238.0,130.9,257.04,197.54,271.32,2.5,226.1
17/04/21,128.0,70.4,138.24,106.24,145.92,1.34,121.6
18/04/21,154.0,84.7,166.32,127.82,175.56,1.62,146.3
19/04/21,187.0,102.85,201.96,155.21,213.18,1.96,177.65
20/04/21,191.0,105.05,206.28,158.53,217.74,2.01,181.45
21/04/21,134.0,73.7,144.72,111.22,152.76,1.41,127.3
22/04/21,140.0,77.0,151.2,116.2,159.6,1.47,133.0
23/04/21,126.0,69.3,136.08,104.58,143.64,1.32,119.7
24/04/21,125.0,68.75,135.0,103.75,142.5,1.31,118.75
25/04/21,192.0,105.6,207.36,159.36,218.88,2.02,182.4
26/04/21,256.0,140.8,276.48,212.48,291.84,2.69,243.2
27/04/21,284.0,156.2,306.72,235.72,323.76,2.98,269.8
28/04/21,312.0,171.6,336.96,258.96,355.68,3.28,296.4
29/04/21,296.0,162.8,319.68,245.68,337.44,3.11,281.2
30/04/21,287.0,157.85,309.96,238.21,327.18,3.01,272.65
01/05/21,238.0,130.9,257.04,197.54,271.32,2.5,226.1
02/05/21,174.0,95.7,187.92,144.42,198.36,1.83,165.3
03/05/21,245.0,134.75,264.6,203.35,279.3,2.57,232.75
04/05/21,173.0,95.15,186.84,143.59,197.22,1.82,164.35
05/05/21,175.0,96.25,189.0,145.25,199.5,1.84,166.25
06/05/21,156.0,85.8,168.48,129.48,177.84,1.64,148.2
07/05/21,142.0,78.1,153.36,117.86,161.88,1.49,134.9
08/05/21,173.0,95.15,186.84,143.59,197.22,1.82,164.35
09/05/21,166.0,91.3,179.28,137.78,189.24,1.74,157.7
10/05/21,136.0,74.8,146.88,112.88,155.04,1.43,129.2
11/05/21,151.0,83.05,163.08,125.33,172.14,1.59,143.45
12/05/21,115.0,63.25,124.2,95.45,131.1,1.21,109.25
13/05/21,121.0,66.55,130.68,100.43,137.94,1.27,114.95
14/05/21,132.0,72.6,142.56,109.56,150.48,1.39,125.4
15/05/21,140.0,77.0,151.2,116.2,159.6,1.47,133.0
16/05/21,166.0,91.3,179.28,137.78,189.24,1.74,157.7
17/05/21,191.0,105.05,206.28,158.53,217.74,2.01,181.45
18/05/21,93.0,51.15,100.44,77.19,106.02,0.98,88.35
19/05/21,78.0,42.9,84.24,64.74,88.92,0.82,74.1
20/05/21,58.0,31.9,62.64,48.14,66.12,0.61,55.1
21/05/21,85.0,46.75,91.8,70.55,96.9,0.89,80.75
22/05/21,94.0,51.7,101.52,78.02,107.16,0.99,89.3
23/05/21,237.0,130.35,255.96,196.71,270.18,2.49,225.15
24/05/21,169.0,92.95,182.52,140.27,192.66,1.77,160.55
25/05/21,140.0,77.0,151.2,116.2,159.6,1.47,133.0
26/05/21,149.0,81.95,160.92,123.67,169.86,1.56,141.55
27/05/21,150.0,82.5,162.0,124.5,171.0,1.58,142.5
28/05/21,106.0,58.3,114.48,87.98,120.84,1.11,100.7
29/05/21,87.0,47.85,93.96,72.21,99.18,0.91,82.65
30/05/21,101.0,55.55,109.08,83.83,115.14,1.06,95.95
31/05/21,135.0,74.25,145.8,112.05,153.9,1.42,128.25
01/06/21,115.0,63.25,124.2,95.45,131.1,1.21,109.25
02/06/21,143.0,78.65,154.44,118.69,163.02,1.5,135.85
03/06/21,159.0,87.45,171.72,131.97,181.26,1.67,151.05
04/06/21,196.0,107.8,211.68,162.68,223.44,2.06,186.2
05/06/21,124.0,68.2,133.92,102.92,141.36,1.3,117.8
06/06/21,134.0,73.7,144.72,111.22,152.76,1.41,127.3
07/06/21,180.0,99.0,194.4,149.4,205.2,1.89,171.0
08/06/21,205.0,112.75,221.4,170.15,233.7,2.15,194.75
09/06/21,305.0,167.75,329.4,253.15,347.7,3.2,289.75
10/06/21,221.0,121.55,238.68,183.43,251.94,2.32,209.95
11/06/21,145.0,79.75,156.6,120.35,165.3,1.52,137.75
12/06/21,133.0,73.15,143.64,110.39,151.62,1.4,126.35
13/06/21,83.0,45.65,89.64,68.89,94.62,0.87,78.85
14/06/21,124.0,68.2,133.92,102.92,141.36,1.3,117.8
15/06/21,113.0,62.15,122.04,93.79,128.82,1.19,107.35
16/06/21,115.0,63.25,124.2,95.45,131.1,1.21,109.25
17/06/21,108.0,59.4,116.64,89.64,123.12,1.13,102.6
18/06/21,81.0,44.55,87.48,67.23,92.34,0.85,76.95
19/06/21,70.0,38.5,75.6,58.1,79.8,0.74,66.5
20/06/21,62.0,34.1,66.96,51.46,70.68,0.65,58.9
21/06/21,84.0,46.2,90.72,69.72,95.76,0.88,79.8
22/06/21,127.0,69.85,137.16,105.41,144.78,1.33,120.65
23/06/21,218.0,119.9,235.44,180.94,248.52,2.29,207.1
24/06/21,146.0,80.3,157.68,121.18,166.44,1.53,138.7
25/06/21,163.0,89.65,176.04,135.29,185.82,1.71,154.85
26/06/21,135.0,74.25,145.8,112.05,153.9,1.42,128.25
27/06/21,168.0,92.4,181.44,139.44,191.52,1.76,159.6
28/06/21,161.0,88.55,173.88,133.63,183.54,1.69,152.95
29/06/21,195.0,107.25,210.6,161.85,222.3,2.05,185.25
30/06/21,206.0,113.3,222.48,170.98,234.84,2.16,195.7
01/07/21,266.0,146.3,287.28,220.78,303.24,2.79,252.7
02/07/21,245.0,134.75,264.6,203.35,279.3,2.57,232.75
03/07/21,139.0,76.45,150.12,115.37,158.46,1.46,132.05
04/07/21,140.0,77.0,151.2,116.2,159.6,1.47,133.0
05/07/21,149.0,81.95,160.92,123.67,169.86,1.56,141.55
06/07/21,144.0,79.2,155.52,119.52,164.16,1.51,136.8
07/07/21,178.0,97.9,192.24,147.74,202.92,1.87,169.1
08/07/21,164.0,90.2,177.12,136.12,186.96,1.72,155.8
09/07/21,144.0,79.2,155.52,119.52,164.16,1.51,136.8
10/07/21,97.0,53.35,104.76,80.51,110.58,1.02,92.15
11/07/21,94.0,51.7,101.52,78.02,107.16,0.99,89.3
12/07/21,90.0,49.5,97.2,74.7,102.6,0.95,85.5
13/07/21,80.0,44.0,86.4,66.4,91.2,0.84,76.0
14/07/21,83.0,45.65,89.64,68.89,94.62,0.87,78.85
15/07/21,83.0,45.65,89.64,68.89,94.62,0.87,78.85
16/07/21,90.0,49.5,97.2,74.7,102.6,0.95,85.5
17/07/21,117.0,64.35,126.36,97.11,133.38,1.23,111.15
18/07/21,94.0,51.7,101.52,78.02,107.16,0.99,89.3
19/07/21,62.0,34.1,66.96,51.46,70.68,0.65,58.9
20/07/21,81.0,44.55,87.48,67.23,92.34,0.85,76.95
21/07/21,74.0,40.7,79.92,61.42,84.36,0.78,70.3
22/07/21,83.0,45.65,89.64,68.89,94.62,0.87,78.85
23/07/21,68.0,37.4,73.44,56.44,77.52,0.71,64.6
24/07/21,99.0,54.45,106.92,82.17,112.86,1.04,94.05
25/07/21,107.0,58.85,115.56,88.81,121.98,1.12,101.65
26/07/21,86.0,47.3,92.88,71.38,98.04,0.9,81.7
27/07/21,98.0,53.9,105.84,81.34,111.72,1.03,93.1
28/07/21,61.0,33.55,65.88,50.63,69.54,0.64,57.95
29/07/21,63.0,34.65,68.04,52.29,71.82,0.66,59.85
30/07/21,76.0,41.8,82.08,63.08,86.64,0.8,72.2
31/07/21,57.0,31.35,61.56,47.31,64.98,0.6,54.15
01/08/21,81.0,44.55,87.48,67.23,92.34,0.85,76.95
02/08/21,95.0,52.25,102.6,78.85,108.3,1.0,90.25
03/08/21,71.0,39.05,76.68,58.93,80.94,0.75,67.45
04/08/21,69.0,37.95,74.52,57.27,78.66,0.72,65.55
05/08/21,99.0,54.45,106.92,82.17,112.86,1.04,94.05
06/08/21,104.0,57.2,112.32,86.32,118.56,1.09,98.8
07/08/21,101.0,55.55,109.08,83.83,115.14,1.06,95.95
08/08/21,109.0,59.95,117.72,90.47,124.26,1.14,103.55
09/08/21,101.0,55.55,109.08,83.83,115.14,1.06,95.95
10/08/21,101.0,55.55,109.08,83.83,115.14,1.06,95.95
11/08/21,122.0,67.1,131.76,101.26,139.08,1.28,115.9
12/08/21,114.0,62.7,123.12,94.62,129.96,1.2,108.3
13/08/21,118.0,64.9,127.44,97.94,134.52,1.24,112.1
14/08/21,116.0,63.8,125.28,96.28,132.24,1.22,110.2
15/08/21,114.0,62.7,123.12,94.62,129.96,1.2,108.3
16/08/21,121.0,66.55,130.68,100.43,137.94,1.27,114.95
17/08/21,150.0,82.5,162.0,124.5,171.0,1.58,142.5
18/08/21,152.0,83.6,164.16,126.16,173.28,1.6,144.4
19/08/21,167.0,91.85,180.36,138.61,190.38,1.75,158.65
20/08/21,111.0,61.05,119.88,92.13,126.54,1.17,105.45
21/08/21,69.0,37.95,74.52,57.27,78.66,0.72,65.55
22/08/21,59.0,32.45,63.72,48.97,67.26,0.62,56.05
23/08/21,82.0,45.1,88.56,68.06,93.48,0.86,77.9
24/08/21,100.0,55.0,108.0,83.0,114.0,1.05,95.0
25/08/21,115.0,63.25,124.2,95.45,131.1,1.21,109.25
26/08/21,114.0,62.7,123.12,94.62,129.96,1.2,108.3
27/08/21,134.0,73.7,144.72,111.22,152.76,1.41,127.3
28/08/21,147.0,80.85,158.76,122.01,167.58,1.54,139.65
29/08/21,119.0,65.45,128.52,98.77,135.66,1.25,113.05
30/08/21,81.0,44.55,87.48,67.23,92.34,0.85,76.95
31/08/21,73.0,40.15,78.84,60.59,83.22,0.77,69.35
01/09/21,64.0,35.2,69.12,53.12,72.96,0.67,60.8
02/09/21,64.0,35.2,69.12,53.12,72.96,0.67,60.8
03/09/21,70.0,38.5,75.6,58.1,79.8,0.74,66.5
04/09/21,68.0,37.4,73.44,56.44,77.52,0.71,64.6
05/09/21,88.0,48.4,95.04,73.04,100.32,0.92,83.6
06/09/21,122.0,67.1,131.76,101.26,139.08,1.28,115.9
07/09/21,98.0,53.9,105.84,81.34,111.72,1.03,93.1
08/09/21,70.0,38.5,75.6,58.1,79.8,0.74,66.5
09/09/21,75.0,41.25,81.0,62.25,85.5,0.79,71.25
10/09/21,79.0,43.45,85.32,65.57,90.06,0.83,75.05
11/09/21,61.0,33.55,65.88,50.63,69.54,0.64,57.95
12/09/21,60.0,33.0,64.8,49.8,68.4,0.63,57.0
13/09/21,89.0,48.95,96.12,73.87,101.46,0.93,84.55
14/09/21,69.0,37.95,74.52,57.27,78.66,0.72,65.55
15/09/21,70.0,38.5,75.6,58.1,79.8,0.74,66.5
16/09/21,79.0,43.45,85.32,65.57,90.06,0.83,75.05
17/09/21,62.0,34.1,66.96,51.46,70.68,0.65,58.9
18/09/21,69.0,37.95,74.52,57.27,78.66,0.72,65.55
19/09/21,82.0,45.1,88.56,68.06,93.48,0.86,77.9
20/09/21,82.0,45.1,88.56,68.06,93.48,0.86,77.9
21/09/21,83.0,45.65,89.64,68.89,94.62,0.87,78.85
22/09/21,69.0,37.95,74.52,57.27,78.66,0.72,65.55
23/09/21,68.0,37.4,73.44,56.44,77.52,0.71,64.6
24/09/21,64.0,35.2,69.12,53.12,72.96,0.67,60.8
25/09/21,80.0,44.0,86.4,66.4,91.2,0.84,76.0
26/09/21,75.0,41.25,81.0,62.25,85.5,0.79,71.25
27/09/21,108.0,59.4,116.64,89.64,123.12,1.13,102.6
28/09/21,120.0,66.0,129.6,99.6,136.8,1.26,114.0
29/09/21,81.0,44.55,87.48,67.23,92.34,0.85,76.95
30/09/21,84.0,46.2,90.72,69.72,95.76,0.88,79.8
01/10/21,108.0,59.4,116.64,89.64,123.12,1.13,102.6
02/10/21,125.0,68.75,135.0,103.75,142.5,1.31,118.75
03/10/21,105.0,57.75,113.4,87.15,119.7,1.1,99.75
04/10/21,91.0,50.05,98.28,75.53,103.74,0.96,86.45
05/10/21,115.0,63.25,124.2,95.45,131.1,1.21,109.25
06/10/21,114.0,62.7,123.12,94.62,129.96,1.2,108.3
07/10/21,127.0,69.85,137.16,105.41,144.78,1.33,120.65
08/10/21,167.0,91.85,180.36,138.61,190.38,1.75,158.65
09/10/21,171.0,94.05,184.68,141.93,194.94,1.8,162.45
10/10/21,168.0,92.4,181.44,139.44,191.52,1.76,159.6
11/10/21,166.0,91.3,179.28,137.78,189.24,1.74,157.7
12/10/21,179.0,98.45,193.32,148.57,204.06,1.88,170.05
13/10/21,171.0,94.05,184.68,141.93,194.94,1.8,162.45
14/10/21,182.0,100.1,196.56,151.06,207.48,1.91,172.9
15/10/21,198.0,108.9,213.84,164.34,225.72,2.08,188.1
16/10/21,284.0,156.2,306.72,235.72,323.76,2.98,269.8
17/10/21,298.0,163.9,321.84,247.34,339.72,3.13,283.1
18/10/21,46.0,25.3,49.68,38.18,52.44,0.48,43.7
19/10/21,69.0,37.95,74.52,57.27,78.66,0.72,65.55
20/10/21,221.0,121.55,238.68,183.43,251.94,2.32,209.95
21/10/21,199.0,109.45,214.92,165.17,226.86,2.09,189.05
22/10/21,170.0,93.5,183.6,141.1,193.8,1.79,161.5
23/10/21,173.0,95.15,186.84,143.59,197.22,1.82,164.35
24/10/21,160.0,88.0,172.8,132.8,182.4,1.68,152.0
25/10/21,82.0,45.1,88.56,68.06,93.48,0.86,77.9
26/10/21,139.0,76.45,150.12,115.37,158.46,1.46,132.05
27/10/21,232.0,127.6,250.56,192.56,264.48,2.44,220.4
28/10/21,268.0,147.4,289.44,222.44,305.52,2.81,254.6
29/10/21,283.0,155.65,305.64,234.89,322.62,2.97,268.85
30/10/21,268.0,147.4,289.44,222.44,305.52,2.81,254.6
31/10/21,289.0,158.95,312.12,239.87,329.46,3.03,274.55
01/11/21,281.0,154.55,303.48,233.23,320.34,2.95,266.95
02/11/21,303.0,166.65,327.24,251.49,345.42,3.18,287.85
03/11/21,314.0,172.7,339.12,260.62,357.96,3.3,298.3
04/11/21,382.0,210.1,412.56,317.06,435.48,4.01,362.9
05/11/21,462.0,254.1,498.96,383.46,526.68,4.85,438.9
06/11/21,437.0,240.35,471.96,362.71,498.18,4.59,415.15
07/11/21,428.0,235.4,462.24,355.24,487.92,4.49,406.6
08/11/21,390.0,214.5,421.2,323.7,444.6,4.1,370.5
09/11/21,404.0,222.2,436.32,335.32,460.56,4.24,383.8
10/11/21,372.0,204.6,401.76,308.76,424.08,3.91,353.4
11/11/21,411.0,226.05,443.88,341.13,468.54,4.32,390.45
12/11/21,471.0,259.05,508.68,390.93,536.94,4.95,447.45
13/11/21,437.0,240.35,471.96,362.71,498.18,4.59,415.15
14/11/21,330.0,181.5,356.4,273.9,376.2,3.47,313.5
15/11/21,353.0,194.15,381.24,292.99,402.42,3.71,335.35
16/11/21,403.0,221.65,435.24,334.49,459.42,4.23,382.85
17/11/21,375.0,206.25,405.0,311.25,427.5,3.94,356.25
18/11/21,347.0,190.85,374.76,288.01,395.58,3.64,329.65
19/11/21,380.0,209.0,410.4,315.4,433.2,3.99,361.0
20/11/21,374.0,205.7,403.92,310.42,426.36,3.93,355.3
21/11/21,349.0,191.95,376.92,289.67,397.86,3.66,331.55
22/11/21,311.0,171.05,335.88,258.13,354.54,3.27,295.45
23/11/21,290.0,159.5,313.2,240.7,330.6,3.05,275.5
24/11/21,361.0,198.55,389.88,299.63,411.54,3.79,342.95
25/11/21,400.0,220.0,432.0,332.0,456.0,4.2,380.0
26/11/21,406.0,223.3,438.48,336.98,462.84,4.26,385.7
27/11/21,402.0,221.1,434.16,333.66,458.28,4.22,381.9
28/11/21,405.0,222.75,437.4,336.15,461.7,4.25,384.75
29/11/21,389.0,213.95,420.12,322.87,443.46,4.08,369.55
30/11/21,328.0,180.4,354.24,272.24,373.92,3.44,311.6
01/12/21,370.0,203.5,399.6,307.1,421.8,3.89,351.5
02/12/21,429.0,235.95,463.32,356.07,489.06,4.5,407.55
03/12/21,346.0,190.3,373.68,287.18,394.44,3.63,328.7
04/12/21,362.0,199.1,390.96,300.46,412.68,3.8,343.9
05/12/21,305.0,167.75,329.4,253.15,347.7,3.2,289.75
06/12/21,322.0,177.1,347.76,267.26,367.08,3.38,305.9
07/12/21,255.0,140.25,275.4,211.65,290.7,2.68,242.25
08/12/21,237.0,130.35,255.96,196.71,270.18,2.49,225.15
09/12/21,289.0,158.95,312.12,239.87,329.46,3.03,274.55
10/12/21,314.0,172.7,339.12,260.62,357.96,3.3,298.3
11/12/21,281.0,154.55,303.48,233.23,320.34,2.95,266.95
12/12/21,254.0,139.7,274.32,210.82,289.56,2.67,241.3
13/12/21,331.0,182.05,357.48,274.73,377.34,3.48,314.45
14/12/21,367.0,201.85,396.36,304.61,418.38,3.85,348.65
15/12/21,363.0,199.65,392.04,301.29,413.82,3.81,344.85
16/12/21,368.0,202.4,397.44,305.44,419.52,3.86,349.6
17/12/21,329.0,180.95,355.32,273.07,375.06,3.45,312.55
18/12/21,291.0,160.05,314.28,241.53,331.74,3.06,276.45
19/12/21,271.0,149.05,292.68,224.93,308.94,2.85,257.45
20/12/21,332.0,182.6,358.56,275.56,378.48,3.49,315.4
21/12/21,402.0,221.1,434.16,333.66,458.28,4.22,381.9
22/12/21,407.0,223.85,439.56,337.81,463.98,4.27,386.65
23/12/21,423.0,232.65,456.84,351.09,482.22,4.44,401.85
24/12/21,415.0,228.25,448.2,344.45,473.1,4.36,394.25
25/12/21,431.0,237.05,465.48,357.73,491.34,4.53,409.45
26/12/21,459.0,252.45,495.72,380.97,523.26,4.82,436.05
27/12/21,283.0,155.65,305.64,234.89,322.62,2.97,268.85
28/12/21,305.0,167.75,329.4,253.15,347.7,3.2,289.75
29/12/21,267.0,146.85,288.36,221.61,304.38,2.8,253.65
30/12/21,286.0,157.3,308.88,237.38,326.04,3.0,271.7
31/12/21,321.0,176.55,346.68,266.43,365.94,3.37,304.95
01/01/23,259.0,142.45,279.72,214.97,295.26,2.72,246.05
02/01/23,357.0,196.35,385.56,296.31,406.98,3.75,339.15
03/01/23,385.0,211.75,415.8,319.55,438.9,4.04,365.75
04/01/23,343.0,188.65,370.44,284.69,391.02,3.6,325.85
05/01/23,340.0,187.0,367.2,282.2,387.6,3.57,323.0
06/01/23,400.0,220.0,432.0,332.0,456.0,4.2,380.0
07/01/23,377.0,207.35,407.16,312.91,429.78,3.96,358.15
08/01/23,375.0,206.25,405.0,311.25,427.5,3.94,356.25
09/01/23,434.0,238.7,468.72,360.22,494.76,4.56,412.3
10/01/23,407.0,223.85,439.56,337.81,463.98,4.27,386.65
11/01/23,308.0,169.4,332.64,255.64,351.12,3.23,292.6
12/01/23,371.0,204.05,400.68,307.93,422.94,3.9,352.45
13/01/23,378.0,207.9,408.24,313.74,430.92,3.97,359.1
14/01/23,353.0,194.15,381.24,292.99,402.42,3.71,335.35
15/01/23,213.0,117.15,230.04,176.79,242.82,2.24,202.35
16/01/23,270.0,148.5,291.6,224.1,307.8,2.84,256.5
17/01/23,288.0,158.4,311.04,239.04,328.32,3.02,273.6
18/01/23,306.0,168.3,330.48,253.98,348.84,3.21,290.7
19/01/23,338.0,185.9,365.04,280.54,385.32,3.55,321.1
20/01/23,226.0,124.3,244.08,187.58,257.64,2.37,214.7
21/01/23,294.0,161.7,317.52,244.02,335.16,3.09,279.3
22/01/23,407.0,223.85,439.56,337.81,463.98,4.27,386.65
23/01/23,335.0,184.25,361.8,278.05,381.9,3.52,318.25
24/01/23,237.0,130.35,255.96,196.71,270.18,2.49,225.15
25/01/23,160.0,88.0,172.8,132.8,182.4,1.68,152.0
26/01/23,298.0,163.9,321.84,247.34,339.72,3.13,283.1
27/01/23,229.0,125.95,247.32,190.07,261.06,2.4,217.55
28/01/23,236.0,129.8,254.88,195.88,269.04,2.48,224.2
29/01/23,331.0,182.05,357.48,274.73,377.34,3.48,314.45
30/01/23,207.0,113.85,223.56,171.81,235.98,2.17,196.65
31/01/23,192.0,105.6,207.36,159.36,218.88,2.02,182.4
01/02/23,164.0,90.2,177.12,136.12,186.96,1.72,155.8
02/02/23,194.0,106.7,209.52,161.02,221.16,2.04,184.3
03/02/23,199.0,109.45,214.92,165.17,226.86,2.09,189.05
04/02/23,242.0,133.1,261.36,200.86,275.88,2.54,229.9
05/02/23,244.0,134.2,263.52,202.52,278.16,2.56,231.8
06/02/23,265.0,145.75,286.2,219.95,302.1,2.78,251.75
07/02/23,285.0,156.75,307.8,236.55,324.9,2.99,270.75
08/02/23,144.0,79.2,155.52,119.52,164.16,1.51,136.8
09/02/23,212.0,116.6,228.96,175.96,241.68,2.23,201.4
10/02/23,187.0,102.85,201.96,155.21,213.18,1.96,177.65
11/02/23,275.0,151.25,297.0,228.25,313.5,2.89,261.25
12/02/23,175.0,96.25,189.0,145.25,199.5,1.84,166.25
13/02/23,135.0,74.25,145.8,112.05,153.9,1.42,128.25
14/02/23,132.0,72.6,142.56,109.56,150.48,1.39,125.4
15/02/23,190.0,104.5,205.2,157.7,216.6,2.0,180.5
16/02/23,270.0,148.5,291.6,224.1,307.8,2.84,256.5
17/02/23,367.0,201.85,396.36,304.61,418.38,3.85,348.65
18/02/23,371.0,204.05,400.68,307.93,422.94,3.9,352.45
19/02/23,331.0,182.05,357.48,274.73,377.34,3.48,314.45
20/02/23,324.0,178.2,349.92,268.92,369.36,3.4,307.8
21/02/23,245.0,134.75,264.6,203.35,279.3,2.57,232.75
22/02/23,302.0,166.1,326.16,250.66,344.28,3.17,286.9
23/02/23,227.0,124.85,245.16,188.41,258.78,2.38,215.65
24/02/23,171.0,94.05,184.68,141.93,194.94,1.8,162.45
25/02/23,225.0,123.75,243.0,186.75,256.5,2.36,213.75
26/02/23,291.0,160.05,314.28,241.53,331.74,3.06,276.45
27/02/23,260.0,143.0,280.8,215.8,296.4,2.73,247.0
28/02/23,219.0,120.45,236.52,181.77,249.66,2.3,208.05
01/03/23,181.0,99.55,195.48,150.23,206.34,1.9,171.95
02/03/23,226.0,124.3,244.08,187.58,257.64,2.37,214.7
03/03/23,152.0,83.6,164.16,126.16,173.28,1.6,144.4
04/03/23,129.0,70.95,139.32,107.07,147.06,1.35,122.55
05/03/23,142.0,78.1,153.36,117.86,161.88,1.49,134.9
06/03/23,142.0,78.1,153.36,117.86,161.88,1.49,134.9
07/03/23,173.0,95.15,186.84,143.59,197.22,1.82,164.35
08/03/23,215.0,118.25,232.2,178.45,245.1,2.26,204.25
09/03/23,119.0,65.45,128.52,98.77,135.66,1.25,113.05
10/03/23,187.0,102.85,201.96,155.21,213.18,1.96,177.65
11/03/23,200.0,110.0,216.0,166.0,228.0,2.1,190.0
12/03/23,216.0,118.8,233.28,179.28,246.24,2.27,205.2
13/03/23,231.0,127.05,249.48,191.73,263.34,2.43,219.45
14/03/23,219.0,120.45,236.52,181.77,249.66,2.3,208.05
15/03/23,213.0,117.15,230.04,176.79,242.82,2.24,202.35
16/03/23,259.0,142.45,279.72,214.97,295.26,2.72,246.05
17/03/23,188.0,103.4,203.04,156.04,214.32,1.97,178.6
18/03/23,184.0,101.2,198.72,152.72,209.76,1.93,174.8
19/03/23,162.0,89.1,174.96,134.46,184.68,1.7,153.9
20/03/23,154.0,84.7,166.32,127.82,175.56,1.62,146.3
21/03/23,75.0,41.25,81.0,62.25,85.5,0.79,71.25
22/03/23,164.0,90.2,177.12,136.12,186.96,1.72,155.8
23/03/23,151.0,83.05,163.08,125.33,172.14,1.59,143.45
24/03/23,205.0,112.75,221.4,170.15,233.7,2.15,194.75
25/03/23,78.0,42.9,84.24,64.74,88.92,0.82,74.1
26/03/23,164.0,90.2,177.12,136.12,186.96,1.72,155.8
27/03/23,146.0,80.3,157.68,121.18,166.44,1.53,138.7
28/03/23,147.0,80.85,158.76,122.01,167.58,1.54,139.65
29/03/23,198.0,108.9,213.84,164.34,225.72,2.08,188.1
30/03/23,170.0,93.5,183.6,141.1,193.8,1.79,161.5
31/03/23,73.0,40.15,78.84,60.59,83.22,0.77,69.35
01/04/23,106.0,58.3,114.48,87.98,120.84,1.11,100.7
02/04/23,128.0,70.4,138.24,106.24,145.92,1.34,121.6
03/04/23,179.0,98.45,193.32,148.57,204.06,1.88,170.05
04/04/23,109.0,59.95,117.72,90.47,124.26,1.14,103.55
05/04/23,135.0,74.25,145.8,112.05,153.9,1.42,128.25
06/04/23,142.0,78.1,153.36,117.86,161.88,1.49,134.9
07/04/23,142.0,78.1,153.36,117.86,161.88,1.49,134.9
08/04/23,172.0,94.6,185.76,142.76,196.08,1.81,163.4
09/04/23,217.0,119.35,234.36,180.11,247.38,2.28,206.15
10/04/23,195.0,107.25,210.6,161.85,222.3,2.05,185.25
11/04/23,260.0,143.0,280.8,215.8,296.4,2.73,247.0
12/04/23,213.0,117.15,230.04,176.79,242.82,2.24,202.35
13/04/23,211.0,116.05,227.88,175.13,240.54,2.22,200.45
14/04/23,249.0,136.95,268.92,206.67,283.86,2.61,236.55
15/04/23,235.0,129.25,253.8,195.05,267.9,2.47,223.25
16/04/23,229.0,125.95,247.32,190.07,261.06,2.4,217.55
17/04/23,206.0,113.3,222.48,170.98,234.84,2.16,195.7
18/04/23,235.0,129.25,253.8,195.05,267.9,2.47,223.25
19/04/23,236.0,129.8,254.88,195.88,269.04,2.48,224.2
20/04/23,159.0,87.45,171.72,131.97,181.26,1.67,151.05
21/04/23,129.0,70.95,139.32,107.07,147.06,1.35,122.55
22/04/23,141.0,77.55,152.28,117.03,160.74,1.48,133.95
23/04/23,118.0,64.9,127.44,97.94,134.52,1.24,112.1
24/04/23,160.0,88.0,172.8,132.8,182.4,1.68,152.0
25/04/23,156.0,85.8,168.48,129.48,177.84,1.64,148.2
26/04/23,210.0,115.5,226.8,174.3,239.4,2.21,199.5
27/04/23,219.0,120.45,236.52,181.77,249.66,2.3,208.05
28/04/23,150.0,82.5,162.0,124.5,171.0,1.58,142.5
29/04/23,216.0,118.8,233.28,179.28,246.24,2.27,205.2
30/04/23,132.0,72.6,142.56,109.56,150.48,1.39,125.4
01/05/23,91.0,50.05,98.28,75.53,103.74,0.96,86.45
02/05/23,76.0,41.8,82.08,63.08,86.64,0.8,72.2
03/05/23,107.0,58.85,115.56,88.81,121.98,1.12,101.65
04/05/23,113.0,62.15,122.04,93.79,128.82,1.19,107.35
05/05/23,183.0,100.65,197.64,151.89,208.62,1.92,173.85
06/05/23,234.0,128.7,252.72,194.22,266.76,2.46,222.3
07/05/23,173.0,95.15,186.84,143.59,197.22,1.82,164.35
08/05/23,131.0,72.05,141.48,108.73,149.34,1.38,124.45
09/05/23,197.0,108.35,212.76,163.51,224.58,2.07,187.15
10/05/23,203.0,111.65,219.24,168.49,231.42,2.13,192.85
11/05/23,274.0,150.7,295.92,227.42,312.36,2.88,260.3
12/05/23,227.0,124.85,245.16,188.41,258.78,2.38,215.65
13/05/23,235.0,129.25,253.8,195.05,267.9,2.47,223.25
14/05/23,259.0,142.45,279.72,214.97,295.26,2.72,246.05
15/05/23,162.0,89.1,174.96,134.46,184.68,1.7,153.9
16/05/23,259.0,142.45,279.72,214.97,295.26,2.72,246.05
17/05/23,336.0,184.8,362.88,278.88,383.04,3.53,319.2
18/05/23,149.0,81.95,160.92,123.67,169.86,1.56,141.55
19/05/23,152.0,83.6,164.16,126.16,173.28,1.6,144.4
20/05/23,186.0,102.3,200.88,154.38,212.04,1.95,176.7
21/05/23,215.0,118.25,232.2,178.45,245.1,2.26,204.25
22/05/23,199.0,109.45,214.92,165.17,226.86,2.09,189.05
23/05/23,198.0,108.9,213.84,164.34,225.72,2.08,188.1
24/05/23,158.0,86.9,170.64,131.14,180.12,1.66,150.1
25/05/23,106.0,58.3,114.48,87.98,120.84,1.11,100.7
26/05/23,98.0,53.9,105.84,81.34,111.72,1.03,93.1
27/05/23,110.0,60.5,118.8,91.3,125.4,1.16,104.5
28/05/23,134.0,73.7,144.72,111.22,152.76,1.41,127.3
29/05/23,136.0,74.8,146.88,112.88,155.04,1.43,129.2
30/05/23,115.0,63.25,124.2,95.45,131.1,1.21,109.25
31/05/23,85.0,46.75,91.8,70.55,96.9,0.89,80.75
01/06/23,96.0,52.8,103.68,79.68,109.44,1.01,91.2
02/06/23,120.0,66.0,129.6,99.6,136.8,1.26,114.0
03/06/23,121.0,66.55,130.68,100.43,137.94,1.27,114.95
04/06/23,171.0,94.05,184.68,141.93,194.94,1.8,162.45
05/06/23,166.0,91.3,179.28,137.78,189.24,1.74,157.7
06/06/23,139.0,76.45,150.12,115.37,158.46,1.46,132.05
07/06/23,239.0,131.45,258.12,198.37,272.46,2.51,227.05
08/06/23,161.0,88.55,173.88,133.63,183.54,1.69,152.95
09/06/23,152.0,83.6,164.16,126.16,173.28,1.6,144.4
10/06/23,134.0,73.7,144.72,111.22,152.76,1.41,127.3
11/06/23,130.0,71.5,140.4,107.9,148.2,1.37,123.5
12/06/23,169.0,92.95,182.52,140.27,192.66,1.77,160.55
13/06/23,205.0,112.75,221.4,170.15,233.7,2.15,194.75
14/06/23,213.0,117.15,230.04,176.79,242.82,2.24,202.35
15/06/23,154.0,84.7,166.32,127.82,175.56,1.62,146.3
16/06/23,119.0,65.45,128.52,98.77,135.66,1.25,113.05
17/06/23,119.0,65.45,128.52,98.77,135.66,1.25,113.05
18/06/23,90.0,49.5,97.2,74.7,102.6,0.95,85.5
19/06/23,75.0,41.25,81.0,62.25,85.5,0.79,71.25
20/06/23,104.0,57.2,112.32,86.32,118.56,1.09,98.8
21/06/23,91.0,50.05,98.28,75.53,103.74,0.96,86.45
22/06/23,110.0,60.5,118.8,91.3,125.4,1.16,104.5
23/06/23,132.0,72.6,142.56,109.56,150.48,1.39,125.4
24/06/23,169.0,92.95,182.52,140.27,192.66,1.77,160.55
25/06/23,71.0,39.05,76.68,58.93,80.94,0.75,67.45
26/06/23,93.0,51.15,100.44,77.19,106.02,0.98,88.35
27/06/23,86.0,47.3,92.88,71.38,98.04,0.9,81.7
28/06/23,93.0,51.15,100.44,77.19,106.02,0.98,88.35
29/06/23,101.0,55.55,109.08,83.83,115.14,1.06,95.95
30/06/23,70.0,38.5,75.6,58.1,79.8,0.74,66.5
01/07/23,69.0,37.95,74.52,57.27,78.66,0.72,65.55
02/07/23,71.0,39.05,76.68,58.93,80.94,0.75,67.45
03/07/23,118.0,64.9,127.44,97.94,134.52,1.24,112.1
04/07/23,144.0,79.2,155.52,119.52,164.16,1.51,136.8
05/07/23,96.0,52.8,103.68,79.68,109.44,1.01,91.2
06/07/23,72.0,39.6,77.76,59.76,82.08,0.76,68.4
07/07/23,77.0,42.35,83.16,63.91,87.78,0.81,73.15
08/07/23,71.0,39.05,76.68,58.93,80.94,0.75,67.45
09/07/23,64.0,35.2,69.12,53.12,72.96,0.67,60.8
10/07/23,65.0,35.75,70.2,53.95,74.1,0.68,61.75
11/07/23,69.0,37.95,74.52,57.27,78.66,0.72,65.55
12/07/23,77.0,42.35,83.16,63.91,87.78,0.81,73.15
13/07/23,77.0,42.35,83.16,63.91,87.78,0.81,73.15
14/07/23,73.0,40.15,78.84,60.59,83.22,0.77,69.35
15/07/23,100.0,55.0,108.0,83.0,114.0,1.05,95.0
16/07/23,69.0,37.95,74.52,57.27,78.66,0.72,65.55
17/07/23,85.0,46.75,91.8,70.55,96.9,0.89,80.75
18/07/23,113.0,62.15,122.04,93.79,128.82,1.19,107.35
19/07/23,77.0,42.35,83.16,63.91,87.78,0.81,73.15
20/07/23,93.0,51.15,100.44,77.19,106.02,0.98,88.35
21/07/23,109.0,59.95,117.72,90.47,124.26,1.14,103.55
22/07/23,96.0,52.8,103.68,79.68,109.44,1.01,91.2
23/07/23,73.0,40.15,78.84,60.59,83.22,0.77,69.35
24/07/23,77.0,42.35,83.16,63.91,87.78,0.81,73.15
25/07/23,102.0,56.1,110.16,84.66,116.28,1.07,96.9
26/07/23,73.0,40.15,78.84,60.59,83.22,0.77,69.35
27/07/23,92.0,50.6,99.36,76.36,104.88,0.97,87.4
28/07/23,81.0,44.55,87.48,67.23,92.34,0.85,76.95
29/07/23,59.0,32.45,63.72,48.97,67.26,0.62,56.05
30/07/23,65.0,35.75,70.2,53.95,74.1,0.68,61.75
31/07/23,89.0,48.95,96.12,73.87,101.46,0.93,84.55
01/08/23,92.0,50.6,99.36,76.36,104.88,0.97,87.4
02/08/23,91.0,50.05,98.28,75.53,103.74,0.96,86.45
03/08/23,75.0,41.25,81.0,62.25,85.5,0.79,71.25
04/08/23,105.0,57.75,113.4,87.15,119.7,1.1,99.75
05/08/23,85.0,46.75,91.8,70.55,96.9,0.89,80.75
06/08/23,101.0,55.55,109.08,83.83,115.14,1.06,95.95
07/08/23,102.0,56.1,110.16,84.66,116.28,1.07,96.9
08/08/23,110.0,60.5,118.8,91.3,125.4,1.16,104.5
09/08/23,118.0,64.9,127.44,97.94,134.52,1.24,112.1
10/08/23,133.0,73.15,143.64,110.39,151.62,1.4,126.35
11/08/23,123.0,67.65,132.84,102.09,140.22,1.29,116.85
12/08/23,126.0,69.3,136.08,104.58,143.64,1.32,119.7
13/08/23,105.0,57.75,113.4,87.15,119.7,1.1,99.75
14/08/23,114.0,62.7,123.12,94.62,129.96,1.2,108.3
15/08/23,108.0,59.4,116.64,89.64,123.12,1.13,102.6
16/08/23,109.0,59.95,117.72,90.47,124.26,1.14,103.55
17/08/23,131.0,72.05,141.48,108.73,149.34,1.38,124.45
18/08/23,153.0,84.15,165.24,126.99,174.42,1.61,145.35
19/08/23,125.0,68.75,135.0,103.75,142.5,1.31,118.75
20/08/23,91.0,50.05,98.28,75.53,103.74,0.96,86.45
21/08/23,91.0,50.05,98.28,75.53,103.74,0.96,86.45
22/08/23,106.0,58.3,114.48,87.98,120.84,1.11,100.7
23/08/23,71.0,39.05,76.68,58.93,80.94,0.75,67.45
24/08/23,85.0,46.75,91.8,70.55,96.9,0.89,80.75
25/08/23,117.0,64.35,126.36,97.11,133.38,1.23,111.15
26/08/23,152.0,83.6,164.16,126.16,173.28,1.6,144.4
27/08/23,186.0,102.3,200.88,154.38,212.04,1.95,176.7
28/08/23,144.0,79.2,155.52,119.52,164.16,1.51,136.8
29/08/23,162.0,89.1,174.96,134.46,184.68,1.7,153.9
30/08/23,154.0,84.7,166.32,127.82,175.56,1.62,146.3
31/08/23,146.0,80.3,157.68,121.18,166.44,1.53,138.7
01/09/23,140.0,77.0,151.2,116.2,159.6,1.47,133.0
02/09/23,136.0,74.8,146.88,112.88,155.04,1.43,129.2
03/09/23,136.0,74.8,146.88,112.88,155.04,1.43,129.2
04/09/23,136.0,74.8,146.88,112.88,155.04,1.43,129.2
05/09/23,121.0,66.55,130.68,100.43,137.94,1.27,114.95
06/09/23,106.0,58.3,114.48,87.98,120.84,1.11,100.7
07/09/23,104.0,57.2,112.32,86.32,118.56,1.09,98.8
08/09/23,83.0,45.65,89.64,68.89,94.62,0.87,78.85
09/09/23,54.0,29.7,58.32,44.82,61.56,0.57,51.3
10/09/23,45.0,24.75,48.6,37.35,51.3,0.47,42.75
11/09/23,54.0,29.7,58.32,44.82,61.56,0.57,51.3
12/09/23,89.0,48.95,96.12,73.87,101.46,0.93,84.55
13/09/23,106.0,58.3,114.48,87.98,120.84,1.11,100.7
14/09/23,123.0,67.65,132.84,102.09,140.22,1.29,116.85
15/09/23,101.0,55.55,109.08,83.83,115.14,1.06,95.95
16/09/23,85.0,46.75,91.8,70.55,96.9,0.89,80.75
17/09/23,65.0,35.75,70.2,53.95,74.1,0.68,61.75
18/09/23,63.0,34.65,68.04,52.29,71.82,0.66,59.85
19/09/23,73.0,40.15,78.84,60.59,83.22,0.77,69.35
20/09/23,97.0,53.35,104.76,80.51,110.58,1.02,92.15
21/09/23,114.0,62.7,123.12,94.62,129.96,1.2,108.3
22/09/23,103.0,56.65,111.24,85.49,117.42,1.08,97.85
23/09/23,110.0,60.5,118.8,91.3,125.4,1.16,104.5
24/09/23,134.0,73.7,144.72,111.22,152.76,1.41,127.3
25/09/23,118.0,64.9,127.44,97.94,134.52,1.24,112.1
26/09/23,152.0,83.6,164.16,126.16,173.28,1.6,144.4
27/09/23,129.0,70.95,139.32,107.07,147.06,1.35,122.55
28/09/23,137.0,75.35,147.96,113.71,156.18,1.44,130.15
29/09/23,157.0,86.35,169.56,130.31,178.98,1.65,149.15
30/09/23,166.0,91.3,179.28,137.78,189.24,1.74,157.7
01/10/23,147.0,80.85,158.76,122.01,167.58,1.54,139.65
02/10/23,146.0,80.3,157.68,121.18,166.44,1.53,138.7
03/10/23,155.0,85.25,167.4,128.65,176.7,1.63,147.25
04/10/23,176.0,96.8,190.08,146.08,200.64,1.85,167.2
05/10/23,177.0,97.35,191.16,146.91,201.78,1.86,168.15
06/10/23,212.0,116.6,228.96,175.96,241.68,2.23,201.4
07/10/23,216.0,118.8,233.28,179.28,246.24,2.27,205.2
08/10/23,164.0,90.2,177.12,136.12,186.96,1.72,155.8
09/10/23,175.0,96.25,189.0,145.25,199.5,1.84,166.25
10/10/23,180.0,99.0,194.4,149.4,205.2,1.89,171.0
11/10/23,193.0,106.15,208.44,160.19,220.02,2.03,183.35
12/10/23,220.0,121.0,237.6,182.6,250.8,2.31,209.0
13/10/23,256.0,140.8,276.48,212.48,291.84,2.69,243.2
14/10/23,257.0,141.35,277.56,213.31,292.98,2.7,244.15
15/10/23,233.0,128.15,251.64,193.39,265.62,2.45,221.35
16/10/23,207.0,113.85,223.56,171.81,235.98,2.17,196.65
17/10/23,89.0,48.95,96.12,73.87,101.46,0.93,84.55
18/10/23,129.0,70.95,139.32,107.07,147.06,1.35,122.55
19/10/23,121.0,66.55,130.68,100.43,137.94,1.27,114.95
20/10/23,196.0,107.8,211.68,162.68,223.44,2.06,186.2
21/10/23,248.0,136.4,267.84,205.84,282.72,2.6,235.6
22/10/23,313.0,172.15,338.04,259.79,356.82,3.29,297.35
23/10/23,263.0,144.65,284.04,218.29,299.82,2.76,249.85
24/10/23,220.0,121.0,237.6,182.6,250.8,2.31,209.0
25/10/23,243.0,133.65,262.44,201.69,277.02,2.55,230.85
26/10/23,256.0,140.8,276.48,212.48,291.84,2.69,243.2
27/10/23,261.0,143.55,281.88,216.63,297.54,2.74,247.95
28/10/23,304.0,167.2,328.32,252.32,346.56,3.19,288.8
29/10/23,325.0,178.75,351.0,269.75,370.5,3.41,308.75
30/10/23,347.0,190.85,374.76,288.01,395.58,3.64,329.65
31/10/23,359.0,197.45,387.72,297.97,409.26,3.77,341.05
01/11/23,366.0,201.3,395.28,303.78,417.24,3.84,347.7
02/11/23,392.0,215.6,423.36,325.36,446.88,4.12,372.4
03/11/23,468.0,257.4,505.44,388.44,533.52,4.91,444.6
04/11/23,415.0,228.25,448.2,344.45,473.1,4.36,394.25
05/11/23,454.0,249.7,490.32,376.82,517.56,4.77,431.3
06/11/23,421.0,231.55,454.68,349.43,479.94,4.42,399.95
07/11/23,395.0,217.25,426.6,327.85,450.3,4.15,375.25
08/11/23,426.0,234.3,460.08,353.58,485.64,4.47,404.7
09/11/23,437.0,240.35,471.96,362.71,498.18,4.59,415.15
10/11/23,279.0,153.45,301.32,231.57,318.06,2.93,265.05
11/11/23,220.0,121.0,237.6,182.6,250.8,2.31,209.0
12/11/23,218.0,119.9,235.44,180.94,248.52,2.29,207.1
13/11/23,358.0,196.9,386.64,297.14,408.12,3.76,340.1
14/11/23,397.0,218.35,428.76,329.51,452.58,4.17,377.15
15/11/23,398.0,218.9,429.84,330.34,453.72,4.18,378.1
16/11/23,419.0,230.45,452.52,347.77,477.66,4.4,398.05
17/11/23,405.0,222.75,437.4,336.15,461.7,4.25,384.75
18/11/23,319.0,175.45,344.52,264.77,363.66,3.35,303.05
19/11/23,301.0,165.55,325.08,249.83,343.14,3.16,285.95
20/11/23,348.0,191.4,375.84,288.84,396.72,3.65,330.6
21/11/23,372.0,204.6,401.76,308.76,424.08,3.91,353.4
22/11/23,395.0,217.25,426.6,327.85,450.3,4.15,375.25
23/11/23,390.0,214.5,421.2,323.7,444.6,4.1,370.5
24/11/23,415.0,228.25,448.2,344.45,473.1,4.36,394.25
25/11/23,389.0,213.95,420.12,322.87,443.46,4.08,369.55
26/11/23,396.0,217.8,427.68,328.68,451.44,4.16,376.2
27/11/23,395.0,217.25,426.6,327.85,450.3,4.15,375.25
28/11/23,312.0,171.6,336.96,258.96,355.68,3.28,296.4
29/11/23,290.0,159.5,313.2,240.7,330.6,3.05,275.5
30/11/23,398.0,218.9,429.84,330.34,453.72,4.18,378.1
01/12/23,372.0,204.6,401.76,308.76,424.08,3.91,353.4
02/12/23,353.0,194.15,381.24,292.99,402.42,3.71,335.35
03/12/23,314.0,172.7,339.12,260.62,357.96,3.3,298.3
04/12/23,311.0,171.05,335.88,258.13,354.54,3.27,295.45
05/12/23,297.0,163.35,320.76,246.51,338.58,3.12,282.15
06/12/23,286.0,157.3,308.88,237.38,326.04,3.0,271.7
07/12/23,320.0,176.0,345.6,265.6,364.8,3.36,304.0
08/12/23,324.0,178.2,349.92,268.92,369.36,3.4,307.8
09/12/23,321.0,176.55,346.68,266.43,365.94,3.37,304.95
10/12/23,314.0,172.7,339.12,260.62,357.96,3.3,298.3
11/12/23,317.0,174.35,342.36,263.11,361.38,3.33,301.15
12/12/23,355.0,195.25,383.4,294.65,404.7,3.73,337.25
13/12/23,378.0,207.9,408.24,313.74,430.92,3.97,359.1
14/12/23,326.0,179.3,352.08,270.58,371.64,3.42,309.7
15/12/23,323.0,177.65,348.84,268.09,368.22,3.39,306.85
16/12/23,354.0,194.7,382.32,293.82,403.56,3.72,336.3
17/12/23,331.0,182.05,357.48,274.73,377.34,3.48,314.45
18/12/23,330.0,181.5,356.4,273.9,376.2,3.47,313.5
19/12/23,286.0,157.3,308.88,237.38,326.04,3.0,271.7
20/12/23,285.0,156.75,307.8,236.55,324.9,2.99,270.75
21/12/23,361.0,198.55,389.88,299.63,411.54,3.79,342.95
22/12/23,409.0,224.95,441.72,339.47,466.26,4.29,388.55
23/12/23,450.0,247.5,486.0,373.5,513.0,4.73,427.5
24/12/23,411.0,226.05,443.88,341.13,468.54,4.32,390.45
25/12/23,383.0,210.65,413.64,317.89,436.62,4.02,363.85
26/12/23,377.0,207.35,407.16,312.91,429.78,3.96,358.15
27/12/23,380.0,209.0,410.4,315.4,433.2,3.99,361.0
28/12/23,358.0,196.9,386.64,297.14,408.12,3.76,340.1
29/12/23,382.0,210.1,412.56,317.06,435.48,4.01,362.9
30/12/23,400.0,220.0,432.0,332.0,456.0,4.2,380.0
31/12/23,382.0,210.1,412.56,317.06,435.48,4.01,362.9
01/01/24,346.0,190.3,373.68,287.18,394.44,3.63,328.7
02/01/24,340.0,187.0,367.2,282.2,387.6,3.57,323.0
03/01/24,341.0,187.55,368.28,283.03,388.74,3.58,323.95
04/01/24,377.0,207.35,407.16,312.91,429.78,3.96,358.15
05/01/24,333.0,183.15,359.64,276.39,379.62,3.5,316.35
06/01/24,319.0,175.45,344.52,264.77,363.66,3.35,303.05
07/01/24,333.0,183.15,359.64,276.39,379.62,3.5,316.35
08/01/24,345.0,189.75,372.6,286.35,393.3,3.62,327.75
09/01/24,343.0,188.65,370.44,284.69,391.02,3.6,325.85
10/01/24,273.0,150.15,294.84,226.59,311.22,2.87,259.35
11/01/24,348.0,191.4,375.84,288.84,396.72,3.65,330.6
12/01/24,340.0,187.0,367.2,282.2,387.6,3.57,323.0
13/01/24,398.0,218.9,429.84,330.34,453.72,4.18,378.1
14/01/24,447.0,245.85,482.76,371.01,509.58,4.69,424.65
15/01/24,359.0,197.45,387.72,297.97,409.26,3.77,341.05
16/01/24,371.0,204.05,400.68,307.93,422.94,3.9,352.45
17/01/24,368.0,202.4,397.44,305.44,419.52,3.86,349.6
18/01/24,318.0,174.9,343.44,263.94,362.52,3.34,302.1
19/01/24,348.0,191.4,375.84,288.84,396.72,3.65,330.6
20/01/24,329.0,180.95,355.32,273.07,375.06,3.45,312.55
21/01/24,349.0,191.95,376.92,289.67,397.86,3.66,331.55
22/01/24,333.0,183.15,359.64,276.39,379.62,3.5,316.35
23/01/24,368.0,202.4,397.44,305.44,419.52,3.86,349.6
24/01/24,409.0,224.95,441.72,339.47,466.26,4.29,388.55
25/01/24,332.0,182.6,358.56,275.56,378.48,3.49,315.4
26/01/24,408.0,224.4,440.64,338.64,465.12,4.28,387.6
27/01/24,356.0,195.8,384.48,295.48,405.84,3.74,338.2
28/01/24,365.0,200.75,394.2,302.95,416.1,3.83,346.75
29/01/24,356.0,195.8,384.48,295.48,405.84,3.74,338.2
30/01/24,357.0,196.35,385.56,296.31,406.98,3.75,339.15
31/01/24,391.0,215.05,422.28,324.53,445.74,4.11,371.45
01/02/24,176.0,96.8,190.08,146.08,200.64,1.85,167.2
02/02/24,215.0,118.25,232.2,178.45,245.1,2.26,204.25
03/02/24,199.0,109.45,214.92,165.17,226.86,2.09,189.05
04/02/24,274.0,150.7,295.92,227.42,312.36,2.88,260.3
05/02/24,177.0,97.35,191.16,146.91,201.78,1.86,168.15
06/02/24,140.0,77.0,151.2,116.2,159.6,1.47,133.0
07/02/24,174.0,95.7,187.92,144.42,198.36,1.83,165.3
08/02/24,161.0,88.55,173.88,133.63,183.54,1.69,152.95
09/02/24,146.0,80.3,157.68,121.18,166.44,1.53,138.7
10/02/24,295.0,162.25,318.6,244.85,336.3,3.1,280.25
11/02/24,313.0,172.15,338.04,259.79,356.82,3.29,297.35
12/02/24,300.0,165.0,324.0,249.0,342.0,3.15,285.0
13/02/24,341.0,187.55,368.28,283.03,388.74,3.58,323.95
14/02/24,340.0,187.0,367.2,282.2,387.6,3.57,323.0
15/02/24,278.0,152.9,300.24,230.74,316.92,2.92,264.1
16/02/24,268.0,147.4,289.44,222.44,305.52,2.81,254.6
17/02/24,245.0,134.75,264.6,203.35,279.3,2.57,232.75
18/02/24,270.0,148.5,291.6,224.1,307.8,2.84,256.5
19/02/24,231.0,127.05,249.48,191.73,263.34,2.43,219.45
20/02/24,226.0,124.3,244.08,187.58,257.64,2.37,214.7
21/02/24,243.0,133.65,262.44,201.69,277.02,2.55,230.85
22/02/24,150.0,82.5,162.0,124.5,171.0,1.58,142.5
23/02/24,143.0,78.65,154.44,118.69,163.02,1.5,135.85
24/02/24,193.0,106.15,208.44,160.19,220.02,2.03,183.35
25/02/24,193.0,106.15,208.44,160.19,220.02,2.03,183.35
26/02/24,172.0,94.6,185.76,142.76,196.08,1.81,163.4
27/02/24,159.0,87.45,171.72,131.97,181.26,1.67,151.05
28/02/24,141.0,77.55,152.28,117.03,160.74,1.48,133.95
29/02/24,147.0,80.85,158.76,122.01,167.58,1.54,139.65
01/03/24,208.0,114.4,224.64,172.64,237.12,2.18,197.6
02/03/24,117.0,64.35,126.36,97.11,133.38,1.23,111.15
03/03/24,126.0,69.3,136.08,104.58,143.64,1.32,119.7
04/03/24,141.0,77.55,152.28,117.03,160.74,1.48,133.95
05/03/24,125.0,68.75,135.0,103.75,142.5,1.31,118.75
06/03/24,138.0,75.9,149.04,114.54,157.32,1.45,131.1
07/03/24,181.0,99.55,195.48,150.23,206.34,1.9,171.95
08/03/24,157.0,86.35,169.56,130.31,178.98,1.65,149.15
09/03/24,145.0,79.75,156.6,120.35,165.3,1.52,137.75
10/03/24,182.0,100.1,196.56,151.06,207.48,1.91,172.9
11/03/24,201.0,110.55,217.08,166.83,229.14,2.11,190.95
12/03/24,190.0,104.5,205.2,157.7,216.6,2.0,180.5
13/03/24,165.0,90.75,178.2,136.95,188.1,1.73,156.75
14/03/24,195.0,107.25,210.6,161.85,222.3,2.05,185.25
15/03/24,128.0,70.4,138.24,106.24,145.92,1.34,121.6
16/03/24,168.0,92.4,181.44,139.44,191.52,1.76,159.6
17/03/24,193.0,106.15,208.44,160.19,220.02,2.03,183.35
18/03/24,199.0,109.45,214.92,165.17,226.86,2.09,189.05
19/03/24,222.0,122.1,239.76,184.26,253.08,2.33,210.9
20/03/24,230.0,126.5,248.4,190.9,262.2,2.42,218.5
21/03/24,171.0,94.05,184.68,141.93,194.94,1.8,162.45
22/03/24,166.0,91.3,179.28,137.78,189.24,1.74,157.7
23/03/24,232.0,127.6,250.56,192.56,264.48,2.44,220.4
24/03/24,195.0,107.25,210.6,161.85,222.3,2.05,185.25
25/03/24,197.0,108.35,212.76,163.51,224.58,2.07,187.15
26/03/24,134.0,73.7,144.72,111.22,152.76,1.41,127.3
27/03/24,178.0,97.9,192.24,147.74,202.92,1.87,169.1
28/03/24,160.0,88.0,172.8,132.8,182.4,1.68,152.0
29/03/24,176.0,96.8,190.08,146.08,200.64,1.85,167.2
30/03/24,190.0,104.5,205.2,157.7,216.6,2.0,180.5
31/03/24,243.0,133.65,262.44,201.69,277.02,2.55,230.85
01/04/24,133.0,73.15,143.64,110.39,151.62,1.4,126.35
02/04/24,144.0,79.2,155.52,119.52,164.16,1.51,136.8
03/04/24,167.0,91.85,180.36,138.61,190.38,1.75,158.65
04/04/24,173.0,95.15,186.84,143.59,197.22,1.82,164.35
05/04/24,174.0,95.7,187.92,144.42,198.36,1.83,165.3
06/04/24,168.0,92.4,181.44,139.44,191.52,1.76,159.6
07/04/24,179.0,98.45,193.32,148.57,204.06,1.88,170.05
08/04/24,191.0,105.05,206.28,158.53,217.74,2.01,181.45
09/04/24,203.0,111.65,219.24,168.49,231.42,2.13,192.85
10/04/24,222.0,122.1,239.76,184.26,253.08,2.33,210.9
11/04/24,240.0,132.0,259.2,199.2,273.6,2.52,228.0
12/04/24,232.0,127.6,250.56,192.56,264.48,2.44,220.4
13/04/24,198.0,108.9,213.84,164.34,225.72,2.08,188.1
14/04/24,141.0,77.55,152.28,117.03,160.74,1.48,133.95
15/04/24,205.0,112.75,221.4,170.15,233.7,2.15,194.75
16/04/24,228.0,125.4,246.24,189.24,259.92,2.39,216.6
17/04/24,147.0,80.85,158.76,122.01,167.58,1.54,139.65
18/04/24,164.0,90.2,177.12,136.12,186.96,1.72,155.8
19/04/24,186.0,102.3,200.88,154.38,212.04,1.95,176.7
20/04/24,219.0,120.45,236.52,181.77,249.66,2.3,208.05
21/04/24,139.0,76.45,150.12,115.37,158.46,1.46,132.05
22/04/24,129.0,70.95,139.32,107.07,147.06,1.35,122.55
23/04/24,190.0,104.5,205.2,157.7,216.6,2.0,180.5
24/04/24,178.0,97.9,192.24,147.74,202.92,1.87,169.1
25/04/24,200.0,110.0,216.0,166.0,228.0,2.1,190.0
26/04/24,197.0,108.35,212.76,163.51,224.58,2.07,187.15
27/04/24,165.0,90.75,178.2,136.95,188.1,1.73,156.75
28/04/24,176.0,96.8,190.08,146.08,200.64,1.85,167.2
29/04/24,225.0,123.75,243.0,186.75,256.5,2.36,213.75
30/04/24,189.0,103.95,204.12,156.87,215.46,1.98,179.55
01/05/24,200.0,110.0,216.0,166.0,228.0,2.1,190.0
02/05/24,197.0,108.35,212.76,163.51,224.58,2.07,187.15
03/05/24,264.0,145.2,285.12,219.12,300.96,2.77,250.8
04/05/24,282.0,155.1,304.56,234.06,321.48,2.96,267.9
05/05/24,292.0,160.6,315.36,242.36,332.88,3.07,277.4
06/05/24,248.0,136.4,267.84,205.84,282.72,2.6,235.6
07/05/24,303.0,166.65,327.24,251.49,345.42,3.18,287.85
08/05/24,225.0,123.75,243.0,186.75,256.5,2.36,213.75
09/05/24,179.0,98.45,193.32,148.57,204.06,1.88,170.05
10/05/24,180.0,99.0,194.4,149.4,205.2,1.89,171.0
11/05/24,242.0,133.1,261.36,200.86,275.88,2.54,229.9
12/05/24,184.0,101.2,198.72,152.72,209.76,1.93,174.8
13/05/24,228.0,125.4,246.24,189.24,259.92,2.39,216.6
14/05/24,235.0,129.25,253.8,195.05,267.9,2.47,223.25
15/05/24,244.0,134.2,263.52,202.52,278.16,2.56,231.8
16/05/24,236.0,129.8,254.88,195.88,269.04,2.48,224.2
17/05/24,233.0,128.15,251.64,193.39,265.62,2.45,221.35
18/05/24,262.0,144.1,282.96,217.46,298.68,2.75,248.9
19/05/24,245.0,134.75,264.6,203.35,279.3,2.57,232.75
20/05/24,228.0,125.4,246.24,189.24,259.92,2.39,216.6
21/05/24,240.0,132.0,259.2,199.2,273.6,2.52,228.0
22/05/24,193.0,106.15,208.44,160.19,220.02,2.03,183.35
23/05/24,156.0,85.8,168.48,129.48,177.84,1.64,148.2
24/05/24,157.0,86.35,169.56,130.31,178.98,1.65,149.15
25/05/24,168.0,92.4,181.44,139.44,191.52,1.76,159.6
26/05/24,191.0,105.05,206.28,158.53,217.74,2.01,181.45
27/05/24,225.0,123.75,243.0,186.75,256.5,2.36,213.75
28/05/24,246.0,135.3,265.68,204.18,280.44,2.58,233.7
29/05/24,240.0,132.0,259.2,199.2,273.6,2.52,228.0
30/05/24,230.0,126.5,248.4,190.9,262.2,2.42,218.5
31/05/24,192.0,105.6,207.36,159.36,218.88,2.02,182.4
01/06/24,245.0,134.75,264.6,203.35,279.3,2.57,232.75
02/06/24,173.0,95.15,186.84,143.59,197.22,1.82,164.35
03/06/24,155.0,85.25,167.4,128.65,176.7,1.63,147.25
04/06/24,211.0,116.05,227.88,175.13,240.54,2.22,200.45
05/06/24,251.0,138.05,271.08,208.33,286.14,2.64,238.45
06/06/24,183.0,100.65,197.64,151.89,208.62,1.92,173.85
07/06/24,231.0,127.05,249.48,191.73,263.34,2.43,219.45
08/06/24,237.0,130.35,255.96,196.71,270.18,2.49,225.15
09/06/24,182.0,100.1,196.56,151.06,207.48,1.91,172.9
10/06/24,172.0,94.6,185.76,142.76,196.08,1.81,163.4
11/06/24,223.0,122.65,240.84,185.09,254.22,2.34,211.85
12/06/24,213.0,117.15,230.04,176.79,242.82,2.24,202.35
13/06/24,195.0,107.25,210.6,161.85,222.3,2.05,185.25
14/06/24,189.0,103.95,204.12,156.87,215.46,1.98,179.55
15/06/24,186.0,102.3,200.88,154.38,212.04,1.95,176.7
16/06/24,197.0,108.35,212.76,163.51,224.58,2.07,187.15
17/06/24,169.0,92.95,182.52,140.27,192.66,1.77,160.55
18/06/24,196.0,107.8,211.68,162.68,223.44,2.06,186.2
19/06/24,306.0,168.3,330.48,253.98,348.84,3.21,290.7
20/06/24,179.0,98.45,193.32,148.57,204.06,1.88,170.05
21/06/24,175.0,96.25,189.0,145.25,199.5,1.84,166.25
22/06/24,186.0,102.3,200.88,154.38,212.04,1.95,176.7
23/06/24,145.0,79.75,156.6,120.35,165.3,1.52,137.75
24/06/24,138.0,75.9,149.04,114.54,157.32,1.45,131.1
25/06/24,134.0,73.7,144.72,111.22,152.76,1.41,127.3
26/06/24,132.0,72.6,142.56,109.56,150.48,1.39,125.4
27/06/24,74.0,40.7,79.92,61.42,84.36,0.78,70.3
28/06/24,64.0,35.2,69.12,53.12,72.96,0.67,60.8
29/06/24,118.0,64.9,127.44,97.94,134.52,1.24,112.1
30/06/24,115.0,63.25,124.2,95.45,131.1,1.21,109.25
01/07/24,105.0,57.75,113.4,87.15,119.7,1.1,99.75
02/07/24,118.0,64.9,127.44,97.94,134.52,1.24,112.1
03/07/24,108.0,59.4,116.64,89.64,123.12,1.13,102.6
04/07/24,61.0,33.55,65.88,50.63,69.54,0.64,57.95
05/07/24,77.0,42.35,83.16,63.91,87.78,0.81,73.15
06/07/24,65.0,35.75,70.2,53.95,74.1,0.68,61.75
07/07/24,56.0,30.8,60.48,46.48,63.84,0.59,53.2
08/07/24,56.0,30.8,60.48,46.48,63.84,0.59,53.2
09/07/24,84.0,46.2,90.72,69.72,95.76,0.88,79.8
10/07/24,138.0,75.9,149.04,114.54,157.32,1.45,131.1
11/07/24,113.0,62.15,122.04,93.79,128.82,1.19,107.35
12/07/24,107.0,58.85,115.56,88.81,121.98,1.12,101.65
13/07/24,102.0,56.1,110.16,84.66,116.28,1.07,96.9
14/07/24,107.0,58.85,115.56,88.81,121.98,1.12,101.65
15/07/24,109.0,59.95,117.72,90.47,124.26,1.14,103.55
16/07/24,100.0,55.0,108.0,83.0,114.0,1.05,95.0
17/07/24,90.0,49.5,97.2,74.7,102.6,0.95,85.5
18/07/24,95.0,52.25,102.6,78.85,108.3,1.0,90.25
19/07/24,124.0,68.2,133.92,102.92,141.36,1.3,117.8
20/07/24,109.0,59.95,117.72,90.47,124.26,1.14,103.55
21/07/24,103.0,56.65,111.24,85.49,117.42,1.08,97.85
22/07/24,85.0,46.75,91.8,70.55,96.9,0.89,80.75
23/07/24,93.0,51.15,100.44,77.19,106.02,0.98,88.35
24/07/24,97.0,53.35,104.76,80.51,110.58,1.02,92.15
25/07/24,109.0,59.95,117.72,90.47,124.26,1.14,103.55
26/07/24,84.0,46.2,90.72,69.72,95.76,0.88,79.8
27/07/24,131.0,72.05,141.48,108.73,149.34,1.38,124.45
28/07/24,83.0,45.65,89.64,68.89,94.62,0.87,78.85
29/07/24,76.0,41.8,82.08,63.08,86.64,0.8,72.2
30/07/24,97.0,53.35,104.76,80.51,110.58,1.02,92.15
31/07/24,96.0,52.8,103.68,79.68,109.44,1.01,91.2
01/08/24,64.0,35.2,69.12,53.12,72.96,0.67,60.8
02/08/24,76.0,41.8,82.08,63.08,86.64,0.8,72.2
03/08/24,68.0,37.4,73.44,56.44,77.52,0.71,64.6
04/08/24,64.0,35.2,69.12,53.12,72.96,0.67,60.8
05/08/24,59.0,32.45,63.72,48.97,67.26,0.62,56.05
06/08/24,61.0,33.55,65.88,50.63,69.54,0.64,57.95
07/08/24,61.0,33.55,65.88,50.63,69.54,0.64,57.95
08/08/24,54.0,29.7,58.32,44.82,61.56,0.57,51.3
09/08/24,61.0,33.55,65.88,50.63,69.54,0.64,57.95
10/08/24,71.0,39.05,76.68,58.93,80.94,0.75,67.45
11/08/24,69.0,37.95,74.52,57.27,78.66,0.72,65.55
12/08/24,56.0,30.8,60.48,46.48,63.84,0.59,53.2
13/08/24,63.0,34.65,68.04,52.29,71.82,0.66,59.85
14/08/24,79.0,43.45,85.32,65.57,90.06,0.83,75.05
15/08/24,72.0,39.6,77.76,59.76,82.08,0.76,68.4
16/08/24,63.0,34.65,68.04,52.29,71.82,0.66,59.85
17/08/24,74.0,40.7,79.92,61.42,84.36,0.78,70.3
18/08/24,83.0,45.65,89.64,68.89,94.62,0.87,78.85
19/08/24,84.0,46.2,90.72,69.72,95.76,0.88,79.8
20/08/24,66.0,36.3,71.28,54.78,75.24,0.69,62.7
21/08/24,87.0,47.85,93.96,72.21,99.18,0.91,82.65
22/08/24,85.0,46.75,91.8,70.55,96.9,0.89,80.75
23/08/24,77.0,42.35,83.16,63.91,87.78,0.81,73.15
24/08/24,105.0,57.75,113.4,87.15,119.7,1.1,99.75
25/08/24,77.0,42.35,83.16,63.91,87.78,0.81,73.15
26/08/24,72.0,39.6,77.76,59.76,82.08,0.76,68.4
27/08/24,64.0,35.2,69.12,53.12,72.96,0.67,60.8
28/08/24,70.0,38.5,75.6,58.1,79.8,0.74,66.5
29/08/24,58.0,31.9,62.64,48.14,66.12,0.61,55.1
30/08/24,102.0,56.1,110.16,84.66,116.28,1.07,96.9
31/08/24,92.0,50.6,99.36,76.36,104.88,0.97,87.4
01/09/24,101.0,55.55,109.08,83.83,115.14,1.06,95.95
02/09/24,87.0,47.85,93.96,72.21,99.18,0.91,82.65
03/09/24,89.0,48.95,96.12,73.87,101.46,0.93,84.55
04/09/24,69.0,37.95,74.52,57.27,78.66,0.72,65.55
05/09/24,83.0,45.65,89.64,68.89,94.62,0.87,78.85
06/09/24,95.0,52.25,102.6,78.85,108.3,1.0,90.25
07/09/24,71.0,39.05,76.68,58.93,80.94,0.75,67.45
08/09/24,91.0,50.05,98.28,75.53,103.74,0.96,86.45
09/09/24,114.0,62.7,123.12,94.62,129.96,1.2,108.3
10/09/24,106.0,58.3,114.48,87.98,120.84,1.11,100.7
11/09/24,71.0,39.05,76.68,58.93,80.94,0.75,67.45
12/09/24,64.0,35.2,69.12,53.12,72.96,0.67,60.8
13/09/24,52.0,28.6,56.16,43.16,59.28,0.55,49.4
14/09/24,62.0,34.1,66.96,51.46,70.68,0.65,58.9
15/09/24,107.0,58.85,115.56,88.81,121.98,1.12,101.65
16/09/24,139.0,76.45,150.12,115.37,158.46,1.46,132.05
17/09/24,172.0,94.6,185.76,142.76,196.08,1.81,163.4
18/09/24,115.0,63.25,124.2,95.45,131.1,1.21,109.25
19/09/24,56.0,30.8,60.48,46.48,63.84,0.59,53.2
20/09/24,98.0,53.9,105.84,81.34,111.72,1.03,93.1
21/09/24,116.0,63.8,125.28,96.28,132.24,1.22,110.2
22/09/24,162.0,89.1,174.96,134.46,184.68,1.7,153.9
23/09/24,165.0,90.75,178.2,136.95,188.1,1.73,156.75
24/09/24,195.0,107.25,210.6,161.85,222.3,2.05,185.25
25/09/24,233.0,128.15,251.64,193.39,265.62,2.45,221.35
26/09/24,94.0,51.7,101.52,78.02,107.16,0.99,89.3
27/09/24,80.0,44.0,86.4,66.4,91.2,0.84,76.0
28/09/24,66.0,36.3,71.28,54.78,75.24,0.69,62.7
29/09/24,74.0,40.7,79.92,61.42,84.36,0.78,70.3
30/09/24,126.0,69.3,136.08,104.58,143.64,1.32,119.7
01/10/24,149.0,81.95,160.92,123.67,169.86,1.56,141.55
02/10/24,173.0,95.15,186.84,143.59,197.22,1.82,164.35
03/10/24,162.0,89.1,174.96,134.46,184.68,1.7,153.9
04/10/24,184.0,101.2,198.72,152.72,209.76,1.93,174.8
05/10/24,145.0,79.75,156.6,120.35,165.3,1.52,137.75
06/10/24,143.0,78.65,154.44,118.69,163.02,1.5,135.85
07/10/24,126.0,69.3,136.08,104.58,143.64,1.32,119.7
08/10/24,167.0,91.85,180.36,138.61,190.38,1.75,158.65
09/10/24,164.0,90.2,177.12,136.12,186.96,1.72,155.8
10/10/24,132.0,72.6,142.56,109.56,150.48,1.39,125.4
11/10/24,141.0,77.55,152.28,117.03,160.74,1.48,133.95
12/10/24,155.0,85.25,167.4,128.65,176.7,1.63,147.25
13/10/24,224.0,123.2,241.92,185.92,255.36,2.35,212.8
14/10/24,234.0,128.7,252.72,194.22,266.76,2.46,222.3
15/10/24,198.0,108.9,213.84,164.34,225.72,2.08,188.1
16/10/24,230.0,126.5,248.4,190.9,262.2,2.42,218.5
17/10/24,285.0,156.75,307.8,236.55,324.9,2.99,270.75
18/10/24,292.0,160.6,315.36,242.36,332.88,3.07,277.4
19/10/24,278.0,152.9,300.24,230.74,316.92,2.92,264.1
20/10/24,277.0,152.35,299.16,229.91,315.78,2.91,263.15
21/10/24,310.0,170.5,334.8,257.3,353.4,3.26,294.5
22/10/24,327.0,179.85,353.16,271.41,372.78,3.43,310.65
23/10/24,364.0,200.2,393.12,302.12,414.96,3.82,345.8
24/10/24,306.0,168.3,330.48,253.98,348.84,3.21,290.7
25/10/24,270.0,148.5,291.6,224.1,307.8,2.84,256.5
26/10/24,255.0,140.25,275.4,211.65,290.7,2.68,242.25
27/10/24,356.0,195.8,384.48,295.48,405.84,3.74,338.2
28/10/24,304.0,167.2,328.32,252.32,346.56,3.19,288.8
29/10/24,268.0,147.4,289.44,222.44,305.52,2.81,254.6
30/10/24,307.0,168.85,331.56,254.81,349.98,3.22,291.65
31/10/24,328.0,180.4,354.24,272.24,373.92,3.44,311.6
01/11/24,339.0,186.45,366.12,281.37,386.46,3.56,322.05
02/11/24,318.0,174.9,343.44,263.94,362.52,3.34,302.1
03/11/24,381.0,209.55,411.48,316.23,434.34,4.0,361.95
04/11/24,380.0,209.0,410.4,315.4,433.2,3.99,361.0
05/11/24,372.0,204.6,401.76,308.76,424.08,3.91,353.4
06/11/24,351.0,193.05,379.08,291.33,400.14,3.69,333.45
07/11/24,377.0,207.35,407.16,312.91,429.78,3.96,358.15
08/11/24,379.0,208.45,409.32,314.57,432.06,3.98,360.05
09/11/24,350.0,192.5,378.0,290.5,399.0,3.68,332.5
10/11/24,334.0,183.7,360.72,277.22,380.76,3.51,317.3
11/11/24,352.0,193.6,380.16,292.16,401.28,3.7,334.4
12/11/24,334.0,183.7,360.72,277.22,380.76,3.51,317.3
13/11/24,418.0,229.9,451.44,346.94,476.52,4.39,397.1
14/11/24,424.0,233.2,457.92,351.92,483.36,4.45,402.8
15/11/24,396.0,217.8,427.68,328.68,451.44,4.16,376.2
16/11/24,417.0,229.35,450.36,346.11,475.38,4.38,396.15
17/11/24,441.0,242.55,476.28,366.03,502.74,4.63,418.95
18/11/24,494.0,271.7,533.52,410.02,563.16,5.19,469.3
19/11/24,460.0,253.0,496.8,381.8,524.4,4.83,437.0
20/11/24,419.0,230.45,452.52,347.77,477.66,4.4,398.05
21/11/24,371.0,204.05,400.68,307.93,422.94,3.9,352.45
22/11/24,393.0,216.15,424.44,326.19,448.02,4.13,373.35
23/11/24,412.0,226.6,444.96,341.96,469.68,4.33,391.4
24/11/24,318.0,174.9,343.44,263.94,362.52,3.34,302.1
25/11/24,349.0,191.95,376.92,289.67,397.86,3.66,331.55
26/11/24,343.0,188.65,370.44,284.69,391.02,3.6,325.85
27/11/24,303.0,166.65,327.24,251.49,345.42,3.18,287.85
28/11/24,325.0,178.75,351.0,269.75,370.5,3.41,308.75
29/11/24,331.0,182.05,357.48,274.73,377.34,3.48,314.45
30/11/24,346.0,190.3,373.68,287.18,394.44,3.63,328.7
01/12/24,285.0,156.75,307.8,236.55,324.9,2.99,270.75
02/12/24,280.0,154.0,302.4,232.4,319.2,2.94,266.0
03/12/24,268.0,147.4,289.44,222.44,305.52,2.81,254.6
04/12/24,178.0,97.9,192.24,147.74,202.92,1.87,169.1
05/12/24,165.0,90.75,178.2,136.95,188.1,1.73,156.75
06/12/24,197.0,108.35,212.76,163.51,224.58,2.07,187.15
07/12/24,233.0,128.15,251.64,193.39,265.62,2.45,221.35
08/12/24,302.0,166.1,326.16,250.66,344.28,3.17,286.9
09/12/24,186.0,102.3,200.88,154.38,212.04,1.95,176.7
10/12/24,234.0,128.7,252.72,194.22,266.76,2.46,222.3
11/12/24,199.0,109.45,214.92,165.17,226.86,2.09,189.05
12/12/24,288.0,158.4,311.04,239.04,328.32,3.02,273.6
13/12/24,262.0,144.1,282.96,217.46,298.68,2.75,248.9
14/12/24,193.0,106.15,208.44,160.19,220.02,2.03,183.35
15/12/24,294.0,161.7,317.52,244.02,335.16,3.09,279.3
16/12/24,379.0,208.45,409.32,314.57,432.06,3.98,360.05
17/12/24,433.0,238.15,467.64,359.39,493.62,4.55,411.35
18/12/24,445.0,244.75,480.6,369.35,507.3,4.67,422.75
19/12/24,451.0,248.05,487.08,374.33,514.14,4.74,428.45
20/12/24,429.0,235.95,463.32,356.07,489.06,4.5,407.55
21/12/24,370.0,203.5,399.6,307.1,421.8,3.89,351.5
22/12/24,409.0,224.95,441.72,339.47,466.26,4.29,388.55
23/12/24,406.0,223.3,438.48,336.98,462.84,4.26,385.7
24/12/24,369.0,202.95,398.52,306.27,420.66,3.87,350.55
25/12/24,336.0,184.8,362.88,278.88,383.04,3.53,319.2
26/12/24,345.0,189.75,372.6,286.35,393.3,3.62,327.75
27/12/24,353.0,194.15,381.24,292.99,402.42,3.71,335.35
28/12/24,139.0,76.45,150.12,115.37,158.46,1.46,132.05
29/12/24,225.0,123.75,243.0,186.75,256.5,2.36,213.75
30/12/24,173.0,95.15,186.84,143.59,197.22,1.82,164.35
31/12/24,283.0,155.65,305.64,234.89,322.62,2.97,268.85
