Date,AQI,PM2.5,PM10,NO2,SO2,CO,O3
01/01/19,194.0,106.7,209.52,161.02,221.16,2.04,184.3
02/01/19,180.0,99.0,194.4,149.4,205.2,1.89,171.0
03/01/19,267.0,146.85,288.36,221.61,304.38,2.8,253.65
04/01/19,223.0,122.65,240.84,185.09,254.22,2.34,211.85
05/01/19,178.0,97.9,192.24,147.74,202.92,1.87,169.1
06/01/19,192.0,105.6,207.36,159.36,218.88,2.02,182.4
07/01/19,146.0,80.3,157.68,121.18,166.44,1.53,138.7
08/01/19,161.0,88.55,173.88,133.63,183.54,1.69,152.95
09/01/19,154.0,84.7,166.32,127.82,175.56,1.62,146.3
10/01/19,219.0,120.45,236.52,181.77,249.66,2.3,208.05
11/01/19,212.0,116.6,228.96,175.96,241.68,2.23,201.4
12/01/19,200.0,110.0,216.0,166.0,228.0,2.1,190.0
13/01/19,206.0,113.3,222.48,170.98,234.84,2.16,195.7
14/01/19,163.0,89.65,176.04,135.29,185.82,1.71,154.85
15/01/19,163.0,89.65,176.04,135.29,185.82,1.71,154.85
16/01/19,163.0,89.65,176.04,135.29,185.82,1.71,154.85
17/01/19,193.0,106.15,208.44,160.19,220.02,2.03,183.35
18/01/19,207.0,113.85,223.56,171.81,235.98,2.17,196.65
19/01/19,202.0,111.1,218.16,167.66,230.28,2.12,191.9
20/01/19,251.0,138.05,271.08,208.33,286.14,2.64,238.45
21/01/19,137.0,75.35,147.96,113.71,156.18,1.44,130.15
22/01/19,108.0,59.4,116.64,89.64,123.12,1.13,102.6
23/01/19,93.0,51.15,100.44,77.19,106.02,0.98,88.35
24/01/19,134.0,73.7,144.72,111.22,152.76,1.41,127.3
25/01/19,123.0,67.65,132.84,102.09,140.22,1.29,116.85
26/01/19,115.0,63.25,124.2,95.45,131.1,1.21,109.25
27/01/19,110.0,60.5,118.8,91.3,125.4,1.16,104.5
28/01/19,110.0,60.5,118.8,91.3,125.4,1.16,104.5
29/01/19,118.0,64.9,127.44,97.94,134.52,1.24,112.1
30/01/19,156.0,85.8,168.48,129.48,177.84,1.64,148.2
31/01/19,153.0,84.15,165.24,126.99,174.42,1.61,145.35
01/02/19,153.0,84.15,165.24,126.99,174.42,1.61,145.35
02/02/19,158.0,86.9,170.64,131.14,180.12,1.66,150.1
03/02/19,204.0,112.2,220.32,169.32,232.56,2.14,193.8
04/02/19,197.0,108.35,212.76,163.51,224.58,2.07,187.15
05/02/19,159.0,87.45,171.72,131.97,181.26,1.67,151.05
06/02/19,153.0,84.15,165.24,126.99,174.42,1.61,145.35
07/02/19,90.0,49.5,97.2,74.7,102.6,0.95,85.5
08/02/19,162.0,89.1,174.96,134.46,184.68,1.7,153.9
09/02/19,159.0,87.45,171.72,131.97,181.26,1.67,151.05
10/02/19,187.0,102.85,201.96,155.21,213.18,1.96,177.65
11/02/19,225.0,123.75,243.0,186.75,256.5,2.36,213.75
12/02/19,219.0,120.45,236.52,181.77,249.66,2.3,208.05
13/02/19,175.0,96.25,189.0,145.25,199.5,1.84,166.25
14/02/19,97.0,53.35,104.76,80.51,110.58,1.02,92.15
15/02/19,108.0,59.4,116.64,89.64,123.12,1.13,102.6
16/02/19,124.0,68.2,133.92,102.92,141.36,1.3,117.8
17/02/19,173.0,95.15,186.84,143.59,197.22,1.82,164.35
18/02/19,133.0,73.15,143.64,110.39,151.62,1.4,126.35
19/02/19,166.0,91.3,179.28,137.78,189.24,1.74,157.7
20/02/19,156.0,85.8,168.48,129.48,177.84,1.64,148.2
21/02/19,90.0,49.5,97.2,74.7,102.6,0.95,85.5
22/02/19,83.0,45.65,89.64,68.89,94.62,0.87,78.85
23/02/19,173.0,95.15,186.84,143.59,197.22,1.82,164.35
24/02/19,124.0,68.2,133.92,102.92,141.36,1.3,117.8
25/02/19,103.0,56.65,111.24,85.49,117.42,1.08,97.85
26/02/19,115.0,63.25,124.2,95.45,131.1,1.21,109.25
27/02/19,104.0,57.2,112.32,86.32,118.56,1.09,98.8
02/03/19,207.0,113.85,223.56,171.81,235.98,2.17,196.65
03/03/19,84.0,46.2,90.72,69.72,95.76,0.88,79.8
04/03/19,83.0,45.65,89.64,68.89,94.62,0.87,78.85
05/03/19,113.0,62.15,122.04,93.79,128.82,1.19,107.35
06/03/19,101.0,55.55,109.08,83.83,115.14,1.06,95.95
07/03/19,96.0,52.8,103.68,79.68,109.44,1.01,91.2
08/03/19,102.0,56.1,110.16,84.66,116.28,1.07,96.9
09/03/19,189.0,103.95,204.12,156.87,215.46,1.98,179.55
10/03/19,144.0,79.2,155.52,119.52,164.16,1.51,136.8
11/03/19,120.0,66.0,129.6,99.6,136.8,1.26,114.0
12/03/19,92.0,50.6,99.36,76.36,104.88,0.97,87.4
13/03/19,151.0,83.05,163.08,125.33,172.14,1.59,143.45
14/03/19,95.0,52.25,102.6,78.85,108.3,1.0,90.25
15/03/19,162.0,89.1,174.96,134.46,184.68,1.7,153.9
16/03/19,174.0,95.7,187.92,144.42,198.36,1.83,165.3
17/03/19,126.0,69.3,136.08,104.58,143.64,1.32,119.7
18/03/19,125.0,68.75,135.0,103.75,142.5,1.31,118.75
19/03/19,137.0,75.35,147.96,113.71,156.18,1.44,130.15
20/03/19,89.0,48.95,96.12,73.87,101.46,0.93,84.55
21/03/19,82.0,45.1,88.56,68.06,93.48,0.86,77.9
22/03/19,74.0,40.7,79.92,61.42,84.36,0.78,70.3
23/03/19,87.0,47.85,93.96,72.21,99.18,0.91,82.65
24/03/19,168.0,92.4,181.44,139.44,191.52,1.76,159.6
25/03/19,165.0,90.75,178.2,136.95,188.1,1.73,156.75
26/03/19,138.0,75.9,149.04,114.54,157.32,1.45,131.1
27/03/19,122.0,67.1,131.76,101.26,139.08,1.28,115.9
28/03/19,105.0,57.75,113.4,87.15,119.7,1.1,99.75
29/03/19,91.0,50.05,98.28,75.53,103.74,0.96,86.45
30/03/19,99.0,54.45,106.92,82.17,112.86,1.04,94.05
31/03/19,80.0,44.0,86.4,66.4,91.2,0.84,76.0
01/04/19,90.0,49.5,97.2,74.7,102.6,0.95,85.5
03/04/19,99.0,54.45,106.92,82.17,112.86,1.04,94.05
04/04/19,88.0,48.4,95.04,73.04,100.32,0.92,83.6
05/04/19,91.0,50.05,98.28,75.53,103.74,0.96,86.45
06/04/19,91.0,50.05,98.28,75.53,103.74,0.96,86.45
07/04/19,93.0,51.15,100.44,77.19,106.02,0.98,88.35
08/04/19,93.0,51.15,100.44,77.19,106.02,0.98,88.35
09/04/19,90.0,49.5,97.2,74.7,102.6,0.95,85.5
10/04/19,93.0,51.15,100.44,77.19,106.02,0.98,88.35
11/04/19,89.0,48.95,96.12,73.87,101.46,0.93,84.55
12/04/19,93.0,51.15,100.44,77.19,106.02,0.98,88.35
13/04/19,100.0,55.0,108.0,83.0,114.0,1.05,95.0
14/04/19,95.0,52.25,102.6,78.85,108.3,1.0,90.25
15/04/19,92.0,50.6,99.36,76.36,104.88,0.97,87.4
16/04/19,95.0,52.25,102.6,78.85,108.3,1.0,90.25
17/04/19,85.0,46.75,91.8,70.55,96.9,0.89,80.75
18/04/19,94.0,51.7,101.52,78.02,107.16,0.99,89.3
19/04/19,94.0,51.7,101.52,78.02,107.16,0.99,89.3
20/04/19,97.0,53.35,104.76,80.51,110.58,1.02,92.15
21/04/19,95.0,52.25,102.6,78.85,108.3,1.0,90.25
22/04/19,97.0,53.35,104.76,80.51,110.58,1.02,92.15
23/04/19,98.0,53.9,105.84,81.34,111.72,1.03,93.1
24/04/19,90.0,49.5,97.2,74.7,102.6,0.95,85.5
25/04/19,88.0,48.4,95.04,73.04,100.32,0.92,83.6
26/04/19,92.0,50.6,99.36,76.36,104.88,0.97,87.4
27/04/19,96.0,52.8,103.68,79.68,109.44,1.01,91.2
28/04/19,99.0,54.45,106.92,82.17,112.86,1.04,94.05
29/04/19,93.0,51.15,100.44,77.19,106.02,0.98,88.35
30/04/19,93.0,51.15,100.44,77.19,106.02,0.98,88.35
01/05/19,88.0,48.4,95.04,73.04,100.32,0.92,83.6
02/05/19,109.0,59.95,117.72,90.47,124.26,1.14,103.55
03/05/19,90.0,49.5,97.2,74.7,102.6,0.95,85.5
04/05/19,89.0,48.95,96.12,73.87,101.46,0.93,84.55
05/05/19,88.0,48.4,95.04,73.04,100.32,0.92,83.6
06/05/19,93.0,51.15,100.44,77.19,106.02,0.98,88.35
07/05/19,94.0,51.7,101.52,78.02,107.16,0.99,89.3
08/05/19,88.0,48.4,95.04,73.04,100.32,0.92,83.6
09/05/19,89.0,48.95,96.12,73.87,101.46,0.93,84.55
10/05/19,87.0,47.85,93.96,72.21,99.18,0.91,82.65
11/05/19,92.0,50.6,99.36,76.36,104.88,0.97,87.4
12/05/19,93.0,51.15,100.44,77.19,106.02,0.98,88.35
13/05/19,90.0,49.5,97.2,74.7,102.6,0.95,85.5
14/05/19,91.0,50.05,98.28,75.53,103.74,0.96,86.45
15/05/19,82.0,45.1,88.56,68.06,93.48,0.86,77.9
16/05/19,77.0,42.35,83.16,63.91,87.78,0.81,73.15
17/05/19,78.0,42.9,84.24,64.74,88.92,0.82,74.1
18/05/19,80.0,44.0,86.4,66.4,91.2,0.84,76.0
19/05/19,79.0,43.45,85.32,65.57,90.06,0.83,75.05
20/05/19,83.0,45.65,89.64,68.89,94.62,0.87,78.85
21/05/19,90.0,49.5,97.2,74.7,102.6,0.95,85.5
22/05/19,87.0,47.85,93.96,72.21,99.18,0.91,82.65
23/05/19,90.0,49.5,97.2,74.7,102.6,0.95,85.5
24/05/19,89.0,48.95,96.12,73.87,101.46,0.93,84.55
25/05/19,71.0,39.05,76.68,58.93,80.94,0.75,67.45
26/05/19,68.0,37.4,73.44,56.44,77.52,0.71,64.6
27/05/19,86.0,47.3,92.88,71.38,98.04,0.9,81.7
28/05/19,88.0,48.4,95.04,73.04,100.32,0.92,83.6
29/05/19,90.0,49.5,97.2,74.7,102.6,0.95,85.5
30/05/19,69.0,37.95,74.52,57.27,78.66,0.72,65.55
31/05/19,71.0,39.05,76.68,58.93,80.94,0.75,67.45
01/06/19,79.0,43.45,85.32,65.57,90.06,0.83,75.05
02/06/19,79.0,43.45,85.32,65.57,90.06,0.83,75.05
03/06/19,78.0,42.9,84.24,64.74,88.92,0.82,74.1
04/06/19,58.0,31.9,62.64,48.14,66.12,0.61,55.1
05/06/19,59.0,32.45,63.72,48.97,67.26,0.62,56.05
06/06/19,60.0,33.0,64.8,49.8,68.4,0.63,57.0
07/06/19,70.0,38.5,75.6,58.1,79.8,0.74,66.5
08/06/19,72.0,39.6,77.76,59.76,82.08,0.76,68.4
09/06/19,87.0,47.85,93.96,72.21,99.18,0.91,82.65
10/06/19,81.0,44.55,87.48,67.23,92.34,0.85,76.95
11/06/19,62.0,34.1,66.96,51.46,70.68,0.65,58.9
12/06/19,61.0,33.55,65.88,50.63,69.54,0.64,57.95
13/06/19,52.0,28.6,56.16,43.16,59.28,0.55,49.4
14/06/19,70.0,38.5,75.6,58.1,79.8,0.74,66.5
15/06/19,51.0,28.05,55.08,42.33,58.14,0.54,48.45
16/06/19,56.0,30.8,60.48,46.48,63.84,0.59,53.2
17/06/19,59.0,32.45,63.72,48.97,67.26,0.62,56.05
18/06/19,65.0,35.75,70.2,53.95,74.1,0.68,61.75
19/06/19,51.0,28.05,55.08,42.33,58.14,0.54,48.45
20/06/19,84.0,46.2,90.72,69.72,95.76,0.88,79.8
21/06/19,79.0,43.45,85.32,65.57,90.06,0.83,75.05
22/06/19,88.0,48.4,95.04,73.04,100.32,0.92,83.6
23/06/19,88.0,48.4,95.04,73.04,100.32,0.92,83.6
24/06/19,90.0,49.5,97.2,74.7,102.6,0.95,85.5
25/06/19,60.0,33.0,64.8,49.8,68.4,0.63,57.0
26/06/19,59.0,32.45,63.72,48.97,67.26,0.62,56.05
27/06/19,44.0,24.2,47.52,36.52,50.16,0.46,41.8
28/06/19,42.0,23.1,45.36,34.86,47.88,0.44,39.9
29/06/19,44.0,24.2,47.52,36.52,50.16,0.46,41.8
30/06/19,48.0,26.4,51.84,39.84,54.72,0.5,45.6
01/07/19,42.0,23.1,45.36,34.86,47.88,0.44,39.9
02/07/19,46.0,25.3,49.68,38.18,52.44,0.48,43.7
03/07/19,41.0,22.55,44.28,34.03,46.74,0.43,38.95
04/07/19,46.0,25.3,49.68,38.18,52.44,0.48,43.7
05/07/19,55.0,30.25,59.4,45.65,62.7,0.58,52.25
06/07/19,52.0,28.6,56.16,43.16,59.28,0.55,49.4
07/07/19,63.0,34.65,68.04,52.29,71.82,0.66,59.85
08/07/19,51.0,28.05,55.08,42.33,58.14,0.54,48.45
09/07/19,53.0,29.15,57.24,43.99,60.42,0.56,50.35
10/07/19,42.0,23.1,45.36,34.86,47.88,0.44,39.9
11/07/19,52.0,28.6,56.16,43.16,59.28,0.55,49.4
12/07/19,53.0,29.15,57.24,43.99,60.42,0.56,50.35
13/07/19,55.0,30.25,59.4,45.65,62.7,0.58,52.25
14/07/19,50.0,27.5,54.0,41.5,57.0,0.53,47.5
15/07/19,58.0,31.9,62.64,48.14,66.12,0.61,55.1
16/07/19,58.0,31.9,62.64,48.14,66.12,0.61,55.1
17/07/19,63.0,34.65,68.04,52.29,71.82,0.66,59.85
18/07/19,67.0,36.85,72.36,55.61,76.38,0.7,63.65
19/07/19,77.0,42.35,83.16,63.91,87.78,0.81,73.15
20/07/19,74.0,40.7,79.92,61.42,84.36,0.78,70.3
21/07/19,57.0,31.35,61.56,47.31,64.98,0.6,54.15
22/07/19,44.0,24.2,47.52,36.52,50.16,0.46,41.8
23/07/19,40.0,22.0,43.2,33.2,45.6,0.42,38.0
24/07/19,34.0,18.7,36.72,28.22,38.76,0.36,32.3
25/07/19,38.0,20.9,41.04,31.54,43.32,0.4,36.1
26/07/19,46.0,25.3,49.68,38.18,52.44,0.48,43.7
27/07/19,50.0,27.5,54.0,41.5,57.0,0.53,47.5
28/07/19,56.0,30.8,60.48,46.48,63.84,0.59,53.2
29/07/19,67.0,36.85,72.36,55.61,76.38,0.7,63.65
30/07/19,44.0,24.2,47.52,36.52,50.16,0.46,41.8
31/07/19,43.0,23.65,46.44,35.69,49.02,0.45,40.85
01/08/19,46.0,25.3,49.68,38.18,52.44,0.48,43.7
02/08/19,44.0,24.2,47.52,36.52,50.16,0.46,41.8
03/08/19,37.0,20.35,39.96,30.71,42.18,0.39,35.15
04/08/19,41.0,22.55,44.28,34.03,46.74,0.43,38.95
05/08/19,44.0,24.2,47.52,36.52,50.16,0.46,41.8
06/08/19,51.0,28.05,55.08,42.33,58.14,0.54,48.45
07/08/19,54.0,29.7,58.32,44.82,61.56,0.57,51.3
08/08/19,69.0,37.95,74.52,57.27,78.66,0.72,65.55
09/08/19,72.0,39.6,77.76,59.76,82.08,0.76,68.4
10/08/19,68.0,37.4,73.44,56.44,77.52,0.71,64.6
11/08/19,70.0,38.5,75.6,58.1,79.8,0.74,66.5
12/08/19,65.0,35.75,70.2,53.95,74.1,0.68,61.75
13/08/19,56.0,30.8,60.48,46.48,63.84,0.59,53.2
14/08/19,62.0,34.1,66.96,51.46,70.68,0.65,58.9
15/08/19,61.0,33.55,65.88,50.63,69.54,0.64,57.95
16/08/19,52.0,28.6,56.16,43.16,59.28,0.55,49.4
17/08/19,69.0,37.95,74.52,57.27,78.66,0.72,65.55
18/08/19,60.0,33.0,64.8,49.8,68.4,0.63,57.0
19/08/19,61.0,33.55,65.88,50.63,69.54,0.64,57.95
20/08/19,67.0,36.85,72.36,55.61,76.38,0.7,63.65
21/08/19,60.0,33.0,64.8,49.8,68.4,0.63,57.0
22/08/19,57.0,31.35,61.56,47.31,64.98,0.6,54.15
23/08/19,59.0,32.45,63.72,48.97,67.26,0.62,56.05
24/08/19,59.0,32.45,63.72,48.97,67.26,0.62,56.05
25/08/19,56.0,30.8,60.48,46.48,63.84,0.59,53.2
26/08/19,69.0,37.95,74.52,57.27,78.66,0.72,65.55
27/08/19,61.0,33.55,65.88,50.63,69.54,0.64,57.95
28/08/19,45.0,24.75,48.6,37.35,51.3,0.47,42.75
29/08/19,50.0,27.5,54.0,41.5,57.0,0.53,47.5
30/08/19,49.0,26.95,52.92,40.67,55.86,0.51,46.55
31/08/19,50.0,27.5,54.0,41.5,57.0,0.53,47.5
01/09/19,43.0,23.65,46.44,35.69,49.02,0.45,40.85
02/09/19,54.0,29.7,58.32,44.82,61.56,0.57,51.3
03/09/19,39.0,21.45,42.12,32.37,44.46,0.41,37.05
04/09/19,36.0,19.8,38.88,29.88,41.04,0.38,34.2
05/09/19,36.0,19.8,38.88,29.88,41.04,0.38,34.2
06/09/19,37.0,20.35,39.96,30.71,42.18,0.39,35.15
07/09/19,41.0,22.55,44.28,34.03,46.74,0.43,38.95
08/09/19,39.0,21.45,42.12,32.37,44.46,0.41,37.05
09/09/19,45.0,24.75,48.6,37.35,51.3,0.47,42.75
10/09/19,46.0,25.3,49.68,38.18,52.44,0.48,43.7
11/09/19,50.0,27.5,54.0,41.5,57.0,0.53,47.5
12/09/19,47.0,25.85,50.76,39.01,53.58,0.49,44.65
13/09/19,39.0,21.45,42.12,32.37,44.46,0.41,37.05
14/09/19,49.0,26.95,52.92,40.67,55.86,0.51,46.55
15/09/19,46.0,25.3,49.68,38.18,52.44,0.48,43.7
16/09/19,44.0,24.2,47.52,36.52,50.16,0.46,41.8
17/09/19,44.0,24.2,47.52,36.52,50.16,0.46,41.8
18/09/19,50.0,27.5,54.0,41.5,57.0,0.53,47.5
19/09/19,66.0,36.3,71.28,54.78,75.24,0.69,62.7
20/09/19,66.0,36.3,71.28,54.78,75.24,0.69,62.7
21/09/19,40.0,22.0,43.2,33.2,45.6,0.42,38.0
22/09/19,45.0,24.75,48.6,37.35,51.3,0.47,42.75
23/09/19,58.0,31.9,62.64,48.14,66.12,0.61,55.1
24/09/19,60.0,33.0,64.8,49.8,68.4,0.63,57.0
25/09/19,44.0,24.2,47.52,36.52,50.16,0.46,41.8
26/09/19,54.0,29.7,58.32,44.82,61.56,0.57,51.3
27/09/19,32.0,17.6,34.56,26.56,36.48,0.34,30.4
28/09/19,29.0,15.95,31.32,24.07,33.06,0.3,27.55
29/09/19,33.0,18.15,35.64,27.39,37.62,0.35,31.35
30/09/19,28.0,15.4,30.24,23.24,31.92,0.29,26.6
01/10/19,37.0,20.35,39.96,30.71,42.18,0.39,35.15
02/10/19,60.0,33.0,64.8,49.8,68.4,0.63,57.0
03/10/19,55.0,30.25,59.4,45.65,62.7,0.58,52.25
04/10/19,62.0,34.1,66.96,51.46,70.68,0.65,58.9
05/10/19,82.0,45.1,88.56,68.06,93.48,0.86,77.9
06/10/19,102.0,56.1,110.16,84.66,116.28,1.07,96.9
07/10/19,91.0,50.05,98.28,75.53,103.74,0.96,86.45
08/10/19,124.0,68.2,133.92,102.92,141.36,1.3,117.8
09/10/19,64.0,35.2,69.12,53.12,72.96,0.67,60.8
10/10/19,88.0,48.4,95.04,73.04,100.32,0.92,83.6
11/10/19,106.0,58.3,114.48,87.98,120.84,1.11,100.7
12/10/19,116.0,63.8,125.28,96.28,132.24,1.22,110.2
13/10/19,109.0,59.95,117.72,90.47,124.26,1.14,103.55
14/10/19,116.0,63.8,125.28,96.28,132.24,1.22,110.2
15/10/19,106.0,58.3,114.48,87.98,120.84,1.11,100.7
16/10/19,106.0,58.3,114.48,87.98,120.84,1.11,100.7
17/10/19,146.0,80.3,157.68,121.18,166.44,1.53,138.7
18/10/19,142.0,78.1,153.36,117.86,161.88,1.49,134.9
19/10/19,69.0,37.95,74.52,57.27,78.66,0.72,65.55
20/10/19,46.0,25.3,49.68,38.18,52.44,0.48,43.7
21/10/19,50.0,27.5,54.0,41.5,57.0,0.53,47.5
22/10/19,56.0,30.8,60.48,46.48,63.84,0.59,53.2
23/10/19,50.0,27.5,54.0,41.5,57.0,0.53,47.5
24/10/19,71.0,39.05,76.68,58.93,80.94,0.75,67.45
25/10/19,62.0,34.1,66.96,51.46,70.68,0.65,58.9
26/10/19,56.0,30.8,60.48,46.48,63.84,0.59,53.2
27/10/19,92.0,50.6,99.36,76.36,104.88,0.97,87.4
28/10/19,104.0,57.2,112.32,86.32,118.56,1.09,98.8
29/10/19,112.0,61.6,120.96,92.96,127.68,1.18,106.4
30/10/19,89.0,48.95,96.12,73.87,101.46,0.93,84.55
31/10/19,76.0,41.8,82.08,63.08,86.64,0.8,72.2
01/11/19,65.0,35.75,70.2,53.95,74.1,0.68,61.75
02/11/19,43.0,23.65,46.44,35.69,49.02,0.45,40.85
03/11/19,69.0,37.95,74.52,57.27,78.66,0.72,65.55
04/11/19,71.0,39.05,76.68,58.93,80.94,0.75,67.45
05/11/19,71.0,39.05,76.68,58.93,80.94,0.75,67.45
06/11/19,109.0,59.95,117.72,90.47,124.26,1.14,103.55
07/11/19,71.0,39.05,76.68,58.93,80.94,0.75,67.45
08/11/19,46.0,25.3,49.68,38.18,52.44,0.48,43.7
09/11/19,75.0,41.25,81.0,62.25,85.5,0.79,71.25
10/11/19,92.0,50.6,99.36,76.36,104.88,0.97,87.4
11/11/19,109.0,59.95,117.72,90.47,124.26,1.14,103.55
12/11/19,138.0,75.9,149.04,114.54,157.32,1.45,131.1
13/11/19,132.0,72.6,142.56,109.56,150.48,1.39,125.4
14/11/19,115.0,63.25,124.2,95.45,131.1,1.21,109.25
15/11/19,139.0,76.45,150.12,115.37,158.46,1.46,132.05
16/11/19,151.0,83.05,163.08,125.33,172.14,1.59,143.45
17/11/19,145.0,79.75,156.6,120.35,165.3,1.52,137.75
18/11/19,135.0,74.25,145.8,112.05,153.9,1.42,128.25
19/11/19,192.0,105.6,207.36,159.36,218.88,2.02,182.4
20/11/19,207.0,113.85,223.56,171.81,235.98,2.17,196.65
21/11/19,202.0,111.1,218.16,167.66,230.28,2.12,191.9
22/11/19,205.0,112.75,221.4,170.15,233.7,2.15,194.75
23/11/19,180.0,99.0,194.4,149.4,205.2,1.89,171.0
24/11/19,172.0,94.6,185.76,142.76,196.08,1.81,163.4
25/11/19,205.0,112.75,221.4,170.15,233.7,2.15,194.75
26/11/19,184.0,101.2,198.72,152.72,209.76,1.93,174.8
27/11/19,171.0,94.05,184.68,141.93,194.94,1.8,162.45
28/11/19,153.0,84.15,165.24,126.99,174.42,1.61,145.35
29/11/19,163.0,89.65,176.04,135.29,185.82,1.71,154.85
30/11/19,190.0,104.5,205.2,157.7,216.6,2.0,180.5
01/12/19,211.0,116.05,227.88,175.13,240.54,2.22,200.45
02/12/19,151.0,83.05,163.08,125.33,172.14,1.59,143.45
03/12/19,104.0,57.2,112.32,86.32,118.56,1.09,98.8
04/12/19,92.0,50.6,99.36,76.36,104.88,0.97,87.4
05/12/19,112.0,61.6,120.96,92.96,127.68,1.18,106.4
06/12/19,199.0,109.45,214.92,165.17,226.86,2.09,189.05
07/12/19,145.0,79.75,156.6,120.35,165.3,1.52,137.75
08/12/19,174.0,95.7,187.92,144.42,198.36,1.83,165.3
09/12/19,206.0,113.3,222.48,170.98,234.84,2.16,195.7
10/12/19,174.0,95.7,187.92,144.42,198.36,1.83,165.3
11/12/19,206.0,113.3,222.48,170.98,234.84,2.16,195.7
12/12/19,215.0,118.25,232.2,178.45,245.1,2.26,204.25
13/12/19,185.0,101.75,199.8,153.55,210.9,1.94,175.75
14/12/19,99.0,54.45,106.92,82.17,112.86,1.04,94.05
15/12/19,133.0,73.15,143.64,110.39,151.62,1.4,126.35
16/12/19,191.0,105.05,206.28,158.53,217.74,2.01,181.45
17/12/19,175.0,96.25,189.0,145.25,199.5,1.84,166.25
18/12/19,161.0,88.55,173.88,133.63,183.54,1.69,152.95
19/12/19,166.0,91.3,179.28,137.78,189.24,1.74,157.7
20/12/19,197.0,108.35,212.76,163.51,224.58,2.07,187.15
21/12/19,203.0,111.65,219.24,168.49,231.42,2.13,192.85
22/12/19,213.0,117.15,230.04,176.79,242.82,2.24,202.35
23/12/19,212.0,116.6,228.96,175.96,241.68,2.23,201.4
24/12/19,245.0,134.75,264.6,203.35,279.3,2.57,232.75
25/12/19,280.0,154.0,302.4,232.4,319.2,2.94,266.0
26/12/19,244.0,134.2,263.52,202.52,278.16,2.56,231.8
27/12/19,183.0,100.65,197.64,151.89,208.62,1.92,173.85
28/12/19,162.0,89.1,174.96,134.46,184.68,1.7,153.9
29/12/19,153.0,84.15,165.24,126.99,174.42,1.61,145.35
30/12/19,197.0,108.35,212.76,163.51,224.58,2.07,187.15
31/12/19,147.0,80.85,158.76,122.01,167.58,1.54,139.65
01/01/20,198.0,108.9,213.84,164.34,225.72,2.08,188.1
02/01/20,243.0,133.65,262.44,201.69,277.02,2.55,230.85
03/01/20,201.0,110.55,217.08,166.83,229.14,2.11,190.95
04/01/20,221.0,121.55,238.68,183.43,251.94,2.32,209.95
05/01/20,211.0,116.05,227.88,175.13,240.54,2.22,200.45
06/01/20,137.0,75.35,147.96,113.71,156.18,1.44,130.15
07/01/20,189.0,103.95,204.12,156.87,215.46,1.98,179.55
08/01/20,152.0,83.6,164.16,126.16,173.28,1.6,144.4
09/01/20,124.0,68.2,133.92,102.92,141.36,1.3,117.8
10/01/20,125.0,68.75,135.0,103.75,142.5,1.31,118.75
11/01/20,155.0,85.25,167.4,128.65,176.7,1.63,147.25
12/01/20,217.0,119.35,234.36,180.11,247.38,2.28,206.15
13/01/20,163.0,89.65,176.04,135.29,185.82,1.71,154.85
14/01/20,84.0,46.2,90.72,69.72,95.76,0.88,79.8
15/01/20,96.0,52.8,103.68,79.68,109.44,1.01,91.2
16/01/20,81.0,44.55,87.48,67.23,92.34,0.85,76.95
17/01/20,88.0,48.4,95.04,73.04,100.32,0.92,83.6
18/01/20,188.0,103.4,203.04,156.04,214.32,1.97,178.6
19/01/20,210.0,115.5,226.8,174.3,239.4,2.21,199.5
20/01/20,193.0,106.15,208.44,160.19,220.02,2.03,183.35
21/01/20,229.0,125.95,247.32,190.07,261.06,2.4,217.55
22/01/20,174.0,95.7,187.92,144.42,198.36,1.83,165.3
23/01/20,195.0,107.25,210.6,161.85,222.3,2.05,185.25
24/01/20,171.0,94.05,184.68,141.93,194.94,1.8,162.45
25/01/20,188.0,103.4,203.04,156.04,214.32,1.97,178.6
26/01/20,250.0,137.5,270.0,207.5,285.0,2.63,237.5
27/01/20,148.0,81.4,159.84,122.84,168.72,1.55,140.6
28/01/20,82.0,45.1,88.56,68.06,93.48,0.86,77.9
29/01/20,82.0,45.1,88.56,68.06,93.48,0.86,77.9
30/01/20,127.0,69.85,137.16,105.41,144.78,1.33,120.65
31/01/20,146.0,80.3,157.68,121.18,166.44,1.53,138.7
01/02/20,164.0,90.2,177.12,136.12,186.96,1.72,155.8
02/02/20,179.0,98.45,193.32,148.57,204.06,1.88,170.05
03/02/20,188.0,103.4,203.04,156.04,214.32,1.97,178.6
04/02/20,176.0,96.8,190.08,146.08,200.64,1.85,167.2
05/02/20,137.0,75.35,147.96,113.71,156.18,1.44,130.15
06/02/20,123.0,67.65,132.84,102.09,140.22,1.29,116.85
07/02/20,126.0,69.3,136.08,104.58,143.64,1.32,119.7
08/02/20,135.0,74.25,145.8,112.05,153.9,1.42,128.25
09/02/20,138.0,75.9,149.04,114.54,157.32,1.45,131.1
10/02/20,134.0,73.7,144.72,111.22,152.76,1.41,127.3
11/02/20,139.0,76.45,150.12,115.37,158.46,1.46,132.05
12/02/20,133.0,73.15,143.64,110.39,151.62,1.4,126.35
13/02/20,155.0,85.25,167.4,128.65,176.7,1.63,147.25
14/02/20,136.0,74.8,146.88,112.88,155.04,1.43,129.2
15/02/20,146.0,80.3,157.68,121.18,166.44,1.53,138.7
16/02/20,150.0,82.5,162.0,124.5,171.0,1.58,142.5
17/02/20,233.0,128.15,251.64,193.39,265.62,2.45,221.35
18/02/20,202.0,111.1,218.16,167.66,230.28,2.12,191.9
19/02/20,220.0,121.0,237.6,182.6,250.8,2.31,209.0
20/02/20,155.0,85.25,167.4,128.65,176.7,1.63,147.25
21/02/20,98.0,53.9,105.84,81.34,111.72,1.03,93.1
22/02/20,123.0,67.65,132.84,102.09,140.22,1.29,116.85
23/02/20,193.0,106.15,208.44,160.19,220.02,2.03,183.35
24/02/20,170.0,93.5,183.6,141.1,193.8,1.79,161.5
25/02/20,150.0,82.5,162.0,124.5,171.0,1.58,142.5
26/02/20,131.0,72.05,141.48,108.73,149.34,1.38,124.45
27/02/20,131.0,72.05,141.48,108.73,149.34,1.38,124.45
28/02/20,172.0,94.6,185.76,142.76,196.08,1.81,163.4
01/03/20,107.0,58.85,115.56,88.81,121.98,1.12,101.65
02/03/20,122.0,67.1,131.76,101.26,139.08,1.28,115.9
03/03/20,125.0,68.75,135.0,103.75,142.5,1.31,118.75
04/03/20,117.0,64.35,126.36,97.11,133.38,1.23,111.15
05/03/20,104.0,57.2,112.32,86.32,118.56,1.09,98.8
06/03/20,101.0,55.55,109.08,83.83,115.14,1.06,95.95
07/03/20,108.0,59.4,116.64,89.64,123.12,1.13,102.6
08/03/20,119.0,65.45,128.52,98.77,135.66,1.25,113.05
09/03/20,123.0,67.65,132.84,102.09,140.22,1.29,116.85
10/03/20,130.0,71.5,140.4,107.9,148.2,1.37,123.5
11/03/20,73.0,40.15,78.84,60.59,83.22,0.77,69.35
12/03/20,79.0,43.45,85.32,65.57,90.06,0.83,75.05
13/03/20,84.0,46.2,90.72,69.72,95.76,0.88,79.8
14/03/20,112.0,61.6,120.96,92.96,127.68,1.18,106.4
15/03/20,158.0,86.9,170.64,131.14,180.12,1.66,150.1
16/03/20,153.0,84.15,165.24,126.99,174.42,1.61,145.35
17/03/20,197.0,108.35,212.76,163.51,224.58,2.07,187.15
18/03/20,146.0,80.3,157.68,121.18,166.44,1.53,138.7
19/03/20,102.0,56.1,110.16,84.66,116.28,1.07,96.9
20/03/20,82.0,45.1,88.56,68.06,93.48,0.86,77.9
21/03/20,72.0,39.6,77.76,59.76,82.08,0.76,68.4
22/03/20,54.0,29.7,58.32,44.82,61.56,0.57,51.3
23/03/20,64.0,35.2,69.12,53.12,72.96,0.67,60.8
24/03/20,81.0,44.55,87.48,67.23,92.34,0.85,76.95
25/03/20,87.0,47.85,93.96,72.21,99.18,0.91,82.65
26/03/20,69.0,37.95,74.52,57.27,78.66,0.72,65.55
27/03/20,66.0,36.3,71.28,54.78,75.24,0.69,62.7
28/03/20,72.0,39.6,77.76,59.76,82.08,0.76,68.4
29/03/20,71.0,39.05,76.68,58.93,80.94,0.75,67.45
30/03/20,69.0,37.95,74.52,57.27,78.66,0.72,65.55
31/03/20,67.0,36.85,72.36,55.61,76.38,0.7,63.65
01/04/20,57.0,31.35,61.56,47.31,64.98,0.6,54.15
02/04/20,72.0,39.6,77.76,59.76,82.08,0.76,68.4
03/04/20,85.0,46.75,91.8,70.55,96.9,0.89,80.75
04/04/20,81.0,44.55,87.48,67.23,92.34,0.85,76.95
05/04/20,77.0,42.35,83.16,63.91,87.78,0.81,73.15
06/04/20,58.0,31.9,62.64,48.14,66.12,0.61,55.1
07/04/20,64.0,35.2,69.12,53.12,72.96,0.67,60.8
08/04/20,97.0,53.35,104.76,80.51,110.58,1.02,92.15
09/04/20,94.0,51.7,101.52,78.02,107.16,0.99,89.3
10/04/20,83.0,45.65,89.64,68.89,94.62,0.87,78.85
11/04/20,77.0,42.35,83.16,63.91,87.78,0.81,73.15
12/04/20,87.0,47.85,93.96,72.21,99.18,0.91,82.65
13/04/20,76.0,41.8,82.08,63.08,86.64,0.8,72.2
14/04/20,81.0,44.55,87.48,67.23,92.34,0.85,76.95
15/04/20,81.0,44.55,87.48,67.23,92.34,0.85,76.95
16/04/20,65.0,35.75,70.2,53.95,74.1,0.68,61.75
17/04/20,65.0,35.75,70.2,53.95,74.1,0.68,61.75
18/04/20,68.0,37.4,73.44,56.44,77.52,0.71,64.6
19/04/20,67.0,36.85,72.36,55.61,76.38,0.7,63.65
20/04/20,82.0,45.1,88.56,68.06,93.48,0.86,77.9
21/04/20,65.0,35.75,70.2,53.95,74.1,0.68,61.75
22/04/20,51.0,28.05,55.08,42.33,58.14,0.54,48.45
23/04/20,63.0,34.65,68.04,52.29,71.82,0.66,59.85
24/04/20,50.0,27.5,54.0,41.5,57.0,0.53,47.5
25/04/20,48.0,26.4,51.84,39.84,54.72,0.5,45.6
26/04/20,57.0,31.35,61.56,47.31,64.98,0.6,54.15
27/04/20,52.0,28.6,56.16,43.16,59.28,0.55,49.4
28/04/20,53.0,29.15,57.24,43.99,60.42,0.56,50.35
29/04/20,81.0,44.55,87.48,67.23,92.34,0.85,76.95
30/04/20,60.0,33.0,64.8,49.8,68.4,0.63,57.0
01/05/20,51.0,28.05,55.08,42.33,58.14,0.54,48.45
02/05/20,43.0,23.65,46.44,35.69,49.02,0.45,40.85
03/05/20,40.0,22.0,43.2,33.2,45.6,0.42,38.0
04/05/20,37.0,20.35,39.96,30.71,42.18,0.39,35.15
05/05/20,38.0,20.9,41.04,31.54,43.32,0.4,36.1
06/05/20,50.0,27.5,54.0,41.5,57.0,0.53,47.5
07/05/20,55.0,30.25,59.4,45.65,62.7,0.58,52.25
08/05/20,67.0,36.85,72.36,55.61,76.38,0.7,63.65
09/05/20,65.0,35.75,70.2,53.95,74.1,0.68,61.75
10/05/20,64.0,35.2,69.12,53.12,72.96,0.67,60.8
11/05/20,61.0,33.55,65.88,50.63,69.54,0.64,57.95
12/05/20,67.0,36.85,72.36,55.61,76.38,0.7,63.65
13/05/20,67.0,36.85,72.36,55.61,76.38,0.7,63.65
14/05/20,54.0,29.7,58.32,44.82,61.56,0.57,51.3
15/05/20,70.0,38.5,75.6,58.1,79.8,0.74,66.5
16/05/20,76.0,41.8,82.08,63.08,86.64,0.8,72.2
17/05/20,120.0,66.0,129.6,99.6,136.8,1.26,114.0
18/05/20,78.0,42.9,84.24,64.74,88.92,0.82,74.1
19/05/20,74.0,40.7,79.92,61.42,84.36,0.78,70.3
20/05/20,48.0,26.4,51.84,39.84,54.72,0.5,45.6
21/05/20,43.0,23.65,46.44,35.69,49.02,0.45,40.85
22/05/20,42.0,23.1,45.36,34.86,47.88,0.44,39.9
23/05/20,45.0,24.75,48.6,37.35,51.3,0.47,42.75
24/05/20,40.0,22.0,43.2,33.2,45.6,0.42,38.0
25/05/20,45.0,24.75,48.6,37.35,51.3,0.47,42.75
26/05/20,51.0,28.05,55.08,42.33,58.14,0.54,48.45
27/05/20,45.0,24.75,48.6,37.35,51.3,0.47,42.75
28/05/20,45.0,24.75,48.6,37.35,51.3,0.47,42.75
29/05/20,35.0,19.25,37.8,29.05,39.9,0.37,33.25
30/05/20,37.0,20.35,39.96,30.71,42.18,0.39,35.15
31/05/20,43.0,23.65,46.44,35.69,49.02,0.45,40.85
01/06/20,34.0,18.7,36.72,28.22,38.76,0.36,32.3
02/06/20,46.0,25.3,49.68,38.18,52.44,0.48,43.7
03/06/20,32.0,17.6,34.56,26.56,36.48,0.34,30.4
04/06/20,36.0,19.8,38.88,29.88,41.04,0.38,34.2
05/06/20,41.0,22.55,44.28,34.03,46.74,0.43,38.95
06/06/20,30.0,16.5,32.4,24.9,34.2,0.32,28.5
07/06/20,41.0,22.55,44.28,34.03,46.74,0.43,38.95
08/06/20,36.0,19.8,38.88,29.88,41.04,0.38,34.2
09/06/20,34.0,18.7,36.72,28.22,38.76,0.36,32.3
10/06/20,40.0,22.0,43.2,33.2,45.6,0.42,38.0
11/06/20,35.0,19.25,37.8,29.05,39.9,0.37,33.25
12/06/20,38.0,20.9,41.04,31.54,43.32,0.4,36.1
13/06/20,33.0,18.15,35.64,27.39,37.62,0.35,31.35
14/06/20,32.0,17.6,34.56,26.56,36.48,0.34,30.4
15/06/20,31.0,17.05,33.48,25.73,35.34,0.33,29.45
16/06/20,37.0,20.35,39.96,30.71,42.18,0.39,35.15
17/06/20,36.0,19.8,38.88,29.88,41.04,0.38,34.2
18/06/20,35.0,19.25,37.8,29.05,39.9,0.37,33.25
19/06/20,42.0,23.1,45.36,34.86,47.88,0.44,39.9
20/06/20,51.0,28.05,55.08,42.33,58.14,0.54,48.45
21/06/20,43.0,23.65,46.44,35.69,49.02,0.45,40.85
22/06/20,42.0,23.1,45.36,34.86,47.88,0.44,39.9
23/06/20,41.0,22.55,44.28,34.03,46.74,0.43,38.95
24/06/20,33.0,18.15,35.64,27.39,37.62,0.35,31.35
25/06/20,36.0,19.8,38.88,29.88,41.04,0.38,34.2
26/06/20,42.0,23.1,45.36,34.86,47.88,0.44,39.9
27/06/20,50.0,27.5,54.0,41.5,57.0,0.53,47.5
28/06/20,49.0,26.95,52.92,40.67,55.86,0.51,46.55
29/06/20,36.0,19.8,38.88,29.88,41.04,0.38,34.2
30/06/20,33.0,18.15,35.64,27.39,37.62,0.35,31.35
01/07/20,31.0,17.05,33.48,25.73,35.34,0.33,29.45
02/07/20,29.0,15.95,31.32,24.07,33.06,0.3,27.55
03/07/20,34.0,18.7,36.72,28.22,38.76,0.36,32.3
04/07/20,28.0,15.4,30.24,23.24,31.92,0.29,26.6
05/07/20,33.0,18.15,35.64,27.39,37.62,0.35,31.35
06/07/20,56.0,30.8,60.48,46.48,63.84,0.59,53.2
07/07/20,38.0,20.9,41.04,31.54,43.32,0.4,36.1
08/07/20,38.0,20.9,41.04,31.54,43.32,0.4,36.1
09/07/20,45.0,24.75,48.6,37.35,51.3,0.47,42.75
10/07/20,48.0,26.4,51.84,39.84,54.72,0.5,45.6
11/07/20,45.0,24.75,48.6,37.35,51.3,0.47,42.75
12/07/20,36.0,19.8,38.88,29.88,41.04,0.38,34.2
13/07/20,36.0,19.8,38.88,29.88,41.04,0.38,34.2
14/07/20,36.0,19.8,38.88,29.88,41.04,0.38,34.2
15/07/20,31.0,17.05,33.48,25.73,35.34,0.33,29.45
16/07/20,33.0,18.15,35.64,27.39,37.62,0.35,31.35
17/07/20,34.0,18.7,36.72,28.22,38.76,0.36,32.3
18/07/20,37.0,20.35,39.96,30.71,42.18,0.39,35.15
19/07/20,46.0,25.3,49.68,38.18,52.44,0.48,43.7
20/07/20,47.0,25.85,50.76,39.01,53.58,0.49,44.65
21/07/20,49.0,26.95,52.92,40.67,55.86,0.51,46.55
22/07/20,54.0,29.7,58.32,44.82,61.56,0.57,51.3
23/07/20,39.0,21.45,42.12,32.37,44.46,0.41,37.05
24/07/20,50.0,27.5,54.0,41.5,57.0,0.53,47.5
25/07/20,44.0,24.2,47.52,36.52,50.16,0.46,41.8
26/07/20,45.0,24.75,48.6,37.35,51.3,0.47,42.75
27/07/20,26.0,14.3,28.08,21.58,29.64,0.27,24.7
28/07/20,35.0,19.25,37.8,29.05,39.9,0.37,33.25
29/07/20,37.0,20.35,39.96,30.71,42.18,0.39,35.15
30/07/20,32.0,17.6,34.56,26.56,36.48,0.34,30.4
31/07/20,35.0,19.25,37.8,29.05,39.9,0.37,33.25
01/08/20,34.0,18.7,36.72,28.22,38.76,0.36,32.3
02/08/20,27.0,14.85,29.16,22.41,30.78,0.28,25.65
03/08/20,26.0,14.3,28.08,21.58,29.64,0.27,24.7
04/08/20,25.0,13.75,27.0,20.75,28.5,0.26,23.75
05/08/20,30.0,16.5,32.4,24.9,34.2,0.32,28.5
06/08/20,36.0,19.8,38.88,29.88,41.04,0.38,34.2
07/08/20,36.0,19.8,38.88,29.88,41.04,0.38,34.2
08/08/20,49.0,26.95,52.92,40.67,55.86,0.51,46.55
09/08/20,44.0,24.2,47.52,36.52,50.16,0.46,41.8
10/08/20,42.0,23.1,45.36,34.86,47.88,0.44,39.9
11/08/20,41.0,22.55,44.28,34.03,46.74,0.43,38.95
12/08/20,38.0,20.9,41.04,31.54,43.32,0.4,36.1
13/08/20,38.0,20.9,41.04,31.54,43.32,0.4,36.1
14/08/20,35.0,19.25,37.8,29.05,39.9,0.37,33.25
15/08/20,37.0,20.35,39.96,30.71,42.18,0.39,35.15
16/08/20,47.0,25.85,50.76,39.01,53.58,0.49,44.65
17/08/20,43.0,23.65,46.44,35.69,49.02,0.45,40.85
18/08/20,28.0,15.4,30.24,23.24,31.92,0.29,26.6
19/08/20,33.0,18.15,35.64,27.39,37.62,0.35,31.35
20/08/20,41.0,22.55,44.28,34.03,46.74,0.43,38.95
21/08/20,39.0,21.45,42.12,32.37,44.46,0.41,37.05
22/08/20,35.0,19.25,37.8,29.05,39.9,0.37,33.25
23/08/20,37.0,20.35,39.96,30.71,42.18,0.39,35.15
24/08/20,36.0,19.8,38.88,29.88,41.04,0.38,34.2
25/08/20,49.0,26.95,52.92,40.67,55.86,0.51,46.55
26/08/20,36.0,19.8,38.88,29.88,41.04,0.38,34.2
27/08/20,35.0,19.25,37.8,29.05,39.9,0.37,33.25
28/08/20,32.0,17.6,34.56,26.56,36.48,0.34,30.4
29/08/20,31.0,17.05,33.48,25.73,35.34,0.33,29.45
30/08/20,28.0,15.4,30.24,23.24,31.92,0.29,26.6
31/08/20,30.0,16.5,32.4,24.9,34.2,0.32,28.5
01/09/20,36.0,19.8,38.88,29.88,41.04,0.38,34.2
02/09/20,47.0,25.85,50.76,39.01,53.58,0.49,44.65
03/09/20,57.0,31.35,61.56,47.31,64.98,0.6,54.15
04/09/20,69.0,37.95,74.52,57.27,78.66,0.72,65.55
05/09/20,84.0,46.2,90.72,69.72,95.76,0.88,79.8
06/09/20,128.0,70.4,138.24,106.24,145.92,1.34,121.6
07/09/20,55.0,30.25,59.4,45.65,62.7,0.58,52.25
08/09/20,49.0,26.95,52.92,40.67,55.86,0.51,46.55
09/09/20,55.0,30.25,59.4,45.65,62.7,0.58,52.25
10/09/20,68.0,37.4,73.44,56.44,77.52,0.71,64.6
11/09/20,68.0,37.4,73.44,56.44,77.52,0.71,64.6
12/09/20,48.0,26.4,51.84,39.84,54.72,0.5,45.6
13/09/20,39.0,21.45,42.12,32.37,44.46,0.41,37.05
14/09/20,44.0,24.2,47.52,36.52,50.16,0.46,41.8
15/09/20,40.0,22.0,43.2,33.2,45.6,0.42,38.0
16/09/20,39.0,21.45,42.12,32.37,44.46,0.41,37.05
17/09/20,40.0,22.0,43.2,33.2,45.6,0.42,38.0
18/09/20,52.0,28.6,56.16,43.16,59.28,0.55,49.4
19/09/20,59.0,32.45,63.72,48.97,67.26,0.62,56.05
20/09/20,53.0,29.15,57.24,43.99,60.42,0.56,50.35
21/09/20,58.0,31.9,62.64,48.14,66.12,0.61,55.1
22/09/20,64.0,35.2,69.12,53.12,72.96,0.67,60.8
23/09/20,42.0,23.1,45.36,34.86,47.88,0.44,39.9
24/09/20,44.0,24.2,47.52,36.52,50.16,0.46,41.8
25/09/20,53.0,29.15,57.24,43.99,60.42,0.56,50.35
26/09/20,63.0,34.65,68.04,52.29,71.82,0.66,59.85
27/09/20,65.0,35.75,70.2,53.95,74.1,0.68,61.75
28/09/20,69.0,37.95,74.52,57.27,78.66,0.72,65.55
29/09/20,75.0,41.25,81.0,62.25,85.5,0.79,71.25
30/09/20,80.0,44.0,86.4,66.4,91.2,0.84,76.0
01/10/20,75.0,41.25,81.0,62.25,85.5,0.79,71.25
02/10/20,77.0,42.35,83.16,63.91,87.78,0.81,73.15
03/10/20,100.0,55.0,108.0,83.0,114.0,1.05,95.0
04/10/20,70.0,38.5,75.6,58.1,79.8,0.74,66.5
05/10/20,55.0,30.25,59.4,45.65,62.7,0.58,52.25
06/10/20,76.0,41.8,82.08,63.08,86.64,0.8,72.2
07/10/20,93.0,51.15,100.44,77.19,106.02,0.98,88.35
08/10/20,106.0,58.3,114.48,87.98,120.84,1.11,100.7
09/10/20,124.0,68.2,133.92,102.92,141.36,1.3,117.8
10/10/20,145.0,79.75,156.6,120.35,165.3,1.52,137.75
11/10/20,110.0,60.5,118.8,91.3,125.4,1.16,104.5
12/10/20,99.0,54.45,106.92,82.17,112.86,1.04,94.05
13/10/20,110.0,60.5,118.8,91.3,125.4,1.16,104.5
14/10/20,106.0,58.3,114.48,87.98,120.84,1.11,100.7
15/10/20,68.0,37.4,73.44,56.44,77.52,0.71,64.6
16/10/20,59.0,32.45,63.72,48.97,67.26,0.62,56.05
17/10/20,71.0,39.05,76.68,58.93,80.94,0.75,67.45
18/10/20,82.0,45.1,88.56,68.06,93.48,0.86,77.9
19/10/20,78.0,42.9,84.24,64.74,88.92,0.82,74.1
20/10/20,90.0,49.5,97.2,74.7,102.6,0.95,85.5
21/10/20,83.0,45.65,89.64,68.89,94.62,0.87,78.85
22/10/20,90.0,49.5,97.2,74.7,102.6,0.95,85.5
23/10/20,82.0,45.1,88.56,68.06,93.48,0.86,77.9
24/10/20,113.0,62.15,122.04,93.79,128.82,1.19,107.35
25/10/20,83.0,45.65,89.64,68.89,94.62,0.87,78.85
26/10/20,94.0,51.7,101.52,78.02,107.16,0.99,89.3
27/10/20,100.0,55.0,108.0,83.0,114.0,1.05,95.0
28/10/20,130.0,71.5,140.4,107.9,148.2,1.37,123.5
29/10/20,146.0,80.3,157.68,121.18,166.44,1.53,138.7
30/10/20,131.0,72.05,141.48,108.73,149.34,1.38,124.45
31/10/20,119.0,65.45,128.52,98.77,135.66,1.25,113.05
01/11/20,111.0,61.05,119.88,92.13,126.54,1.17,105.45
02/11/20,125.0,68.75,135.0,103.75,142.5,1.31,118.75
03/11/20,194.0,106.7,209.52,161.02,221.16,2.04,184.3
04/11/20,160.0,88.0,172.8,132.8,182.4,1.68,152.0
05/11/20,163.0,89.65,176.04,135.29,185.82,1.71,154.85
06/11/20,128.0,70.4,138.24,106.24,145.92,1.34,121.6
07/11/20,130.0,71.5,140.4,107.9,148.2,1.37,123.5
08/11/20,142.0,78.1,153.36,117.86,161.88,1.49,134.9
09/11/20,148.0,81.4,159.84,122.84,168.72,1.55,140.6
10/11/20,146.0,80.3,157.68,121.18,166.44,1.53,138.7
11/11/20,182.0,100.1,196.56,151.06,207.48,1.91,172.9
12/11/20,170.0,93.5,183.6,141.1,193.8,1.79,161.5
13/11/20,171.0,94.05,184.68,141.93,194.94,1.8,162.45
14/11/20,131.0,72.05,141.48,108.73,149.34,1.38,124.45
15/11/20,148.0,81.4,159.84,122.84,168.72,1.55,140.6
16/11/20,143.0,78.65,154.44,118.69,163.02,1.5,135.85
17/11/20,175.0,96.25,189.0,145.25,199.5,1.84,166.25
18/11/20,167.0,91.85,180.36,138.61,190.38,1.75,158.65
19/11/20,146.0,80.3,157.68,121.18,166.44,1.53,138.7
20/11/20,143.0,78.65,154.44,118.69,163.02,1.5,135.85
21/11/20,160.0,88.0,172.8,132.8,182.4,1.68,152.0
22/11/20,170.0,93.5,183.6,141.1,193.8,1.79,161.5
23/11/20,156.0,85.8,168.48,129.48,177.84,1.64,148.2
24/11/20,139.0,76.45,150.12,115.37,158.46,1.46,132.05
25/11/20,210.0,115.5,226.8,174.3,239.4,2.21,199.5
26/11/20,225.0,123.75,243.0,186.75,256.5,2.36,213.75
27/11/20,182.0,100.1,196.56,151.06,207.48,1.91,172.9
28/11/20,139.0,76.45,150.12,115.37,158.46,1.46,132.05
29/11/20,110.0,60.5,118.8,91.3,125.4,1.16,104.5
30/11/20,125.0,68.75,135.0,103.75,142.5,1.31,118.75
01/12/20,152.0,83.6,164.16,126.16,173.28,1.6,144.4
02/12/20,163.0,89.65,176.04,135.29,185.82,1.71,154.85
03/12/20,170.0,93.5,183.6,141.1,193.8,1.79,161.5
04/12/20,167.0,91.85,180.36,138.61,190.38,1.75,158.65
05/12/20,185.0,101.75,199.8,153.55,210.9,1.94,175.75
06/12/20,149.0,81.95,160.92,123.67,169.86,1.56,141.55
07/12/20,144.0,79.2,155.52,119.52,164.16,1.51,136.8
08/12/20,157.0,86.35,169.56,130.31,178.98,1.65,149.15
09/12/20,136.0,74.8,146.88,112.88,155.04,1.43,129.2
10/12/20,143.0,78.65,154.44,118.69,163.02,1.5,135.85
11/12/20,151.0,83.05,163.08,125.33,172.14,1.59,143.45
12/12/20,139.0,76.45,150.12,115.37,158.46,1.46,132.05
13/12/20,146.0,80.3,157.68,121.18,166.44,1.53,138.7
14/12/20,105.0,57.75,113.4,87.15,119.7,1.1,99.75
15/12/20,152.0,83.6,164.16,126.16,173.28,1.6,144.4
16/12/20,194.0,106.7,209.52,161.02,221.16,2.04,184.3
17/12/20,205.0,112.75,221.4,170.15,233.7,2.15,194.75
18/12/20,203.0,111.65,219.24,168.49,231.42,2.13,192.85
19/12/20,185.0,101.75,199.8,153.55,210.9,1.94,175.75
20/12/20,178.0,97.9,192.24,147.74,202.92,1.87,169.1
21/12/20,151.0,83.05,163.08,125.33,172.14,1.59,143.45
22/12/20,141.0,77.55,152.28,117.03,160.74,1.48,133.95
23/12/20,172.0,94.6,185.76,142.76,196.08,1.81,163.4
24/12/20,193.0,106.15,208.44,160.19,220.02,2.03,183.35
25/12/20,209.0,114.95,225.72,173.47,238.26,2.19,198.55
26/12/20,221.0,121.55,238.68,183.43,251.94,2.32,209.95
27/12/20,225.0,123.75,243.0,186.75,256.5,2.36,213.75
28/12/20,168.0,92.4,181.44,139.44,191.52,1.76,159.6
29/12/20,192.0,105.6,207.36,159.36,218.88,2.02,182.4
30/12/20,225.0,123.75,243.0,186.75,256.5,2.36,213.75
31/12/20,245.0,134.75,264.6,203.35,279.3,2.57,232.75
01/01/21,244.0,134.2,263.52,202.52,278.16,2.56,231.8
02/01/21,255.0,140.25,275.4,211.65,290.7,2.68,242.25
03/01/21,251.0,138.05,271.08,208.33,286.14,2.64,238.45
04/01/21,226.0,124.3,244.08,187.58,257.64,2.37,214.7
05/01/21,234.0,128.7,252.72,194.22,266.76,2.46,222.3
06/01/21,274.0,150.7,295.92,227.42,312.36,2.88,260.3
07/01/21,285.0,156.75,307.8,236.55,324.9,2.99,270.75
08/01/21,272.0,149.6,293.76,225.76,310.08,2.86,258.4
09/01/21,234.0,128.7,252.72,194.22,266.76,2.46,222.3
10/01/21,244.0,134.2,263.52,202.52,278.16,2.56,231.8
11/01/21,214.0,117.7,231.12,177.62,243.96,2.25,203.3
12/01/21,194.0,106.7,209.52,161.02,221.16,2.04,184.3
13/01/21,193.0,106.15,208.44,160.19,220.02,2.03,183.35
14/01/21,193.0,106.15,208.44,160.19,220.02,2.03,183.35
15/01/21,145.0,79.75,156.6,120.35,165.3,1.52,137.75
16/01/21,140.0,77.0,151.2,116.2,159.6,1.47,133.0
17/01/21,173.0,95.15,186.84,143.59,197.22,1.82,164.35
18/01/21,124.0,68.2,133.92,102.92,141.36,1.3,117.8
19/01/21,153.0,84.15,165.24,126.99,174.42,1.61,145.35
20/01/21,193.0,106.15,208.44,160.19,220.02,2.03,183.35
21/01/21,189.0,103.95,204.12,156.87,215.46,1.98,179.55
22/01/21,233.0,128.15,251.64,193.39,265.62,2.45,221.35
23/01/21,255.0,140.25,275.4,211.65,290.7,2.68,242.25
24/01/21,198.0,108.9,213.84,164.34,225.72,2.08,188.1
25/01/21,207.0,113.85,223.56,171.81,235.98,2.17,196.65
26/01/21,223.0,122.65,240.84,185.09,254.22,2.34,211.85
27/01/21,231.0,127.05,249.48,191.73,263.34,2.43,219.45
28/01/21,247.0,135.85,266.76,205.01,281.58,2.59,234.65
29/01/21,224.0,123.2,241.92,185.92,255.36,2.35,212.8
30/01/21,218.0,119.9,235.44,180.94,248.52,2.29,207.1
31/01/21,196.0,107.8,211.68,162.68,223.44,2.06,186.2
01/02/21,184.0,101.2,198.72,152.72,209.76,1.93,174.8
02/02/21,180.0,99.0,194.4,149.4,205.2,1.89,171.0
03/02/21,188.0,103.4,203.04,156.04,214.32,1.97,178.6
04/02/21,182.0,100.1,196.56,151.06,207.48,1.91,172.9
05/02/21,182.0,100.1,196.56,151.06,207.48,1.91,172.9
06/02/21,149.0,81.95,160.92,123.67,169.86,1.56,141.55
07/02/21,151.0,83.05,163.08,125.33,172.14,1.59,143.45
08/02/21,150.0,82.5,162.0,124.5,171.0,1.58,142.5
09/02/21,165.0,90.75,178.2,136.95,188.1,1.73,156.75
10/02/21,196.0,107.8,211.68,162.68,223.44,2.06,186.2
11/02/21,245.0,134.75,264.6,203.35,279.3,2.57,232.75
12/02/21,249.0,136.95,268.92,206.67,283.86,2.61,236.55
13/02/21,182.0,100.1,196.56,151.06,207.48,1.91,172.9
14/02/21,132.0,72.6,142.56,109.56,150.48,1.39,125.4
15/02/21,100.0,55.0,108.0,83.0,114.0,1.05,95.0
16/02/21,99.0,54.45,106.92,82.17,112.86,1.04,94.05
17/02/21,100.0,55.0,108.0,83.0,114.0,1.05,95.0
18/02/21,206.0,113.3,222.48,170.98,234.84,2.16,195.7
19/02/21,120.0,66.0,129.6,99.6,136.8,1.26,114.0
20/02/21,116.0,63.8,125.28,96.28,132.24,1.22,110.2
21/02/21,119.0,65.45,128.52,98.77,135.66,1.25,113.05
22/02/21,144.0,79.2,155.52,119.52,164.16,1.51,136.8
23/02/21,169.0,92.95,182.52,140.27,192.66,1.77,160.55
24/02/21,224.0,123.2,241.92,185.92,255.36,2.35,212.8
25/02/21,191.0,105.05,206.28,158.53,217.74,2.01,181.45
26/02/21,127.0,69.85,137.16,105.41,144.78,1.33,120.65
27/02/21,110.0,60.5,118.8,91.3,125.4,1.16,104.5
28/02/21,139.0,76.45,150.12,115.37,158.46,1.46,132.05
01/03/21,161.0,88.55,173.88,133.63,183.54,1.69,152.95
02/03/21,175.0,96.25,189.0,145.25,199.5,1.84,166.25
03/03/21,142.0,78.1,153.36,117.86,161.88,1.49,134.9
04/03/21,185.0,101.75,199.8,153.55,210.9,1.94,175.75
05/03/21,211.0,116.05,227.88,175.13,240.54,2.22,200.45
06/03/21,147.0,80.85,158.76,122.01,167.58,1.54,139.65
07/03/21,128.0,70.4,138.24,106.24,145.92,1.34,121.6
08/03/21,110.0,60.5,118.8,91.3,125.4,1.16,104.5
09/03/21,137.0,75.35,147.96,113.71,156.18,1.44,130.15
10/03/21,151.0,83.05,163.08,125.33,172.14,1.59,143.45
11/03/21,120.0,66.0,129.6,99.6,136.8,1.26,114.0
12/03/21,98.0,53.9,105.84,81.34,111.72,1.03,93.1
13/03/21,152.0,83.6,164.16,126.16,173.28,1.6,144.4
14/03/21,157.0,86.35,169.56,130.31,178.98,1.65,149.15
15/03/21,156.0,85.8,168.48,129.48,177.84,1.64,148.2
16/03/21,151.0,83.05,163.08,125.33,172.14,1.59,143.45
17/03/21,158.0,86.9,170.64,131.14,180.12,1.66,150.1
18/03/21,154.0,84.7,166.32,127.82,175.56,1.62,146.3
19/03/21,145.0,79.75,156.6,120.35,165.3,1.52,137.75
20/03/21,161.0,88.55,173.88,133.63,183.54,1.69,152.95
21/03/21,171.0,94.05,184.68,141.93,194.94,1.8,162.45
22/03/21,143.0,78.65,154.44,118.69,163.02,1.5,135.85
23/03/21,160.0,88.0,172.8,132.8,182.4,1.68,152.0
24/03/21,193.0,106.15,208.44,160.19,220.02,2.03,183.35
25/03/21,170.0,93.5,183.6,141.1,193.8,1.79,161.5
26/03/21,170.0,93.5,183.6,141.1,193.8,1.79,161.5
27/03/21,177.0,97.35,191.16,146.91,201.78,1.86,168.15
28/03/21,172.0,94.6,185.76,142.76,196.08,1.81,163.4
29/03/21,130.0,71.5,140.4,107.9,148.2,1.37,123.5
30/03/21,75.0,41.25,81.0,62.25,85.5,0.79,71.25
31/03/21,81.0,44.55,87.48,67.23,92.34,0.85,76.95
01/04/21,113.0,62.15,122.04,93.79,128.82,1.19,107.35
02/04/21,162.0,89.1,174.96,134.46,184.68,1.7,153.9
03/04/21,139.0,76.45,150.12,115.37,158.46,1.46,132.05
04/04/21,102.0,56.1,110.16,84.66,116.28,1.07,96.9
05/04/21,90.0,49.5,97.2,74.7,102.6,0.95,85.5
06/04/21,115.0,63.25,124.2,95.45,131.1,1.21,109.25
07/04/21,101.0,55.55,109.08,83.83,115.14,1.06,95.95
08/04/21,99.0,54.45,106.92,82.17,112.86,1.04,94.05
09/04/21,99.0,54.45,106.92,82.17,112.86,1.04,94.05
10/04/21,137.0,75.35,147.96,113.71,156.18,1.44,130.15
11/04/21,106.0,58.3,114.48,87.98,120.84,1.11,100.7
12/04/21,92.0,50.6,99.36,76.36,104.88,0.97,87.4
13/04/21,111.0,61.05,119.88,92.13,126.54,1.17,105.45
14/04/21,94.0,51.7,101.52,78.02,107.16,0.99,89.3
15/04/21,88.0,48.4,95.04,73.04,100.32,0.92,83.6
16/04/21,79.0,43.45,85.32,65.57,90.06,0.83,75.05
17/04/21,65.0,35.75,70.2,53.95,74.1,0.68,61.75
18/04/21,72.0,39.6,77.76,59.76,82.08,0.76,68.4
19/04/21,88.0,48.4,95.04,73.04,100.32,0.92,83.6
20/04/21,67.0,36.85,72.36,55.61,76.38,0.7,63.65
21/04/21,58.0,31.9,62.64,48.14,66.12,0.61,55.1
22/04/21,70.0,38.5,75.6,58.1,79.8,0.74,66.5
23/04/21,79.0,43.45,85.32,65.57,90.06,0.83,75.05
24/04/21,75.0,41.25,81.0,62.25,85.5,0.79,71.25
25/04/21,74.0,40.7,79.92,61.42,84.36,0.78,70.3
26/04/21,129.0,70.95,139.32,107.07,147.06,1.35,122.55
27/04/21,185.0,101.75,199.8,153.55,210.9,1.94,175.75
28/04/21,125.0,68.75,135.0,103.75,142.5,1.31,118.75
29/04/21,81.0,44.55,87.48,67.23,92.34,0.85,76.95
30/04/21,72.0,39.6,77.76,59.76,82.08,0.76,68.4
01/05/21,68.0,37.4,73.44,56.44,77.52,0.71,64.6
02/05/21,71.0,39.05,76.68,58.93,80.94,0.75,67.45
03/05/21,105.0,57.75,113.4,87.15,119.7,1.1,99.75
04/05/21,80.0,44.0,86.4,66.4,91.2,0.84,76.0
05/05/21,76.0,41.8,82.08,63.08,86.64,0.8,72.2
06/05/21,72.0,39.6,77.76,59.76,82.08,0.76,68.4
07/05/21,72.0,39.6,77.76,59.76,82.08,0.76,68.4
08/05/21,69.0,37.95,74.52,57.27,78.66,0.72,65.55
09/05/21,78.0,42.9,84.24,64.74,88.92,0.82,74.1
10/05/21,68.0,37.4,73.44,56.44,77.52,0.71,64.6
11/05/21,67.0,36.85,72.36,55.61,76.38,0.7,63.65
12/05/21,59.0,32.45,63.72,48.97,67.26,0.62,56.05
13/05/21,64.0,35.2,69.12,53.12,72.96,0.67,60.8
14/05/21,65.0,35.75,70.2,53.95,74.1,0.68,61.75
15/05/21,85.0,46.75,91.8,70.55,96.9,0.89,80.75
16/05/21,80.0,44.0,86.4,66.4,91.2,0.84,76.0
17/05/21,47.0,25.85,50.76,39.01,53.58,0.49,44.65
18/05/21,48.0,26.4,51.84,39.84,54.72,0.5,45.6
19/05/21,54.0,29.7,58.32,44.82,61.56,0.57,51.3
20/05/21,88.0,48.4,95.04,73.04,100.32,0.92,83.6
21/05/21,120.0,66.0,129.6,99.6,136.8,1.26,114.0
22/05/21,92.0,50.6,99.36,76.36,104.88,0.97,87.4
23/05/21,81.0,44.55,87.48,67.23,92.34,0.85,76.95
24/05/21,71.0,39.05,76.68,58.93,80.94,0.75,67.45
25/05/21,74.0,40.7,79.92,61.42,84.36,0.78,70.3
26/05/21,71.0,39.05,76.68,58.93,80.94,0.75,67.45
27/05/21,73.0,40.15,78.84,60.59,83.22,0.77,69.35
28/05/21,65.0,35.75,70.2,53.95,74.1,0.68,61.75
29/05/21,69.0,37.95,74.52,57.27,78.66,0.72,65.55
30/05/21,55.0,30.25,59.4,45.65,62.7,0.58,52.25
31/05/21,58.0,31.9,62.64,48.14,66.12,0.61,55.1
01/06/21,61.0,33.55,65.88,50.63,69.54,0.64,57.95
02/06/21,50.0,27.5,54.0,41.5,57.0,0.53,47.5
03/06/21,53.0,29.15,57.24,43.99,60.42,0.56,50.35
04/06/21,46.0,25.3,49.68,38.18,52.44,0.48,43.7
05/06/21,51.0,28.05,55.08,42.33,58.14,0.54,48.45
06/06/21,49.0,26.95,52.92,40.67,55.86,0.51,46.55
07/06/21,42.0,23.1,45.36,34.86,47.88,0.44,39.9
08/06/21,49.0,26.95,52.92,40.67,55.86,0.51,46.55
09/06/21,39.0,21.45,42.12,32.37,44.46,0.41,37.05
10/06/21,33.0,18.15,35.64,27.39,37.62,0.35,31.35
11/06/21,45.0,24.75,48.6,37.35,51.3,0.47,42.75
12/06/21,34.0,18.7,36.72,28.22,38.76,0.36,32.3
13/06/21,41.0,22.55,44.28,34.03,46.74,0.43,38.95
14/06/21,56.0,30.8,60.48,46.48,63.84,0.59,53.2
15/06/21,64.0,35.2,69.12,53.12,72.96,0.67,60.8
16/06/21,41.0,22.55,44.28,34.03,46.74,0.43,38.95
17/06/21,70.0,38.5,75.6,58.1,79.8,0.74,66.5
18/06/21,72.0,39.6,77.76,59.76,82.08,0.76,68.4
19/06/21,68.0,37.4,73.44,56.44,77.52,0.71,64.6
20/06/21,96.0,52.8,103.68,79.68,109.44,1.01,91.2
21/06/21,117.0,64.35,126.36,97.11,133.38,1.23,111.15
22/06/21,92.0,50.6,99.36,76.36,104.88,0.97,87.4
23/06/21,93.0,51.15,100.44,77.19,106.02,0.98,88.35
24/06/21,85.0,46.75,91.8,70.55,96.9,0.89,80.75
25/06/21,56.0,30.8,60.48,46.48,63.84,0.59,53.2
26/06/21,67.0,36.85,72.36,55.61,76.38,0.7,63.65
27/06/21,66.0,36.3,71.28,54.78,75.24,0.69,62.7
28/06/21,55.0,30.25,59.4,45.65,62.7,0.58,52.25
29/06/21,60.0,33.0,64.8,49.8,68.4,0.63,57.0
30/06/21,56.0,30.8,60.48,46.48,63.84,0.59,53.2
01/07/21,70.0,38.5,75.6,58.1,79.8,0.74,66.5
02/07/21,62.0,34.1,66.96,51.46,70.68,0.65,58.9
03/07/21,60.0,33.0,64.8,49.8,68.4,0.63,57.0
04/07/21,56.0,30.8,60.48,46.48,63.84,0.59,53.2
05/07/21,64.0,35.2,69.12,53.12,72.96,0.67,60.8
06/07/21,76.0,41.8,82.08,63.08,86.64,0.8,72.2
07/07/21,74.0,40.7,79.92,61.42,84.36,0.78,70.3
08/07/21,66.0,36.3,71.28,54.78,75.24,0.69,62.7
09/07/21,52.0,28.6,56.16,43.16,59.28,0.55,49.4
10/07/21,59.0,32.45,63.72,48.97,67.26,0.62,56.05
11/07/21,50.0,27.5,54.0,41.5,57.0,0.53,47.5
12/07/21,40.0,22.0,43.2,33.2,45.6,0.42,38.0
13/07/21,56.0,30.8,60.48,46.48,63.84,0.59,53.2
14/07/21,47.0,25.85,50.76,39.01,53.58,0.49,44.65
15/07/21,42.0,23.1,45.36,34.86,47.88,0.44,39.9
16/07/21,42.0,23.1,45.36,34.86,47.88,0.44,39.9
17/07/21,42.0,23.1,45.36,34.86,47.88,0.44,39.9
18/07/21,55.0,30.25,59.4,45.65,62.7,0.58,52.25
19/07/21,52.0,28.6,56.16,43.16,59.28,0.55,49.4
20/07/21,57.0,31.35,61.56,47.31,64.98,0.6,54.15
21/07/21,54.0,29.7,58.32,44.82,61.56,0.57,51.3
22/07/21,63.0,34.65,68.04,52.29,71.82,0.66,59.85
23/07/21,78.0,42.9,84.24,64.74,88.92,0.82,74.1
24/07/21,59.0,32.45,63.72,48.97,67.26,0.62,56.05
25/07/21,63.0,34.65,68.04,52.29,71.82,0.66,59.85
26/07/21,63.0,34.65,68.04,52.29,71.82,0.66,59.85
27/07/21,63.0,34.65,68.04,52.29,71.82,0.66,59.85
28/07/21,68.0,37.4,73.44,56.44,77.52,0.71,64.6
29/07/21,68.0,37.4,73.44,56.44,77.52,0.71,64.6
30/07/21,65.0,35.75,70.2,53.95,74.1,0.68,61.75
31/07/21,66.0,36.3,71.28,54.78,75.24,0.69,62.7
01/08/21,63.0,34.65,68.04,52.29,71.82,0.66,59.85
02/08/21,58.0,31.9,62.64,48.14,66.12,0.61,55.1
03/08/21,50.0,27.5,54.0,41.5,57.0,0.53,47.5
04/08/21,53.0,29.15,57.24,43.99,60.42,0.56,50.35
05/08/21,55.0,30.25,59.4,45.65,62.7,0.58,52.25
06/08/21,63.0,34.65,68.04,52.29,71.82,0.66,59.85
07/08/21,59.0,32.45,63.72,48.97,67.26,0.62,56.05
08/08/21,71.0,39.05,76.68,58.93,80.94,0.75,67.45
09/08/21,57.0,31.35,61.56,47.31,64.98,0.6,54.15
10/08/21,68.0,37.4,73.44,56.44,77.52,0.71,64.6
11/08/21,54.0,29.7,58.32,44.82,61.56,0.57,51.3
12/08/21,58.0,31.9,62.64,48.14,66.12,0.61,55.1
13/08/21,61.0,33.55,65.88,50.63,69.54,0.64,57.95
14/08/21,53.0,29.15,57.24,43.99,60.42,0.56,50.35
15/08/21,51.0,28.05,55.08,42.33,58.14,0.54,48.45
16/08/21,58.0,31.9,62.64,48.14,66.12,0.61,55.1
17/08/21,52.0,28.6,56.16,43.16,59.28,0.55,49.4
18/08/21,48.0,26.4,51.84,39.84,54.72,0.5,45.6
19/08/21,49.0,26.95,52.92,40.67,55.86,0.51,46.55
20/08/21,45.0,24.75,48.6,37.35,51.3,0.47,42.75
21/08/21,40.0,22.0,43.2,33.2,45.6,0.42,38.0
22/08/21,50.0,27.5,54.0,41.5,57.0,0.53,47.5
23/08/21,54.0,29.7,58.32,44.82,61.56,0.57,51.3
24/08/21,48.0,26.4,51.84,39.84,54.72,0.5,45.6
25/08/21,52.0,28.6,56.16,43.16,59.28,0.55,49.4
26/08/21,47.0,25.85,50.76,39.01,53.58,0.49,44.65
27/08/21,56.0,30.8,60.48,46.48,63.84,0.59,53.2
28/08/21,69.0,37.95,74.52,57.27,78.66,0.72,65.55
29/08/21,66.0,36.3,71.28,54.78,75.24,0.69,62.7
30/08/21,74.0,40.7,79.92,61.42,84.36,0.78,70.3
31/08/21,59.0,32.45,63.72,48.97,67.26,0.62,56.05
01/09/21,54.0,29.7,58.32,44.82,61.56,0.57,51.3
02/09/21,52.0,28.6,56.16,43.16,59.28,0.55,49.4
03/09/21,53.0,29.15,57.24,43.99,60.42,0.56,50.35
04/09/21,54.0,29.7,58.32,44.82,61.56,0.57,51.3
05/09/21,53.0,29.15,57.24,43.99,60.42,0.56,50.35
06/09/21,64.0,35.2,69.12,53.12,72.96,0.67,60.8
07/09/21,58.0,31.9,62.64,48.14,66.12,0.61,55.1
08/09/21,47.0,25.85,50.76,39.01,53.58,0.49,44.65
09/09/21,46.0,25.3,49.68,38.18,52.44,0.48,43.7
10/09/21,49.0,26.95,52.92,40.67,55.86,0.51,46.55
11/09/21,48.0,26.4,51.84,39.84,54.72,0.5,45.6
12/09/21,44.0,24.2,47.52,36.52,50.16,0.46,41.8
13/09/21,52.0,28.6,56.16,43.16,59.28,0.55,49.4
14/09/21,67.0,36.85,72.36,55.61,76.38,0.7,63.65
15/09/21,66.0,36.3,71.28,54.78,75.24,0.69,62.7
16/09/21,75.0,41.25,81.0,62.25,85.5,0.79,71.25
17/09/21,68.0,37.4,73.44,56.44,77.52,0.71,64.6
18/09/21,58.0,31.9,62.64,48.14,66.12,0.61,55.1
19/09/21,46.0,25.3,49.68,38.18,52.44,0.48,43.7
20/09/21,48.0,26.4,51.84,39.84,54.72,0.5,45.6
21/09/21,47.0,25.85,50.76,39.01,53.58,0.49,44.65
22/09/21,53.0,29.15,57.24,43.99,60.42,0.56,50.35
23/09/21,58.0,31.9,62.64,48.14,66.12,0.61,55.1
24/09/21,66.0,36.3,71.28,54.78,75.24,0.69,62.7
25/09/21,72.0,39.6,77.76,59.76,82.08,0.76,68.4
26/09/21,64.0,35.2,69.12,53.12,72.96,0.67,60.8
27/09/21,61.0,33.55,65.88,50.63,69.54,0.64,57.95
28/09/21,62.0,34.1,66.96,51.46,70.68,0.65,58.9
29/09/21,45.0,24.75,48.6,37.35,51.3,0.47,42.75
30/09/21,48.0,26.4,51.84,39.84,54.72,0.5,45.6
01/10/21,76.0,41.8,82.08,63.08,86.64,0.8,72.2
02/10/21,77.0,42.35,83.16,63.91,87.78,0.81,73.15
03/10/21,78.0,42.9,84.24,64.74,88.92,0.82,74.1
04/10/21,78.0,42.9,84.24,64.74,88.92,0.82,74.1
05/10/21,71.0,39.05,76.68,58.93,80.94,0.75,67.45
06/10/21,74.0,40.7,79.92,61.42,84.36,0.78,70.3
07/10/21,61.0,33.55,65.88,50.63,69.54,0.64,57.95
08/10/21,64.0,35.2,69.12,53.12,72.96,0.67,60.8
09/10/21,54.0,29.7,58.32,44.82,61.56,0.57,51.3
10/10/21,58.0,31.9,62.64,48.14,66.12,0.61,55.1
11/10/21,63.0,34.65,68.04,52.29,71.82,0.66,59.85
12/10/21,69.0,37.95,74.52,57.27,78.66,0.72,65.55
13/10/21,84.0,46.2,90.72,69.72,95.76,0.88,79.8
14/10/21,140.0,77.0,151.2,116.2,159.6,1.47,133.0
15/10/21,141.0,77.55,152.28,117.03,160.74,1.48,133.95
16/10/21,107.0,58.85,115.56,88.81,121.98,1.12,101.65
17/10/21,153.0,84.15,165.24,126.99,174.42,1.61,145.35
18/10/21,102.0,56.1,110.16,84.66,116.28,1.07,96.9
19/10/21,94.0,51.7,101.52,78.02,107.16,0.99,89.3
20/10/21,87.0,47.85,93.96,72.21,99.18,0.91,82.65
21/10/21,106.0,58.3,114.48,87.98,120.84,1.11,100.7
22/10/21,143.0,78.65,154.44,118.69,163.02,1.5,135.85
23/10/21,111.0,61.05,119.88,92.13,126.54,1.17,105.45
24/10/21,74.0,40.7,79.92,61.42,84.36,0.78,70.3
25/10/21,58.0,31.9,62.64,48.14,66.12,0.61,55.1
26/10/21,96.0,52.8,103.68,79.68,109.44,1.01,91.2
27/10/21,119.0,65.45,128.52,98.77,135.66,1.25,113.05
28/10/21,130.0,71.5,140.4,107.9,148.2,1.37,123.5
29/10/21,126.0,69.3,136.08,104.58,143.64,1.32,119.7
30/10/21,128.0,70.4,138.24,106.24,145.92,1.34,121.6
31/10/21,155.0,85.25,167.4,128.65,176.7,1.63,147.25
01/11/21,188.0,103.4,203.04,156.04,214.32,1.97,178.6
02/11/21,211.0,116.05,227.88,175.13,240.54,2.22,200.45
03/11/21,179.0,98.45,193.32,148.57,204.06,1.88,170.05
04/11/21,164.0,90.2,177.12,136.12,186.96,1.72,155.8
05/11/21,199.0,109.45,214.92,165.17,226.86,2.09,189.05
06/11/21,117.0,64.35,126.36,97.11,133.38,1.23,111.15
07/11/21,110.0,60.5,118.8,91.3,125.4,1.16,104.5
08/11/21,176.0,96.8,190.08,146.08,200.64,1.85,167.2
09/11/21,172.0,94.6,185.76,142.76,196.08,1.81,163.4
10/11/21,164.0,90.2,177.12,136.12,186.96,1.72,155.8
11/11/21,174.0,95.7,187.92,144.42,198.36,1.83,165.3
12/11/21,171.0,94.05,184.68,141.93,194.94,1.8,162.45
13/11/21,195.0,107.25,210.6,161.85,222.3,2.05,185.25
14/11/21,201.0,110.55,217.08,166.83,229.14,2.11,190.95
15/11/21,200.0,110.0,216.0,166.0,228.0,2.1,190.0
16/11/21,222.0,122.1,239.76,184.26,253.08,2.33,210.9
17/11/21,153.0,84.15,165.24,126.99,174.42,1.61,145.35
18/11/21,81.0,44.55,87.48,67.23,92.34,0.85,76.95
19/11/21,84.0,46.2,90.72,69.72,95.76,0.88,79.8
20/11/21,102.0,56.1,110.16,84.66,116.28,1.07,96.9
21/11/21,84.0,46.2,90.72,69.72,95.76,0.88,79.8
22/11/21,66.0,36.3,71.28,54.78,75.24,0.69,62.7
23/11/21,76.0,41.8,82.08,63.08,86.64,0.8,72.2
24/11/21,94.0,51.7,101.52,78.02,107.16,0.99,89.3
25/11/21,149.0,81.95,160.92,123.67,169.86,1.56,141.55
26/11/21,136.0,74.8,146.88,112.88,155.04,1.43,129.2
27/11/21,152.0,83.6,164.16,126.16,173.28,1.6,144.4
28/11/21,145.0,79.75,156.6,120.35,165.3,1.52,137.75
29/11/21,120.0,66.0,129.6,99.6,136.8,1.26,114.0
30/11/21,150.0,82.5,162.0,124.5,171.0,1.58,142.5
01/12/21,154.0,84.7,166.32,127.82,175.56,1.62,146.3
02/12/21,78.0,42.9,84.24,64.74,88.92,0.82,74.1
03/12/21,93.0,51.15,100.44,77.19,106.02,0.98,88.35
04/12/21,116.0,63.8,125.28,96.28,132.24,1.22,110.2
05/12/21,109.0,59.95,117.72,90.47,124.26,1.14,103.55
06/12/21,95.0,52.25,102.6,78.85,108.3,1.0,90.25
07/12/21,218.0,119.9,235.44,180.94,248.52,2.29,207.1
08/12/21,216.0,118.8,233.28,179.28,246.24,2.27,205.2
09/12/21,211.0,116.05,227.88,175.13,240.54,2.22,200.45
10/12/21,193.0,106.15,208.44,160.19,220.02,2.03,183.35
11/12/21,173.0,95.15,186.84,143.59,197.22,1.82,164.35
12/12/21,184.0,101.2,198.72,152.72,209.76,1.93,174.8
13/12/21,181.0,99.55,195.48,150.23,206.34,1.9,171.95
14/12/21,119.0,65.45,128.52,98.77,135.66,1.25,113.05
15/12/21,176.0,96.8,190.08,146.08,200.64,1.85,167.2
16/12/21,223.0,122.65,240.84,185.09,254.22,2.34,211.85
17/12/21,241.0,132.55,260.28,200.03,274.74,2.53,228.95
18/12/21,236.0,129.8,254.88,195.88,269.04,2.48,224.2
19/12/21,214.0,117.7,231.12,177.62,243.96,2.25,203.3
20/12/21,199.0,109.45,214.92,165.17,226.86,2.09,189.05
21/12/21,232.0,127.6,250.56,192.56,264.48,2.44,220.4
22/12/21,230.0,126.5,248.4,190.9,262.2,2.42,218.5
23/12/21,214.0,117.7,231.12,177.62,243.96,2.25,203.3
24/12/21,180.0,99.0,194.4,149.4,205.2,1.89,171.0
25/12/21,110.0,60.5,118.8,91.3,125.4,1.16,104.5
26/12/21,182.0,100.1,196.56,151.06,207.48,1.91,172.9
27/12/21,215.0,118.25,232.2,178.45,245.1,2.26,204.25
28/12/21,201.0,110.55,217.08,166.83,229.14,2.11,190.95
29/12/21,138.0,75.9,149.04,114.54,157.32,1.45,131.1
30/12/21,155.0,85.25,167.4,128.65,176.7,1.63,147.25
31/12/21,176.0,96.8,190.08,146.08,200.64,1.85,167.2
01/01/22,173.0,95.15,186.84,143.59,197.22,1.82,164.35
02/01/22,150.0,82.5,162.0,124.5,171.0,1.58,142.5
03/01/22,156.0,85.8,168.48,129.48,177.84,1.64,148.2
04/01/22,184.0,101.2,198.72,152.72,209.76,1.93,174.8
05/01/22,219.0,120.45,236.52,181.77,249.66,2.3,208.05
06/01/22,170.0,93.5,183.6,141.1,193.8,1.79,161.5
07/01/22,204.0,112.2,220.32,169.32,232.56,2.14,193.8
08/01/22,134.0,73.7,144.72,111.22,152.76,1.41,127.3
09/01/22,88.0,48.4,95.04,73.04,100.32,0.92,83.6
10/01/22,74.0,40.7,79.92,61.42,84.36,0.78,70.3
11/01/22,137.0,75.35,147.96,113.71,156.18,1.44,130.15
12/01/22,132.0,72.6,142.56,109.56,150.48,1.39,125.4
13/01/22,172.0,94.6,185.76,142.76,196.08,1.81,163.4
14/01/22,208.0,114.4,224.64,172.64,237.12,2.18,197.6
15/01/22,182.0,100.1,196.56,151.06,207.48,1.91,172.9
16/01/22,160.0,88.0,172.8,132.8,182.4,1.68,152.0
17/01/22,147.0,80.85,158.76,122.01,167.58,1.54,139.65
18/01/22,171.0,94.05,184.68,141.93,194.94,1.8,162.45
19/01/22,181.0,99.55,195.48,150.23,206.34,1.9,171.95
20/01/22,154.0,84.7,166.32,127.82,175.56,1.62,146.3
21/01/22,110.0,60.5,118.8,91.3,125.4,1.16,104.5
22/01/22,99.0,54.45,106.92,82.17,112.86,1.04,94.05
23/01/22,247.0,135.85,266.76,205.01,281.58,2.59,234.65
24/01/22,381.0,209.55,411.48,316.23,434.34,4.0,361.95
25/01/22,268.0,147.4,289.44,222.44,305.52,2.81,254.6
26/01/22,267.0,146.85,288.36,221.61,304.38,2.8,253.65
27/01/22,212.0,116.6,228.96,175.96,241.68,2.23,201.4
28/01/22,160.0,88.0,172.8,132.8,182.4,1.68,152.0
29/01/22,162.0,89.1,174.96,134.46,184.68,1.7,153.9
30/01/22,168.0,92.4,181.44,139.44,191.52,1.76,159.6
31/01/22,176.0,96.8,190.08,146.08,200.64,1.85,167.2
01/02/22,177.0,97.35,191.16,146.91,201.78,1.86,168.15
02/02/22,179.0,98.45,193.32,148.57,204.06,1.88,170.05
03/02/22,187.0,102.85,201.96,155.21,213.18,1.96,177.65
04/02/22,162.0,89.1,174.96,134.46,184.68,1.7,153.9
05/02/22,276.0,151.8,298.08,229.08,314.64,2.9,262.2
06/02/22,228.0,125.4,246.24,189.24,259.92,2.39,216.6
07/02/22,181.0,99.55,195.48,150.23,206.34,1.9,171.95
08/02/22,116.0,63.8,125.28,96.28,132.24,1.22,110.2
09/02/22,103.0,56.65,111.24,85.49,117.42,1.08,97.85
10/02/22,138.0,75.9,149.04,114.54,157.32,1.45,131.1
11/02/22,159.0,87.45,171.72,131.97,181.26,1.67,151.05
12/02/22,153.0,84.15,165.24,126.99,174.42,1.61,145.35
13/02/22,174.0,95.7,187.92,144.42,198.36,1.83,165.3
14/02/22,128.0,70.4,138.24,106.24,145.92,1.34,121.6
15/02/22,105.0,57.75,113.4,87.15,119.7,1.1,99.75
16/02/22,93.0,51.15,100.44,77.19,106.02,0.98,88.35
17/02/22,88.0,48.4,95.04,73.04,100.32,0.92,83.6
18/02/22,111.0,61.05,119.88,92.13,126.54,1.17,105.45
19/02/22,143.0,78.65,154.44,118.69,163.02,1.5,135.85
20/02/22,132.0,72.6,142.56,109.56,150.48,1.39,125.4
21/02/22,154.0,84.7,166.32,127.82,175.56,1.62,146.3
22/02/22,158.0,86.9,170.64,131.14,180.12,1.66,150.1
23/02/22,119.0,65.45,128.52,98.77,135.66,1.25,113.05
24/02/22,168.0,92.4,181.44,139.44,191.52,1.76,159.6
25/02/22,219.0,120.45,236.52,181.77,249.66,2.3,208.05
26/02/22,223.0,122.65,240.84,185.09,254.22,2.34,211.85
27/02/22,156.0,85.8,168.48,129.48,177.84,1.64,148.2
28/02/22,215.0,118.25,232.2,178.45,245.1,2.26,204.25
01/03/22,187.0,102.85,201.96,155.21,213.18,1.96,177.65
02/03/22,216.0,118.8,233.28,179.28,246.24,2.27,205.2
03/03/22,204.0,112.2,220.32,169.32,232.56,2.14,193.8
04/03/22,177.0,97.35,191.16,146.91,201.78,1.86,168.15
05/03/22,167.0,91.85,180.36,138.61,190.38,1.75,158.65
06/03/22,185.0,101.75,199.8,153.55,210.9,1.94,175.75
07/03/22,170.0,93.5,183.6,141.1,193.8,1.79,161.5
08/03/22,204.0,112.2,220.32,169.32,232.56,2.14,193.8
09/03/22,210.0,115.5,226.8,174.3,239.4,2.21,199.5
10/03/22,206.0,113.3,222.48,170.98,234.84,2.16,195.7
11/03/22,195.0,107.25,210.6,161.85,222.3,2.05,185.25
12/03/22,168.0,92.4,181.44,139.44,191.52,1.76,159.6
13/03/22,170.0,93.5,183.6,141.1,193.8,1.79,161.5
14/03/22,167.0,91.85,180.36,138.61,190.38,1.75,158.65
15/03/22,198.0,108.9,213.84,164.34,225.72,2.08,188.1
16/03/22,184.0,101.2,198.72,152.72,209.76,1.93,174.8
17/03/22,189.0,103.95,204.12,156.87,215.46,1.98,179.55
18/03/22,187.0,102.85,201.96,155.21,213.18,1.96,177.65
19/03/22,111.0,61.05,119.88,92.13,126.54,1.17,105.45
20/03/22,106.0,58.3,114.48,87.98,120.84,1.11,100.7
21/03/22,159.0,87.45,171.72,131.97,181.26,1.67,151.05
22/03/22,152.0,83.6,164.16,126.16,173.28,1.6,144.4
23/03/22,155.0,85.25,167.4,128.65,176.7,1.63,147.25
24/03/22,211.0,116.05,227.88,175.13,240.54,2.22,200.45
25/03/22,132.0,72.6,142.56,109.56,150.48,1.39,125.4
26/03/22,109.0,59.95,117.72,90.47,124.26,1.14,103.55
27/03/22,110.0,60.5,118.8,91.3,125.4,1.16,104.5
28/03/22,113.0,62.15,122.04,93.79,128.82,1.19,107.35
29/03/22,127.0,69.85,137.16,105.41,144.78,1.33,120.65
30/03/22,128.0,70.4,138.24,106.24,145.92,1.34,121.6
31/03/22,105.0,57.75,113.4,87.15,119.7,1.1,99.75
01/04/22,196.0,107.8,211.68,162.68,223.44,2.06,186.2
02/04/22,214.0,117.7,231.12,177.62,243.96,2.25,203.3
03/04/22,172.0,94.6,185.76,142.76,196.08,1.81,163.4
04/04/22,142.0,78.1,153.36,117.86,161.88,1.49,134.9
05/04/22,108.0,59.4,116.64,89.64,123.12,1.13,102.6
06/04/22,98.0,53.9,105.84,81.34,111.72,1.03,93.1
07/04/22,104.0,57.2,112.32,86.32,118.56,1.09,98.8
08/04/22,106.0,58.3,114.48,87.98,120.84,1.11,100.7
09/04/22,81.0,44.55,87.48,67.23,92.34,0.85,76.95
10/04/22,74.0,40.7,79.92,61.42,84.36,0.78,70.3
11/04/22,71.0,39.05,76.68,58.93,80.94,0.75,67.45
12/04/22,94.0,51.7,101.52,78.02,107.16,0.99,89.3
13/04/22,92.0,50.6,99.36,76.36,104.88,0.97,87.4
14/04/22,88.0,48.4,95.04,73.04,100.32,0.92,83.6
15/04/22,72.0,39.6,77.76,59.76,82.08,0.76,68.4
16/04/22,89.0,48.95,96.12,73.87,101.46,0.93,84.55
17/04/22,94.0,51.7,101.52,78.02,107.16,0.99,89.3
18/04/22,83.0,45.65,89.64,68.89,94.62,0.87,78.85
19/04/22,80.0,44.0,86.4,66.4,91.2,0.84,76.0
20/04/22,81.0,44.55,87.48,67.23,92.34,0.85,76.95
21/04/22,125.0,68.75,135.0,103.75,142.5,1.31,118.75
22/04/22,127.0,69.85,137.16,105.41,144.78,1.33,120.65
23/04/22,139.0,76.45,150.12,115.37,158.46,1.46,132.05
24/04/22,104.0,57.2,112.32,86.32,118.56,1.09,98.8
25/04/22,91.0,50.05,98.28,75.53,103.74,0.96,86.45
26/04/22,101.0,55.55,109.08,83.83,115.14,1.06,95.95
27/04/22,85.0,46.75,91.8,70.55,96.9,0.89,80.75
28/04/22,114.0,62.7,123.12,94.62,129.96,1.2,108.3
29/04/22,102.0,56.1,110.16,84.66,116.28,1.07,96.9
30/04/22,86.0,47.3,92.88,71.38,98.04,0.9,81.7
01/05/22,89.0,48.95,96.12,73.87,101.46,0.93,84.55
02/05/22,103.0,56.65,111.24,85.49,117.42,1.08,97.85
03/05/22,91.0,50.05,98.28,75.53,103.74,0.96,86.45
04/05/22,103.0,56.65,111.24,85.49,117.42,1.08,97.85
05/05/22,118.0,64.9,127.44,97.94,134.52,1.24,112.1
06/05/22,139.0,76.45,150.12,115.37,158.46,1.46,132.05
07/05/22,189.0,103.95,204.12,156.87,215.46,1.98,179.55
08/05/22,169.0,92.95,182.52,140.27,192.66,1.77,160.55
09/05/22,117.0,64.35,126.36,97.11,133.38,1.23,111.15
10/05/22,114.0,62.7,123.12,94.62,129.96,1.2,108.3
11/05/22,118.0,64.9,127.44,97.94,134.52,1.24,112.1
12/05/22,122.0,67.1,131.76,101.26,139.08,1.28,115.9
13/05/22,123.0,67.65,132.84,102.09,140.22,1.29,116.85
14/05/22,132.0,72.6,142.56,109.56,150.48,1.39,125.4
15/05/22,118.0,64.9,127.44,97.94,134.52,1.24,112.1
16/05/22,131.0,72.05,141.48,108.73,149.34,1.38,124.45
17/05/22,157.0,86.35,169.56,130.31,178.98,1.65,149.15
18/05/22,212.0,116.6,228.96,175.96,241.68,2.23,201.4
19/05/22,238.0,130.9,257.04,197.54,271.32,2.5,226.1
20/05/22,179.0,98.45,193.32,148.57,204.06,1.88,170.05
21/05/22,147.0,80.85,158.76,122.01,167.58,1.54,139.65
22/05/22,106.0,58.3,114.48,87.98,120.84,1.11,100.7
23/05/22,83.0,45.65,89.64,68.89,94.62,0.87,78.85
24/05/22,88.0,48.4,95.04,73.04,100.32,0.92,83.6
25/05/22,97.0,53.35,104.76,80.51,110.58,1.02,92.15
26/05/22,95.0,52.25,102.6,78.85,108.3,1.0,90.25
27/05/22,76.0,41.8,82.08,63.08,86.64,0.8,72.2
28/05/22,86.0,47.3,92.88,71.38,98.04,0.9,81.7
29/05/22,83.0,45.65,89.64,68.89,94.62,0.87,78.85
30/05/22,66.0,36.3,71.28,54.78,75.24,0.69,62.7
31/05/22,87.0,47.85,93.96,72.21,99.18,0.91,82.65
01/06/22,79.0,43.45,85.32,65.57,90.06,0.83,75.05
02/06/22,99.0,54.45,106.92,82.17,112.86,1.04,94.05
03/06/22,108.0,59.4,116.64,89.64,123.12,1.13,102.6
04/06/22,77.0,42.35,83.16,63.91,87.78,0.81,73.15
05/06/22,69.0,37.95,74.52,57.27,78.66,0.72,65.55
06/06/22,70.0,38.5,75.6,58.1,79.8,0.74,66.5
07/06/22,71.0,39.05,76.68,58.93,80.94,0.75,67.45
08/06/22,70.0,38.5,75.6,58.1,79.8,0.74,66.5
09/06/22,56.0,30.8,60.48,46.48,63.84,0.59,53.2
10/06/22,62.0,34.1,66.96,51.46,70.68,0.65,58.9
11/06/22,59.0,32.45,63.72,48.97,67.26,0.62,56.05
12/06/22,55.0,30.25,59.4,45.65,62.7,0.58,52.25
13/06/22,56.0,30.8,60.48,46.48,63.84,0.59,53.2
14/06/22,65.0,35.75,70.2,53.95,74.1,0.68,61.75
15/06/22,56.0,30.8,60.48,46.48,63.84,0.59,53.2
16/06/22,51.0,28.05,55.08,42.33,58.14,0.54,48.45
17/06/22,65.0,35.75,70.2,53.95,74.1,0.68,61.75
18/06/22,60.0,33.0,64.8,49.8,68.4,0.63,57.0
19/06/22,45.0,24.75,48.6,37.35,51.3,0.47,42.75
20/06/22,44.0,24.2,47.52,36.52,50.16,0.46,41.8
21/06/22,48.0,26.4,51.84,39.84,54.72,0.5,45.6
22/06/22,58.0,31.9,62.64,48.14,66.12,0.61,55.1
23/06/22,52.0,28.6,56.16,43.16,59.28,0.55,49.4
24/06/22,48.0,26.4,51.84,39.84,54.72,0.5,45.6
25/06/22,49.0,26.95,52.92,40.67,55.86,0.51,46.55
26/06/22,55.0,30.25,59.4,45.65,62.7,0.58,52.25
27/06/22,54.0,29.7,58.32,44.82,61.56,0.57,51.3
28/06/22,51.0,28.05,55.08,42.33,58.14,0.54,48.45
29/06/22,59.0,32.45,63.72,48.97,67.26,0.62,56.05
30/06/22,58.0,31.9,62.64,48.14,66.12,0.61,55.1
01/07/22,58.0,31.9,62.64,48.14,66.12,0.61,55.1
02/07/22,67.0,36.85,72.36,55.61,76.38,0.7,63.65
03/07/22,72.0,39.6,77.76,59.76,82.08,0.76,68.4
04/07/22,65.0,35.75,70.2,53.95,74.1,0.68,61.75
05/07/22,60.0,33.0,64.8,49.8,68.4,0.63,57.0
06/07/22,61.0,33.55,65.88,50.63,69.54,0.64,57.95
07/07/22,56.0,30.8,60.48,46.48,63.84,0.59,53.2
08/07/22,68.0,37.4,73.44,56.44,77.52,0.71,64.6
09/07/22,68.0,37.4,73.44,56.44,77.52,0.71,64.6
10/07/22,65.0,35.75,70.2,53.95,74.1,0.68,61.75
11/07/22,68.0,37.4,73.44,56.44,77.52,0.71,64.6
12/07/22,54.0,29.7,58.32,44.82,61.56,0.57,51.3
13/07/22,62.0,34.1,66.96,51.46,70.68,0.65,58.9
14/07/22,53.0,29.15,57.24,43.99,60.42,0.56,50.35
15/07/22,56.0,30.8,60.48,46.48,63.84,0.59,53.2
16/07/22,62.0,34.1,66.96,51.46,70.68,0.65,58.9
17/07/22,64.0,35.2,69.12,53.12,72.96,0.67,60.8
18/07/22,85.0,46.75,91.8,70.55,96.9,0.89,80.75
19/07/22,83.0,45.65,89.64,68.89,94.62,0.87,78.85
20/07/22,58.0,31.9,62.64,48.14,66.12,0.61,55.1
21/07/22,63.0,34.65,68.04,52.29,71.82,0.66,59.85
22/07/22,63.0,34.65,68.04,52.29,71.82,0.66,59.85
23/07/22,60.0,33.0,64.8,49.8,68.4,0.63,57.0
24/07/22,48.0,26.4,51.84,39.84,54.72,0.5,45.6
25/07/22,49.0,26.95,52.92,40.67,55.86,0.51,46.55
26/07/22,50.0,27.5,54.0,41.5,57.0,0.53,47.5
27/07/22,67.0,36.85,72.36,55.61,76.38,0.7,63.65
28/07/22,73.0,40.15,78.84,60.59,83.22,0.77,69.35
29/07/22,81.0,44.55,87.48,67.23,92.34,0.85,76.95
30/07/22,71.0,39.05,76.68,58.93,80.94,0.75,67.45
31/07/22,74.0,40.7,79.92,61.42,84.36,0.78,70.3
01/08/22,65.0,35.75,70.2,53.95,74.1,0.68,61.75
02/08/22,63.0,34.65,68.04,52.29,71.82,0.66,59.85
03/08/22,89.0,48.95,96.12,73.87,101.46,0.93,84.55
04/08/22,61.0,33.55,65.88,50.63,69.54,0.64,57.95
05/08/22,71.0,39.05,76.68,58.93,80.94,0.75,67.45
06/08/22,50.0,27.5,54.0,41.5,57.0,0.53,47.5
07/08/22,51.0,28.05,55.08,42.33,58.14,0.54,48.45
08/08/22,48.0,26.4,51.84,39.84,54.72,0.5,45.6
09/08/22,45.0,24.75,48.6,37.35,51.3,0.47,42.75
10/08/22,46.0,25.3,49.68,38.18,52.44,0.48,43.7
11/08/22,43.0,23.65,46.44,35.69,49.02,0.45,40.85
12/08/22,46.0,25.3,49.68,38.18,52.44,0.48,43.7
13/08/22,45.0,24.75,48.6,37.35,51.3,0.47,42.75
14/08/22,68.0,37.4,73.44,56.44,77.52,0.71,64.6
15/08/22,79.0,43.45,85.32,65.57,90.06,0.83,75.05
16/08/22,80.0,44.0,86.4,66.4,91.2,0.84,76.0
17/08/22,67.0,36.85,72.36,55.61,76.38,0.7,63.65
18/08/22,55.0,30.25,59.4,45.65,62.7,0.58,52.25
19/08/22,57.0,31.35,61.56,47.31,64.98,0.6,54.15
20/08/22,55.0,30.25,59.4,45.65,62.7,0.58,52.25
21/08/22,57.0,31.35,61.56,47.31,64.98,0.6,54.15
22/08/22,58.0,31.9,62.64,48.14,66.12,0.61,55.1
23/08/22,53.0,29.15,57.24,43.99,60.42,0.56,50.35
24/08/22,53.0,29.15,57.24,43.99,60.42,0.56,50.35
25/08/22,72.0,39.6,77.76,59.76,82.08,0.76,68.4
26/08/22,64.0,35.2,69.12,53.12,72.96,0.67,60.8
27/08/22,74.0,40.7,79.92,61.42,84.36,0.78,70.3
28/08/22,71.0,39.05,76.68,58.93,80.94,0.75,67.45
29/08/22,68.0,37.4,73.44,56.44,77.52,0.71,64.6
30/08/22,88.0,48.4,95.04,73.04,100.32,0.92,83.6
31/08/22,81.0,44.55,87.48,67.23,92.34,0.85,76.95
01/09/22,64.0,35.2,69.12,53.12,72.96,0.67,60.8
02/09/22,74.0,40.7,79.92,61.42,84.36,0.78,70.3
03/09/22,80.0,44.0,86.4,66.4,91.2,0.84,76.0
04/09/22,69.0,37.95,74.52,57.27,78.66,0.72,65.55
05/09/22,60.0,33.0,64.8,49.8,68.4,0.63,57.0
06/09/22,61.0,33.55,65.88,50.63,69.54,0.64,57.95
07/09/22,69.0,37.95,74.52,57.27,78.66,0.72,65.55
08/09/22,62.0,34.1,66.96,51.46,70.68,0.65,58.9
09/09/22,72.0,39.6,77.76,59.76,82.08,0.76,68.4
10/09/22,66.0,36.3,71.28,54.78,75.24,0.69,62.7
11/09/22,71.0,39.05,76.68,58.93,80.94,0.75,67.45
12/09/22,65.0,35.75,70.2,53.95,74.1,0.68,61.75
13/09/22,62.0,34.1,66.96,51.46,70.68,0.65,58.9
14/09/22,53.0,29.15,57.24,43.99,60.42,0.56,50.35
15/09/22,51.0,28.05,55.08,42.33,58.14,0.54,48.45
16/09/22,50.0,27.5,54.0,41.5,57.0,0.53,47.5
17/09/22,46.0,25.3,49.68,38.18,52.44,0.48,43.7
18/09/22,39.0,21.45,42.12,32.37,44.46,0.41,37.05
19/09/22,46.0,25.3,49.68,38.18,52.44,0.48,43.7
20/09/22,61.0,33.55,65.88,50.63,69.54,0.64,57.95
21/09/22,54.0,29.7,58.32,44.82,61.56,0.57,51.3
22/09/22,50.0,27.5,54.0,41.5,57.0,0.53,47.5
23/09/22,60.0,33.0,64.8,49.8,68.4,0.63,57.0
24/09/22,49.0,26.95,52.92,40.67,55.86,0.51,46.55
25/09/22,54.0,29.7,58.32,44.82,61.56,0.57,51.3
26/09/22,58.0,31.9,62.64,48.14,66.12,0.61,55.1
27/09/22,67.0,36.85,72.36,55.61,76.38,0.7,63.65
28/09/22,67.0,36.85,72.36,55.61,76.38,0.7,63.65
29/09/22,70.0,38.5,75.6,58.1,79.8,0.74,66.5
30/09/22,70.0,38.5,75.6,58.1,79.8,0.74,66.5
01/10/22,78.0,42.9,84.24,64.74,88.92,0.82,74.1
02/10/22,58.0,31.9,62.64,48.14,66.12,0.61,55.1
03/10/22,58.0,31.9,62.64,48.14,66.12,0.61,55.1
04/10/22,70.0,38.5,75.6,58.1,79.8,0.74,66.5
05/10/22,75.0,41.25,81.0,62.25,85.5,0.79,71.25
06/10/22,67.0,36.85,72.36,55.61,76.38,0.7,63.65
07/10/22,70.0,38.5,75.6,58.1,79.8,0.74,66.5
08/10/22,67.0,36.85,72.36,55.61,76.38,0.7,63.65
09/10/22,64.0,35.2,69.12,53.12,72.96,0.67,60.8
10/10/22,72.0,39.6,77.76,59.76,82.08,0.76,68.4
11/10/22,67.0,36.85,72.36,55.61,76.38,0.7,63.65
12/10/22,74.0,40.7,79.92,61.42,84.36,0.78,70.3
13/10/22,80.0,44.0,86.4,66.4,91.2,0.84,76.0
14/10/22,79.0,43.45,85.32,65.57,90.06,0.83,75.05
15/10/22,82.0,45.1,88.56,68.06,93.48,0.86,77.9
16/10/22,107.0,58.85,115.56,88.81,121.98,1.12,101.65
17/10/22,99.0,54.45,106.92,82.17,112.86,1.04,94.05
18/10/22,85.0,46.75,91.8,70.55,96.9,0.89,80.75
19/10/22,80.0,44.0,86.4,66.4,91.2,0.84,76.0
20/10/22,87.0,47.85,93.96,72.21,99.18,0.91,82.65
21/10/22,100.0,55.0,108.0,83.0,114.0,1.05,95.0
22/10/22,82.0,45.1,88.56,68.06,93.48,0.86,77.9
23/10/22,123.0,67.65,132.84,102.09,140.22,1.29,116.85
24/10/22,136.0,74.8,146.88,112.88,155.04,1.43,129.2
25/10/22,213.0,117.15,230.04,176.79,242.82,2.24,202.35
26/10/22,159.0,87.45,171.72,131.97,181.26,1.67,151.05
27/10/22,163.0,89.65,176.04,135.29,185.82,1.71,154.85
28/10/22,151.0,83.05,163.08,125.33,172.14,1.59,143.45
29/10/22,144.0,79.2,155.52,119.52,164.16,1.51,136.8
30/10/22,127.0,69.85,137.16,105.41,144.78,1.33,120.65
31/10/22,130.0,71.5,140.4,107.9,148.2,1.37,123.5
01/11/22,152.0,83.6,164.16,126.16,173.28,1.6,144.4
02/11/22,169.0,92.95,182.52,140.27,192.66,1.77,160.55
03/11/22,141.0,77.55,152.28,117.03,160.74,1.48,133.95
04/11/22,145.0,79.75,156.6,120.35,165.3,1.52,137.75
05/11/22,159.0,87.45,171.72,131.97,181.26,1.67,151.05
06/11/22,158.0,86.9,170.64,131.14,180.12,1.66,150.1
07/11/22,146.0,80.3,157.68,121.18,166.44,1.53,138.7
08/11/22,168.0,92.4,181.44,139.44,191.52,1.76,159.6
09/11/22,192.0,105.6,207.36,159.36,218.88,2.02,182.4
10/11/22,179.0,98.45,193.32,148.57,204.06,1.88,170.05
11/11/22,158.0,86.9,170.64,131.14,180.12,1.66,150.1
12/11/22,156.0,85.8,168.48,129.48,177.84,1.64,148.2
13/11/22,161.0,88.55,173.88,133.63,183.54,1.69,152.95
14/11/22,178.0,97.9,192.24,147.74,202.92,1.87,169.1
15/11/22,220.0,121.0,237.6,182.6,250.8,2.31,209.0
16/11/22,190.0,104.5,205.2,157.7,216.6,2.0,180.5
17/11/22,167.0,91.85,180.36,138.61,190.38,1.75,158.65
18/11/22,128.0,70.4,138.24,106.24,145.92,1.34,121.6
19/11/22,134.0,73.7,144.72,111.22,152.76,1.41,127.3
20/11/22,143.0,78.65,154.44,118.69,163.02,1.5,135.85
21/11/22,138.0,75.9,149.04,114.54,157.32,1.45,131.1
22/11/22,173.0,95.15,186.84,143.59,197.22,1.82,164.35
23/11/22,195.0,107.25,210.6,161.85,222.3,2.05,185.25
24/11/22,211.0,116.05,227.88,175.13,240.54,2.22,200.45
25/11/22,231.0,127.05,249.48,191.73,263.34,2.43,219.45
26/11/22,243.0,133.65,262.44,201.69,277.02,2.55,230.85
27/11/22,238.0,130.9,257.04,197.54,271.32,2.5,226.1
28/11/22,167.0,91.85,180.36,138.61,190.38,1.75,158.65
29/11/22,158.0,86.9,170.64,131.14,180.12,1.66,150.1
30/11/22,198.0,108.9,213.84,164.34,225.72,2.08,188.1
01/12/22,213.0,117.15,230.04,176.79,242.82,2.24,202.35
02/12/22,216.0,118.8,233.28,179.28,246.24,2.27,205.2
03/12/22,219.0,120.45,236.52,181.77,249.66,2.3,208.05
04/12/22,249.0,136.95,268.92,206.67,283.86,2.61,236.55
05/12/22,272.0,149.6,293.76,225.76,310.08,2.86,258.4
06/12/22,275.0,151.25,297.0,228.25,313.5,2.89,261.25
07/12/22,271.0,149.05,292.68,224.93,308.94,2.85,257.45
08/12/22,255.0,140.25,275.4,211.65,290.7,2.68,242.25
09/12/22,190.0,104.5,205.2,157.7,216.6,2.0,180.5
10/12/22,170.0,93.5,183.6,141.1,193.8,1.79,161.5
11/12/22,198.0,108.9,213.84,164.34,225.72,2.08,188.1
12/12/22,168.0,92.4,181.44,139.44,191.52,1.76,159.6
13/12/22,169.0,92.95,182.52,140.27,192.66,1.77,160.55
14/12/22,127.0,69.85,137.16,105.41,144.78,1.33,120.65
15/12/22,117.0,64.35,126.36,97.11,133.38,1.23,111.15
16/12/22,142.0,78.1,153.36,117.86,161.88,1.49,134.9
17/12/22,152.0,83.6,164.16,126.16,173.28,1.6,144.4
18/12/22,165.0,90.75,178.2,136.95,188.1,1.73,156.75
19/12/22,138.0,75.9,149.04,114.54,157.32,1.45,131.1
20/12/22,161.0,88.55,173.88,133.63,183.54,1.69,152.95
21/12/22,189.0,103.95,204.12,156.87,215.46,1.98,179.55
22/12/22,242.0,133.1,261.36,200.86,275.88,2.54,229.9
23/12/22,238.0,130.9,257.04,197.54,271.32,2.5,226.1
24/12/22,175.0,96.25,189.0,145.25,199.5,1.84,166.25
25/12/22,186.0,102.3,200.88,154.38,212.04,1.95,176.7
26/12/22,198.0,108.9,213.84,164.34,225.72,2.08,188.1
27/12/22,241.0,132.55,260.28,200.03,274.74,2.53,228.95
28/12/22,240.0,132.0,259.2,199.2,273.6,2.52,228.0
29/12/22,238.0,130.9,257.04,197.54,271.32,2.5,226.1
30/12/22,229.0,125.95,247.32,190.07,261.06,2.4,217.55
31/12/22,222.0,122.1,239.76,184.26,253.08,2.33,210.9
01/01/23,147.0,80.85,158.76,122.01,167.58,1.54,139.65
02/01/23,188.0,103.4,203.04,156.04,214.32,1.97,178.6
03/01/23,214.0,117.7,231.12,177.62,243.96,2.25,203.3
04/01/23,204.0,112.2,220.32,169.32,232.56,2.14,193.8
05/01/23,223.0,122.65,240.84,185.09,254.22,2.34,211.85
06/01/23,255.0,140.25,275.4,211.65,290.7,2.68,242.25
07/01/23,204.0,112.2,220.32,169.32,232.56,2.14,193.8
08/01/23,198.0,108.9,213.84,164.34,225.72,2.08,188.1
09/01/23,137.0,75.35,147.96,113.71,156.18,1.44,130.15
10/01/23,158.0,86.9,170.64,131.14,180.12,1.66,150.1
11/01/23,213.0,117.15,230.04,176.79,242.82,2.24,202.35
12/01/23,196.0,107.8,211.68,162.68,223.44,2.06,186.2
13/01/23,134.0,73.7,144.72,111.22,152.76,1.41,127.3
14/01/23,240.0,132.0,259.2,199.2,273.6,2.52,228.0
15/01/23,198.0,108.9,213.84,164.34,225.72,2.08,188.1
16/01/23,214.0,117.7,231.12,177.62,243.96,2.25,203.3
17/01/23,236.0,129.8,254.88,195.88,269.04,2.48,224.2
18/01/23,264.0,145.2,285.12,219.12,300.96,2.77,250.8
19/01/23,256.0,140.8,276.48,212.48,291.84,2.69,243.2
20/01/23,231.0,127.05,249.48,191.73,263.34,2.43,219.45
21/01/23,175.0,96.25,189.0,145.25,199.5,1.84,166.25
22/01/23,168.0,92.4,181.44,139.44,191.52,1.76,159.6
23/01/23,170.0,93.5,183.6,141.1,193.8,1.79,161.5
24/01/23,175.0,96.25,189.0,145.25,199.5,1.84,166.25
25/01/23,209.0,114.95,225.72,173.47,238.26,2.19,198.55
26/01/23,232.0,127.6,250.56,192.56,264.48,2.44,220.4
27/01/23,254.0,139.7,274.32,210.82,289.56,2.67,241.3
28/01/23,244.0,134.2,263.52,202.52,278.16,2.56,231.8
29/01/23,176.0,96.8,190.08,146.08,200.64,1.85,167.2
30/01/23,154.0,84.7,166.32,127.82,175.56,1.62,146.3
31/01/23,225.0,123.75,243.0,186.75,256.5,2.36,213.75
01/02/23,227.0,124.85,245.16,188.41,258.78,2.38,215.65
02/02/23,180.0,99.0,194.4,149.4,205.2,1.89,171.0
03/02/23,198.0,108.9,213.84,164.34,225.72,2.08,188.1
04/02/23,201.0,110.55,217.08,166.83,229.14,2.11,190.95
05/02/23,226.0,124.3,244.08,187.58,257.64,2.37,214.7
06/02/23,185.0,101.75,199.8,153.55,210.9,1.94,175.75
07/02/23,177.0,97.35,191.16,146.91,201.78,1.86,168.15
08/02/23,233.0,128.15,251.64,193.39,265.62,2.45,221.35
09/02/23,236.0,129.8,254.88,195.88,269.04,2.48,224.2
10/02/23,200.0,110.0,216.0,166.0,228.0,2.1,190.0
11/02/23,172.0,94.6,185.76,142.76,196.08,1.81,163.4
12/02/23,165.0,90.75,178.2,136.95,188.1,1.73,156.75
13/02/23,146.0,80.3,157.68,121.18,166.44,1.53,138.7
14/02/23,203.0,111.65,219.24,168.49,231.42,2.13,192.85
15/02/23,224.0,123.2,241.92,185.92,255.36,2.35,212.8
16/02/23,199.0,109.45,214.92,165.17,226.86,2.09,189.05
17/02/23,201.0,110.55,217.08,166.83,229.14,2.11,190.95
18/02/23,185.0,101.75,199.8,153.55,210.9,1.94,175.75
19/02/23,191.0,105.05,206.28,158.53,217.74,2.01,181.45
20/02/23,183.0,100.65,197.64,151.89,208.62,1.92,173.85
21/02/23,201.0,110.55,217.08,166.83,229.14,2.11,190.95
22/02/23,123.0,67.65,132.84,102.09,140.22,1.29,116.85
23/02/23,172.0,94.6,185.76,142.76,196.08,1.81,163.4
24/02/23,219.0,120.45,236.52,181.77,249.66,2.3,208.05
25/02/23,197.0,108.35,212.76,163.51,224.58,2.07,187.15
26/02/23,208.0,114.4,224.64,172.64,237.12,2.18,197.6
27/02/23,194.0,106.7,209.52,161.02,221.16,2.04,184.3
28/02/23,188.0,103.4,203.04,156.04,214.32,1.97,178.6
01/03/23,174.0,95.7,187.92,144.42,198.36,1.83,165.3
02/03/23,205.0,112.75,221.4,170.15,233.7,2.15,194.75
03/03/23,262.0,144.1,282.96,217.46,298.68,2.75,248.9
04/03/23,281.0,154.55,303.48,233.23,320.34,2.95,266.95
05/03/23,260.0,143.0,280.8,215.8,296.4,2.73,247.0
06/03/23,246.0,135.3,265.68,204.18,280.44,2.58,233.7
07/03/23,139.0,76.45,150.12,115.37,158.46,1.46,132.05
08/03/23,136.0,74.8,146.88,112.88,155.04,1.43,129.2
09/03/23,156.0,85.8,168.48,129.48,177.84,1.64,148.2
10/03/23,145.0,79.75,156.6,120.35,165.3,1.52,137.75
11/03/23,163.0,89.65,176.04,135.29,185.82,1.71,154.85
12/03/23,186.0,102.3,200.88,154.38,212.04,1.95,176.7
13/03/23,213.0,117.15,230.04,176.79,242.82,2.24,202.35
14/03/23,199.0,109.45,214.92,165.17,226.86,2.09,189.05
15/03/23,165.0,90.75,178.2,136.95,188.1,1.73,156.75
16/03/23,146.0,80.3,157.68,121.18,166.44,1.53,138.7
17/03/23,117.0,64.35,126.36,97.11,133.38,1.23,111.15
18/03/23,118.0,64.9,127.44,97.94,134.52,1.24,112.1
19/03/23,97.0,53.35,104.76,80.51,110.58,1.02,92.15
20/03/23,90.0,49.5,97.2,74.7,102.6,0.95,85.5
21/03/23,91.0,50.05,98.28,75.53,103.74,0.96,86.45
22/03/23,96.0,52.8,103.68,79.68,109.44,1.01,91.2
23/03/23,86.0,47.3,92.88,71.38,98.04,0.9,81.7
24/03/23,73.0,40.15,78.84,60.59,83.22,0.77,69.35
25/03/23,88.0,48.4,95.04,73.04,100.32,0.92,83.6
26/03/23,98.0,53.9,105.84,81.34,111.72,1.03,93.1
27/03/23,97.0,53.35,104.76,80.51,110.58,1.02,92.15
28/03/23,117.0,64.35,126.36,97.11,133.38,1.23,111.15
29/03/23,125.0,68.75,135.0,103.75,142.5,1.31,118.75
30/03/23,106.0,58.3,114.48,87.98,120.84,1.11,100.7
31/03/23,82.0,45.1,88.56,68.06,93.48,0.86,77.9
01/04/23,108.0,59.4,116.64,89.64,123.12,1.13,102.6
02/04/23,93.0,51.15,100.44,77.19,106.02,0.98,88.35
03/04/23,86.0,47.3,92.88,71.38,98.04,0.9,81.7
04/04/23,86.0,47.3,92.88,71.38,98.04,0.9,81.7
05/04/23,87.0,47.85,93.96,72.21,99.18,0.91,82.65
06/04/23,99.0,54.45,106.92,82.17,112.86,1.04,94.05
07/04/23,149.0,81.95,160.92,123.67,169.86,1.56,141.55
08/04/23,182.0,100.1,196.56,151.06,207.48,1.91,172.9
09/04/23,156.0,85.8,168.48,129.48,177.84,1.64,148.2
10/04/23,132.0,72.6,142.56,109.56,150.48,1.39,125.4
11/04/23,112.0,61.6,120.96,92.96,127.68,1.18,106.4
12/04/23,134.0,73.7,144.72,111.22,152.76,1.41,127.3
13/04/23,130.0,71.5,140.4,107.9,148.2,1.37,123.5
14/04/23,126.0,69.3,136.08,104.58,143.64,1.32,119.7
15/04/23,110.0,60.5,118.8,91.3,125.4,1.16,104.5
16/04/23,100.0,55.0,108.0,83.0,114.0,1.05,95.0
17/04/23,95.0,52.25,102.6,78.85,108.3,1.0,90.25
18/04/23,103.0,56.65,111.24,85.49,117.42,1.08,97.85
19/04/23,125.0,68.75,135.0,103.75,142.5,1.31,118.75
20/04/23,106.0,58.3,114.48,87.98,120.84,1.11,100.7
21/04/23,79.0,43.45,85.32,65.57,90.06,0.83,75.05
22/04/23,74.0,40.7,79.92,61.42,84.36,0.78,70.3
23/04/23,86.0,47.3,92.88,71.38,98.04,0.9,81.7
24/04/23,77.0,42.35,83.16,63.91,87.78,0.81,73.15
25/04/23,101.0,55.55,109.08,83.83,115.14,1.06,95.95
26/04/23,94.0,51.7,101.52,78.02,107.16,0.99,89.3
27/04/23,92.0,50.6,99.36,76.36,104.88,0.97,87.4
28/04/23,71.0,39.05,76.68,58.93,80.94,0.75,67.45
29/04/23,81.0,44.55,87.48,67.23,92.34,0.85,76.95
30/04/23,81.0,44.55,87.48,67.23,92.34,0.85,76.95
01/05/23,74.0,40.7,79.92,61.42,84.36,0.78,70.3
02/05/23,78.0,42.9,84.24,64.74,88.92,0.82,74.1
03/05/23,80.0,44.0,86.4,66.4,91.2,0.84,76.0
04/05/23,76.0,41.8,82.08,63.08,86.64,0.8,72.2
05/05/23,75.0,41.25,81.0,62.25,85.5,0.79,71.25
06/05/23,74.0,40.7,79.92,61.42,84.36,0.78,70.3
07/05/23,84.0,46.2,90.72,69.72,95.76,0.88,79.8
08/05/23,82.0,45.1,88.56,68.06,93.48,0.86,77.9
09/05/23,91.0,50.05,98.28,75.53,103.74,0.96,86.45
10/05/23,112.0,61.6,120.96,92.96,127.68,1.18,106.4
11/05/23,121.0,66.55,130.68,100.43,137.94,1.27,114.95
12/05/23,120.0,66.0,129.6,99.6,136.8,1.26,114.0
13/05/23,99.0,54.45,106.92,82.17,112.86,1.04,94.05
14/05/23,52.0,28.6,56.16,43.16,59.28,0.55,49.4
15/05/23,68.0,37.4,73.44,56.44,77.52,0.71,64.6
16/05/23,67.0,36.85,72.36,55.61,76.38,0.7,63.65
17/05/23,69.0,37.95,74.52,57.27,78.66,0.72,65.55
18/05/23,75.0,41.25,81.0,62.25,85.5,0.79,71.25
19/05/23,76.0,41.8,82.08,63.08,86.64,0.8,72.2
20/05/23,80.0,44.0,86.4,66.4,91.2,0.84,76.0
21/05/23,73.0,40.15,78.84,60.59,83.22,0.77,69.35
22/05/23,70.0,38.5,75.6,58.1,79.8,0.74,66.5
23/05/23,79.0,43.45,85.32,65.57,90.06,0.83,75.05
24/05/23,69.0,37.95,74.52,57.27,78.66,0.72,65.55
25/05/23,68.0,37.4,73.44,56.44,77.52,0.71,64.6
26/05/23,67.0,36.85,72.36,55.61,76.38,0.7,63.65
27/05/23,73.0,40.15,78.84,60.59,83.22,0.77,69.35
28/05/23,75.0,41.25,81.0,62.25,85.5,0.79,71.25
29/05/23,78.0,42.9,84.24,64.74,88.92,0.82,74.1
30/05/23,80.0,44.0,86.4,66.4,91.2,0.84,76.0
31/05/23,97.0,53.35,104.76,80.51,110.58,1.02,92.15
01/06/23,89.0,48.95,96.12,73.87,101.46,0.93,84.55
02/06/23,84.0,46.2,90.72,69.72,95.76,0.88,79.8
03/06/23,74.0,40.7,79.92,61.42,84.36,0.78,70.3
04/06/23,72.0,39.6,77.76,59.76,82.08,0.76,68.4
05/06/23,73.0,40.15,78.84,60.59,83.22,0.77,69.35
06/06/23,81.0,44.55,87.48,67.23,92.34,0.85,76.95
07/06/23,87.0,47.85,93.96,72.21,99.18,0.91,82.65
08/06/23,89.0,48.95,96.12,73.87,101.46,0.93,84.55
09/06/23,81.0,44.55,87.48,67.23,92.34,0.85,76.95
10/06/23,85.0,46.75,91.8,70.55,96.9,0.89,80.75
11/06/23,85.0,46.75,91.8,70.55,96.9,0.89,80.75
12/06/23,90.0,49.5,97.2,74.7,102.6,0.95,85.5
13/06/23,83.0,45.65,89.64,68.89,94.62,0.87,78.85
14/06/23,78.0,42.9,84.24,64.74,88.92,0.82,74.1
15/06/23,83.0,45.65,89.64,68.89,94.62,0.87,78.85
16/06/23,84.0,46.2,90.72,69.72,95.76,0.88,79.8
17/06/23,89.0,48.95,96.12,73.87,101.46,0.93,84.55
18/06/23,98.0,53.9,105.84,81.34,111.72,1.03,93.1
19/06/23,92.0,50.6,99.36,76.36,104.88,0.97,87.4
20/06/23,93.0,51.15,100.44,77.19,106.02,0.98,88.35
21/06/23,100.0,55.0,108.0,83.0,114.0,1.05,95.0
22/06/23,97.0,53.35,104.76,80.51,110.58,1.02,92.15
23/06/23,77.0,42.35,83.16,63.91,87.78,0.81,73.15
24/06/23,73.0,40.15,78.84,60.59,83.22,0.77,69.35
25/06/23,61.0,33.55,65.88,50.63,69.54,0.64,57.95
26/06/23,73.0,40.15,78.84,60.59,83.22,0.77,69.35
27/06/23,58.0,31.9,62.64,48.14,66.12,0.61,55.1
28/06/23,61.0,33.55,65.88,50.63,69.54,0.64,57.95
29/06/23,53.0,29.15,57.24,43.99,60.42,0.56,50.35
30/06/23,56.0,30.8,60.48,46.48,63.84,0.59,53.2
01/07/23,67.0,36.85,72.36,55.61,76.38,0.7,63.65
02/07/23,54.0,29.7,58.32,44.82,61.56,0.57,51.3
03/07/23,62.0,34.1,66.96,51.46,70.68,0.65,58.9
04/07/23,65.0,35.75,70.2,53.95,74.1,0.68,61.75
05/07/23,65.0,35.75,70.2,53.95,74.1,0.68,61.75
06/07/23,51.0,28.05,55.08,42.33,58.14,0.54,48.45
07/07/23,54.0,29.7,58.32,44.82,61.56,0.57,51.3
08/07/23,91.0,50.05,98.28,75.53,103.74,0.96,86.45
09/07/23,70.0,38.5,75.6,58.1,79.8,0.74,66.5
10/07/23,65.0,35.75,70.2,53.95,74.1,0.68,61.75
11/07/23,73.0,40.15,78.84,60.59,83.22,0.77,69.35
12/07/23,77.0,42.35,83.16,63.91,87.78,0.81,73.15
13/07/23,108.0,59.4,116.64,89.64,123.12,1.13,102.6
14/07/23,87.0,47.85,93.96,72.21,99.18,0.91,82.65
15/07/23,82.0,45.1,88.56,68.06,93.48,0.86,77.9
16/07/23,87.0,47.85,93.96,72.21,99.18,0.91,82.65
17/07/23,83.0,45.65,89.64,68.89,94.62,0.87,78.85
18/07/23,80.0,44.0,86.4,66.4,91.2,0.84,76.0
19/07/23,86.0,47.3,92.88,71.38,98.04,0.9,81.7
20/07/23,86.0,47.3,92.88,71.38,98.04,0.9,81.7
21/07/23,87.0,47.85,93.96,72.21,99.18,0.91,82.65
22/07/23,88.0,48.4,95.04,73.04,100.32,0.92,83.6
23/07/23,88.0,48.4,95.04,73.04,100.32,0.92,83.6
24/07/23,87.0,47.85,93.96,72.21,99.18,0.91,82.65
25/07/23,81.0,44.55,87.48,67.23,92.34,0.85,76.95
26/07/23,48.0,26.4,51.84,39.84,54.72,0.5,45.6
27/07/23,45.0,24.75,48.6,37.35,51.3,0.47,42.75
28/07/23,49.0,26.95,52.92,40.67,55.86,0.51,46.55
29/07/23,51.0,28.05,55.08,42.33,58.14,0.54,48.45
30/07/23,52.0,28.6,56.16,43.16,59.28,0.55,49.4
31/07/23,53.0,29.15,57.24,43.99,60.42,0.56,50.35
01/08/23,54.0,29.7,58.32,44.82,61.56,0.57,51.3
02/08/23,58.0,31.9,62.64,48.14,66.12,0.61,55.1
03/08/23,62.0,34.1,66.96,51.46,70.68,0.65,58.9
04/08/23,73.0,40.15,78.84,60.59,83.22,0.77,69.35
05/08/23,62.0,34.1,66.96,51.46,70.68,0.65,58.9
06/08/23,68.0,37.4,73.44,56.44,77.52,0.71,64.6
07/08/23,70.0,38.5,75.6,58.1,79.8,0.74,66.5
08/08/23,71.0,39.05,76.68,58.93,80.94,0.75,67.45
09/08/23,78.0,42.9,84.24,64.74,88.92,0.82,74.1
10/08/23,65.0,35.75,70.2,53.95,74.1,0.68,61.75
11/08/23,61.0,33.55,65.88,50.63,69.54,0.64,57.95
12/08/23,65.0,35.75,70.2,53.95,74.1,0.68,61.75
13/08/23,68.0,37.4,73.44,56.44,77.52,0.71,64.6
14/08/23,67.0,36.85,72.36,55.61,76.38,0.7,63.65
15/08/23,62.0,34.1,66.96,51.46,70.68,0.65,58.9
16/08/23,56.0,30.8,60.48,46.48,63.84,0.59,53.2
17/08/23,55.0,30.25,59.4,45.65,62.7,0.58,52.25
18/08/23,55.0,30.25,59.4,45.65,62.7,0.58,52.25
19/08/23,50.0,27.5,54.0,41.5,57.0,0.53,47.5
20/08/23,53.0,29.15,57.24,43.99,60.42,0.56,50.35
21/08/23,51.0,28.05,55.08,42.33,58.14,0.54,48.45
22/08/23,50.0,27.5,54.0,41.5,57.0,0.53,47.5
23/08/23,52.0,28.6,56.16,43.16,59.28,0.55,49.4
24/08/23,53.0,29.15,57.24,43.99,60.42,0.56,50.35
25/08/23,54.0,29.7,58.32,44.82,61.56,0.57,51.3
26/08/23,61.0,33.55,65.88,50.63,69.54,0.64,57.95
27/08/23,60.0,33.0,64.8,49.8,68.4,0.63,57.0
28/08/23,56.0,30.8,60.48,46.48,63.84,0.59,53.2
29/08/23,64.0,35.2,69.12,53.12,72.96,0.67,60.8
30/08/23,87.0,47.85,93.96,72.21,99.18,0.91,82.65
31/08/23,91.0,50.05,98.28,75.53,103.74,0.96,86.45
01/09/23,84.0,46.2,90.72,69.72,95.76,0.88,79.8
02/09/23,81.0,44.55,87.48,67.23,92.34,0.85,76.95
03/09/23,80.0,44.0,86.4,66.4,91.2,0.84,76.0
04/09/23,86.0,47.3,92.88,71.38,98.04,0.9,81.7
05/09/23,81.0,44.55,87.48,67.23,92.34,0.85,76.95
06/09/23,78.0,42.9,84.24,64.74,88.92,0.82,74.1
07/09/23,71.0,39.05,76.68,58.93,80.94,0.75,67.45
08/09/23,65.0,35.75,70.2,53.95,74.1,0.68,61.75
09/09/23,61.0,33.55,65.88,50.63,69.54,0.64,57.95
10/09/23,54.0,29.7,58.32,44.82,61.56,0.57,51.3
11/09/23,54.0,29.7,58.32,44.82,61.56,0.57,51.3
12/09/23,59.0,32.45,63.72,48.97,67.26,0.62,56.05
13/09/23,58.0,31.9,62.64,48.14,66.12,0.61,55.1
14/09/23,63.0,34.65,68.04,52.29,71.82,0.66,59.85
15/09/23,65.0,35.75,70.2,53.95,74.1,0.68,61.75
16/09/23,60.0,33.0,64.8,49.8,68.4,0.63,57.0
17/09/23,57.0,31.35,61.56,47.31,64.98,0.6,54.15
18/09/23,58.0,31.9,62.64,48.14,66.12,0.61,55.1
19/09/23,53.0,29.15,57.24,43.99,60.42,0.56,50.35
20/09/23,51.0,28.05,55.08,42.33,58.14,0.54,48.45
21/09/23,59.0,32.45,63.72,48.97,67.26,0.62,56.05
22/09/23,59.0,32.45,63.72,48.97,67.26,0.62,56.05
23/09/23,58.0,31.9,62.64,48.14,66.12,0.61,55.1
24/09/23,53.0,29.15,57.24,43.99,60.42,0.56,50.35
25/09/23,59.0,32.45,63.72,48.97,67.26,0.62,56.05
26/09/23,67.0,36.85,72.36,55.61,76.38,0.7,63.65
27/09/23,68.0,37.4,73.44,56.44,77.52,0.71,64.6
28/09/23,77.0,42.35,83.16,63.91,87.78,0.81,73.15
29/09/23,94.0,51.7,101.52,78.02,107.16,0.99,89.3
30/09/23,72.0,39.6,77.76,59.76,82.08,0.76,68.4
01/10/23,87.0,47.85,93.96,72.21,99.18,0.91,82.65
02/10/23,97.0,53.35,104.76,80.51,110.58,1.02,92.15
03/10/23,116.0,63.8,125.28,96.28,132.24,1.22,110.2
04/10/23,121.0,66.55,130.68,100.43,137.94,1.27,114.95
05/10/23,120.0,66.0,129.6,99.6,136.8,1.26,114.0
06/10/23,131.0,72.05,141.48,108.73,149.34,1.38,124.45
07/10/23,120.0,66.0,129.6,99.6,136.8,1.26,114.0
08/10/23,110.0,60.5,118.8,91.3,125.4,1.16,104.5
09/10/23,144.0,79.2,155.52,119.52,164.16,1.51,136.8
10/10/23,109.0,59.95,117.72,90.47,124.26,1.14,103.55
11/10/23,88.0,48.4,95.04,73.04,100.32,0.92,83.6
12/10/23,100.0,55.0,108.0,83.0,114.0,1.05,95.0
13/10/23,159.0,87.45,171.72,131.97,181.26,1.67,151.05
14/10/23,177.0,97.35,191.16,146.91,201.78,1.86,168.15
15/10/23,150.0,82.5,162.0,124.5,171.0,1.58,142.5
16/10/23,185.0,101.75,199.8,153.55,210.9,1.94,175.75
17/10/23,189.0,103.95,204.12,156.87,215.46,1.98,179.55
18/10/23,199.0,109.45,214.92,165.17,226.86,2.09,189.05
19/10/23,156.0,85.8,168.48,129.48,177.84,1.64,148.2
20/10/23,185.0,101.75,199.8,153.55,210.9,1.94,175.75
21/10/23,155.0,85.25,167.4,128.65,176.7,1.63,147.25
22/10/23,172.0,94.6,185.76,142.76,196.08,1.81,163.4
23/10/23,177.0,97.35,191.16,146.91,201.78,1.86,168.15
24/10/23,182.0,100.1,196.56,151.06,207.48,1.91,172.9
25/10/23,157.0,86.35,169.56,130.31,178.98,1.65,149.15
26/10/23,157.0,86.35,169.56,130.31,178.98,1.65,149.15
27/10/23,139.0,76.45,150.12,115.37,158.46,1.46,132.05
28/10/23,153.0,84.15,165.24,126.99,174.42,1.61,145.35
29/10/23,152.0,83.6,164.16,126.16,173.28,1.6,144.4
30/10/23,157.0,86.35,169.56,130.31,178.98,1.65,149.15
31/10/23,168.0,92.4,181.44,139.44,191.52,1.76,159.6
01/11/23,175.0,96.25,189.0,145.25,199.5,1.84,166.25
02/11/23,169.0,92.95,182.52,140.27,192.66,1.77,160.55
03/11/23,178.0,97.9,192.24,147.74,202.92,1.87,169.1
04/11/23,180.0,99.0,194.4,149.4,205.2,1.89,171.0
05/11/23,198.0,108.9,213.84,164.34,225.72,2.08,188.1
06/11/23,198.0,108.9,213.84,164.34,225.72,2.08,188.1
07/11/23,186.0,102.3,200.88,154.38,212.04,1.95,176.7
08/11/23,131.0,72.05,141.48,108.73,149.34,1.38,124.45
09/11/23,111.0,61.05,119.88,92.13,126.54,1.17,105.45
10/11/23,87.0,47.85,93.96,72.21,99.18,0.91,82.65
11/11/23,90.0,49.5,97.2,74.7,102.6,0.95,85.5
12/11/23,154.0,84.7,166.32,127.82,175.56,1.62,146.3
13/11/23,193.0,106.15,208.44,160.19,220.02,2.03,183.35
14/11/23,168.0,92.4,181.44,139.44,191.52,1.76,159.6
15/11/23,201.0,110.55,217.08,166.83,229.14,2.11,190.95
16/11/23,168.0,92.4,181.44,139.44,191.52,1.76,159.6
17/11/23,140.0,77.0,151.2,116.2,159.6,1.47,133.0
18/11/23,162.0,89.1,174.96,134.46,184.68,1.7,153.9
19/11/23,159.0,87.45,171.72,131.97,181.26,1.67,151.05
20/11/23,115.0,63.25,124.2,95.45,131.1,1.21,109.25
21/11/23,132.0,72.6,142.56,109.56,150.48,1.39,125.4
22/11/23,123.0,67.65,132.84,102.09,140.22,1.29,116.85
23/11/23,137.0,75.35,147.96,113.71,156.18,1.44,130.15
24/11/23,152.0,83.6,164.16,126.16,173.28,1.6,144.4
25/11/23,124.0,68.2,133.92,102.92,141.36,1.3,117.8
26/11/23,98.0,53.9,105.84,81.34,111.72,1.03,93.1
27/11/23,59.0,32.45,63.72,48.97,67.26,0.62,56.05
28/11/23,61.0,33.55,65.88,50.63,69.54,0.64,57.95
29/11/23,94.0,51.7,101.52,78.02,107.16,0.99,89.3
30/11/23,102.0,56.1,110.16,84.66,116.28,1.07,96.9
01/12/23,127.0,69.85,137.16,105.41,144.78,1.33,120.65
02/12/23,138.0,75.9,149.04,114.54,157.32,1.45,131.1
03/12/23,144.0,79.2,155.52,119.52,164.16,1.51,136.8
04/12/23,128.0,70.4,138.24,106.24,145.92,1.34,121.6
05/12/23,136.0,74.8,146.88,112.88,155.04,1.43,129.2
06/12/23,154.0,84.7,166.32,127.82,175.56,1.62,146.3
07/12/23,125.0,68.75,135.0,103.75,142.5,1.31,118.75
08/12/23,117.0,64.35,126.36,97.11,133.38,1.23,111.15
09/12/23,114.0,62.7,123.12,94.62,129.96,1.2,108.3
10/12/23,114.0,62.7,123.12,94.62,129.96,1.2,108.3
11/12/23,108.0,59.4,116.64,89.64,123.12,1.13,102.6
12/12/23,114.0,62.7,123.12,94.62,129.96,1.2,108.3
13/12/23,115.0,63.25,124.2,95.45,131.1,1.21,109.25
14/12/23,134.0,73.7,144.72,111.22,152.76,1.41,127.3
15/12/23,139.0,76.45,150.12,115.37,158.46,1.46,132.05
16/12/23,133.0,73.15,143.64,110.39,151.62,1.4,126.35
17/12/23,126.0,69.3,136.08,104.58,143.64,1.32,119.7
18/12/23,136.0,74.8,146.88,112.88,155.04,1.43,129.2
19/12/23,138.0,75.9,149.04,114.54,157.32,1.45,131.1
20/12/23,134.0,73.7,144.72,111.22,152.76,1.41,127.3
21/12/23,157.0,86.35,169.56,130.31,178.98,1.65,149.15
22/12/23,189.0,103.95,204.12,156.87,215.46,1.98,179.55
23/12/23,190.0,104.5,205.2,157.7,216.6,2.0,180.5
24/12/23,166.0,91.3,179.28,137.78,189.24,1.74,157.7
25/12/23,155.0,85.25,167.4,128.65,176.7,1.63,147.25
26/12/23,178.0,97.9,192.24,147.74,202.92,1.87,169.1
27/12/23,174.0,95.7,187.92,144.42,198.36,1.83,165.3
28/12/23,194.0,106.7,209.52,161.02,221.16,2.04,184.3
29/12/23,181.0,99.55,195.48,150.23,206.34,1.9,171.95
30/12/23,161.0,88.55,173.88,133.63,183.54,1.69,152.95
31/12/23,143.0,78.65,154.44,118.69,163.02,1.5,135.85
01/01/24,132.0,72.6,142.56,109.56,150.48,1.39,125.4
02/01/24,133.0,73.15,143.64,110.39,151.62,1.4,126.35
03/01/24,117.0,64.35,126.36,97.11,133.38,1.23,111.15
04/01/24,129.0,70.95,139.32,107.07,147.06,1.35,122.55
05/01/24,123.0,67.65,132.84,102.09,140.22,1.29,116.85
06/01/24,128.0,70.4,138.24,106.24,145.92,1.34,121.6
07/01/24,124.0,68.2,133.92,102.92,141.36,1.3,117.8
08/01/24,97.0,53.35,104.76,80.51,110.58,1.02,92.15
09/01/24,115.0,63.25,124.2,95.45,131.1,1.21,109.25
10/01/24,82.0,45.1,88.56,68.06,93.48,0.86,77.9
11/01/24,128.0,70.4,138.24,106.24,145.92,1.34,121.6
12/01/24,146.0,80.3,157.68,121.18,166.44,1.53,138.7
13/01/24,135.0,74.25,145.8,112.05,153.9,1.42,128.25
14/01/24,111.0,61.05,119.88,92.13,126.54,1.17,105.45
15/01/24,76.0,41.8,82.08,63.08,86.64,0.8,72.2
16/01/24,74.0,40.7,79.92,61.42,84.36,0.78,70.3
17/01/24,101.0,55.55,109.08,83.83,115.14,1.06,95.95
18/01/24,100.0,55.0,108.0,83.0,114.0,1.05,95.0
19/01/24,110.0,60.5,118.8,91.3,125.4,1.16,104.5
20/01/24,151.0,83.05,163.08,125.33,172.14,1.59,143.45
21/01/24,103.0,56.65,111.24,85.49,117.42,1.08,97.85
22/01/24,128.0,70.4,138.24,106.24,145.92,1.34,121.6
23/01/24,116.0,63.8,125.28,96.28,132.24,1.22,110.2
24/01/24,100.0,55.0,108.0,83.0,114.0,1.05,95.0
25/01/24,107.0,58.85,115.56,88.81,121.98,1.12,101.65
26/01/24,144.0,79.2,155.52,119.52,164.16,1.51,136.8
27/01/24,123.0,67.65,132.84,102.09,140.22,1.29,116.85
28/01/24,121.0,66.55,130.68,100.43,137.94,1.27,114.95
29/01/24,116.0,63.8,125.28,96.28,132.24,1.22,110.2
30/01/24,114.0,62.7,123.12,94.62,129.96,1.2,108.3
31/01/24,120.0,66.0,129.6,99.6,136.8,1.26,114.0
01/02/24,93.0,51.15,100.44,77.19,106.02,0.98,88.35
02/02/24,63.0,34.65,68.04,52.29,71.82,0.66,59.85
03/02/24,122.0,67.1,131.76,101.26,139.08,1.28,115.9
04/02/24,158.0,86.9,170.64,131.14,180.12,1.66,150.1
05/02/24,154.0,84.7,166.32,127.82,175.56,1.62,146.3
06/02/24,127.0,69.85,137.16,105.41,144.78,1.33,120.65
07/02/24,115.0,63.25,124.2,95.45,131.1,1.21,109.25
08/02/24,131.0,72.05,141.48,108.73,149.34,1.38,124.45
09/02/24,127.0,69.85,137.16,105.41,144.78,1.33,120.65
10/02/24,120.0,66.0,129.6,99.6,136.8,1.26,114.0
11/02/24,121.0,66.55,130.68,100.43,137.94,1.27,114.95
12/02/24,128.0,70.4,138.24,106.24,145.92,1.34,121.6
13/02/24,130.0,71.5,140.4,107.9,148.2,1.37,123.5
14/02/24,116.0,63.8,125.28,96.28,132.24,1.22,110.2
15/02/24,124.0,68.2,133.92,102.92,141.36,1.3,117.8
16/02/24,191.0,105.05,206.28,158.53,217.74,2.01,181.45
17/02/24,174.0,95.7,187.92,144.42,198.36,1.83,165.3
18/02/24,146.0,80.3,157.68,121.18,166.44,1.53,138.7
19/02/24,111.0,61.05,119.88,92.13,126.54,1.17,105.45
20/02/24,76.0,41.8,82.08,63.08,86.64,0.8,72.2
21/02/24,60.0,33.0,64.8,49.8,68.4,0.63,57.0
22/02/24,64.0,35.2,69.12,53.12,72.96,0.67,60.8
23/02/24,77.0,42.35,83.16,63.91,87.78,0.81,73.15
24/02/24,100.0,55.0,108.0,83.0,114.0,1.05,95.0
25/02/24,118.0,64.9,127.44,97.94,134.52,1.24,112.1
26/02/24,158.0,86.9,170.64,131.14,180.12,1.66,150.1
27/02/24,148.0,81.4,159.84,122.84,168.72,1.55,140.6
28/02/24,112.0,61.6,120.96,92.96,127.68,1.18,106.4
29/02/24,165.0,90.75,178.2,136.95,188.1,1.73,156.75
01/03/24,118.0,64.9,127.44,97.94,134.52,1.24,112.1
02/03/24,71.0,39.05,76.68,58.93,80.94,0.75,67.45
03/03/24,55.0,30.25,59.4,45.65,62.7,0.58,52.25
04/03/24,72.0,39.6,77.76,59.76,82.08,0.76,68.4
05/03/24,109.0,59.95,117.72,90.47,124.26,1.14,103.55
06/03/24,119.0,65.45,128.52,98.77,135.66,1.25,113.05
07/03/24,108.0,59.4,116.64,89.64,123.12,1.13,102.6
08/03/24,124.0,68.2,133.92,102.92,141.36,1.3,117.8
09/03/24,122.0,67.1,131.76,101.26,139.08,1.28,115.9
10/03/24,113.0,62.15,122.04,93.79,128.82,1.19,107.35
11/03/24,111.0,61.05,119.88,92.13,126.54,1.17,105.45
12/03/24,111.0,61.05,119.88,92.13,126.54,1.17,105.45
13/03/24,87.0,47.85,93.96,72.21,99.18,0.91,82.65
14/03/24,74.0,40.7,79.92,61.42,84.36,0.78,70.3
15/03/24,125.0,68.75,135.0,103.75,142.5,1.31,118.75
16/03/24,122.0,67.1,131.76,101.26,139.08,1.28,115.9
17/03/24,97.0,53.35,104.76,80.51,110.58,1.02,92.15
18/03/24,86.0,47.3,92.88,71.38,98.04,0.9,81.7
19/03/24,106.0,58.3,114.48,87.98,120.84,1.11,100.7
20/03/24,120.0,66.0,129.6,99.6,136.8,1.26,114.0
21/03/24,130.0,71.5,140.4,107.9,148.2,1.37,123.5
22/03/24,144.0,79.2,155.52,119.52,164.16,1.51,136.8
23/03/24,102.0,56.1,110.16,84.66,116.28,1.07,96.9
24/03/24,73.0,40.15,78.84,60.59,83.22,0.77,69.35
25/03/24,74.0,40.7,79.92,61.42,84.36,0.78,70.3
26/03/24,63.0,34.65,68.04,52.29,71.82,0.66,59.85
27/03/24,74.0,40.7,79.92,61.42,84.36,0.78,70.3
28/03/24,75.0,41.25,81.0,62.25,85.5,0.79,71.25
29/03/24,88.0,48.4,95.04,73.04,100.32,0.92,83.6
30/03/24,93.0,51.15,100.44,77.19,106.02,0.98,88.35
31/03/24,95.0,52.25,102.6,78.85,108.3,1.0,90.25
01/04/24,106.0,58.3,114.48,87.98,120.84,1.11,100.7
02/04/24,160.0,88.0,172.8,132.8,182.4,1.68,152.0
03/04/24,128.0,70.4,138.24,106.24,145.92,1.34,121.6
04/04/24,89.0,48.95,96.12,73.87,101.46,0.93,84.55
05/04/24,91.0,50.05,98.28,75.53,103.74,0.96,86.45
06/04/24,131.0,72.05,141.48,108.73,149.34,1.38,124.45
07/04/24,95.0,52.25,102.6,78.85,108.3,1.0,90.25
08/04/24,74.0,40.7,79.92,61.42,84.36,0.78,70.3
09/04/24,93.0,51.15,100.44,77.19,106.02,0.98,88.35
10/04/24,88.0,48.4,95.04,73.04,100.32,0.92,83.6
11/04/24,88.0,48.4,95.04,73.04,100.32,0.92,83.6
12/04/24,79.0,43.45,85.32,65.57,90.06,0.83,75.05
13/04/24,68.0,37.4,73.44,56.44,77.52,0.71,64.6
14/04/24,69.0,37.95,74.52,57.27,78.66,0.72,65.55
15/04/24,80.0,44.0,86.4,66.4,91.2,0.84,76.0
16/04/24,136.0,74.8,146.88,112.88,155.04,1.43,129.2
17/04/24,107.0,58.85,115.56,88.81,121.98,1.12,101.65
18/04/24,98.0,53.9,105.84,81.34,111.72,1.03,93.1
19/04/24,80.0,44.0,86.4,66.4,91.2,0.84,76.0
20/04/24,108.0,59.4,116.64,89.64,123.12,1.13,102.6
21/04/24,82.0,45.1,88.56,68.06,93.48,0.86,77.9
22/04/24,69.0,37.95,74.52,57.27,78.66,0.72,65.55
23/04/24,72.0,39.6,77.76,59.76,82.08,0.76,68.4
24/04/24,93.0,51.15,100.44,77.19,106.02,0.98,88.35
25/04/24,100.0,55.0,108.0,83.0,114.0,1.05,95.0
26/04/24,84.0,46.2,90.72,69.72,95.76,0.88,79.8
27/04/24,88.0,48.4,95.04,73.04,100.32,0.92,83.6
28/04/24,155.0,85.25,167.4,128.65,176.7,1.63,147.25
29/04/24,133.0,73.15,143.64,110.39,151.62,1.4,126.35
30/04/24,118.0,64.9,127.44,97.94,134.52,1.24,112.1
01/05/24,102.0,56.1,110.16,84.66,116.28,1.07,96.9
02/05/24,92.0,50.6,99.36,76.36,104.88,0.97,87.4
03/05/24,117.0,64.35,126.36,97.11,133.38,1.23,111.15
04/05/24,89.0,48.95,96.12,73.87,101.46,0.93,84.55
05/05/24,79.0,43.45,85.32,65.57,90.06,0.83,75.05
06/05/24,68.0,37.4,73.44,56.44,77.52,0.71,64.6
07/05/24,65.0,35.75,70.2,53.95,74.1,0.68,61.75
08/05/24,77.0,42.35,83.16,63.91,87.78,0.81,73.15
09/05/24,70.0,38.5,75.6,58.1,79.8,0.74,66.5
10/05/24,67.0,36.85,72.36,55.61,76.38,0.7,63.65
11/05/24,68.0,37.4,73.44,56.44,77.52,0.71,64.6
12/05/24,77.0,42.35,83.16,63.91,87.78,0.81,73.15
13/05/24,73.0,40.15,78.84,60.59,83.22,0.77,69.35
14/05/24,132.0,72.6,142.56,109.56,150.48,1.39,125.4
15/05/24,137.0,75.35,147.96,113.71,156.18,1.44,130.15
16/05/24,96.0,52.8,103.68,79.68,109.44,1.01,91.2
17/05/24,97.0,53.35,104.76,80.51,110.58,1.02,92.15
18/05/24,90.0,49.5,97.2,74.7,102.6,0.95,85.5
19/05/24,89.0,48.95,96.12,73.87,101.46,0.93,84.55
20/05/24,68.0,37.4,73.44,56.44,77.52,0.71,64.6
21/05/24,66.0,36.3,71.28,54.78,75.24,0.69,62.7
22/05/24,74.0,40.7,79.92,61.42,84.36,0.78,70.3
23/05/24,75.0,41.25,81.0,62.25,85.5,0.79,71.25
24/05/24,70.0,38.5,75.6,58.1,79.8,0.74,66.5
25/05/24,64.0,35.2,69.12,53.12,72.96,0.67,60.8
26/05/24,61.0,33.55,65.88,50.63,69.54,0.64,57.95
27/05/24,69.0,37.95,74.52,57.27,78.66,0.72,65.55
28/05/24,69.0,37.95,74.52,57.27,78.66,0.72,65.55
29/05/24,71.0,39.05,76.68,58.93,80.94,0.75,67.45
30/05/24,82.0,45.1,88.56,68.06,93.48,0.86,77.9
31/05/24,71.0,39.05,76.68,58.93,80.94,0.75,67.45
01/06/24,62.0,34.1,66.96,51.46,70.68,0.65,58.9
02/06/24,50.0,27.5,54.0,41.5,57.0,0.53,47.5
03/06/24,68.0,37.4,73.44,56.44,77.52,0.71,64.6
04/06/24,82.0,45.1,88.56,68.06,93.48,0.86,77.9
05/06/24,69.0,37.95,74.52,57.27,78.66,0.72,65.55
06/06/24,59.0,32.45,63.72,48.97,67.26,0.62,56.05
07/06/24,62.0,34.1,66.96,51.46,70.68,0.65,58.9
08/06/24,57.0,31.35,61.56,47.31,64.98,0.6,54.15
09/06/24,56.0,30.8,60.48,46.48,63.84,0.59,53.2
10/06/24,48.0,26.4,51.84,39.84,54.72,0.5,45.6
11/06/24,48.0,26.4,51.84,39.84,54.72,0.5,45.6
12/06/24,52.0,28.6,56.16,43.16,59.28,0.55,49.4
13/06/24,50.0,27.5,54.0,41.5,57.0,0.53,47.5
14/06/24,45.0,24.75,48.6,37.35,51.3,0.47,42.75
15/06/24,48.0,26.4,51.84,39.84,54.72,0.5,45.6
16/06/24,49.0,26.95,52.92,40.67,55.86,0.51,46.55
17/06/24,64.0,35.2,69.12,53.12,72.96,0.67,60.8
18/06/24,54.0,29.7,58.32,44.82,61.56,0.57,51.3
19/06/24,46.0,25.3,49.68,38.18,52.44,0.48,43.7
20/06/24,50.0,27.5,54.0,41.5,57.0,0.53,47.5
21/06/24,64.0,35.2,69.12,53.12,72.96,0.67,60.8
22/06/24,48.0,26.4,51.84,39.84,54.72,0.5,45.6
23/06/24,64.0,35.2,69.12,53.12,72.96,0.67,60.8
24/06/24,44.0,24.2,47.52,36.52,50.16,0.46,41.8
25/06/24,45.0,24.75,48.6,37.35,51.3,0.47,42.75
26/06/24,43.0,23.65,46.44,35.69,49.02,0.45,40.85
27/06/24,36.0,19.8,38.88,29.88,41.04,0.38,34.2
28/06/24,38.0,20.9,41.04,31.54,43.32,0.4,36.1
29/06/24,58.0,31.9,62.64,48.14,66.12,0.61,55.1
30/06/24,52.0,28.6,56.16,43.16,59.28,0.55,49.4
01/07/24,60.0,33.0,64.8,49.8,68.4,0.63,57.0
02/07/24,54.0,29.7,58.32,44.82,61.56,0.57,51.3
03/07/24,61.0,33.55,65.88,50.63,69.54,0.64,57.95
04/07/24,59.0,32.45,63.72,48.97,67.26,0.62,56.05
05/07/24,51.0,28.05,55.08,42.33,58.14,0.54,48.45
06/07/24,56.0,30.8,60.48,46.48,63.84,0.59,53.2
07/07/24,74.0,40.7,79.92,61.42,84.36,0.78,70.3
08/07/24,47.0,25.85,50.76,39.01,53.58,0.49,44.65
09/07/24,36.0,19.8,38.88,29.88,41.04,0.38,34.2
10/07/24,42.0,23.1,45.36,34.86,47.88,0.44,39.9
11/07/24,38.0,20.9,41.04,31.54,43.32,0.4,36.1
12/07/24,36.0,19.8,38.88,29.88,41.04,0.38,34.2
13/07/24,37.0,20.35,39.96,30.71,42.18,0.39,35.15
14/07/24,35.0,19.25,37.8,29.05,39.9,0.37,33.25
15/07/24,47.0,25.85,50.76,39.01,53.58,0.49,44.65
16/07/24,34.0,18.7,36.72,28.22,38.76,0.36,32.3
17/07/24,40.0,22.0,43.2,33.2,45.6,0.42,38.0
18/07/24,33.0,18.15,35.64,27.39,37.62,0.35,31.35
19/07/24,30.0,16.5,32.4,24.9,34.2,0.32,28.5
20/07/24,32.0,17.6,34.56,26.56,36.48,0.34,30.4
21/07/24,36.0,19.8,38.88,29.88,41.04,0.38,34.2
22/07/24,33.0,18.15,35.64,27.39,37.62,0.35,31.35
23/07/24,34.0,18.7,36.72,28.22,38.76,0.36,32.3
24/07/24,42.0,23.1,45.36,34.86,47.88,0.44,39.9
25/07/24,34.0,18.7,36.72,28.22,38.76,0.36,32.3
26/07/24,42.0,23.1,45.36,34.86,47.88,0.44,39.9
27/07/24,47.0,25.85,50.76,39.01,53.58,0.49,44.65
28/07/24,62.0,34.1,66.96,51.46,70.68,0.65,58.9
29/07/24,51.0,28.05,55.08,42.33,58.14,0.54,48.45
30/07/24,52.0,28.6,56.16,43.16,59.28,0.55,49.4
31/07/24,42.0,23.1,45.36,34.86,47.88,0.44,39.9
01/08/24,41.0,22.55,44.28,34.03,46.74,0.43,38.95
02/08/24,32.0,17.6,34.56,26.56,36.48,0.34,30.4
03/08/24,31.0,17.05,33.48,25.73,35.34,0.33,29.45
04/08/24,36.0,19.8,38.88,29.88,41.04,0.38,34.2
05/08/24,37.0,20.35,39.96,30.71,42.18,0.39,35.15
06/08/24,35.0,19.25,37.8,29.05,39.9,0.37,33.25
07/08/24,34.0,18.7,36.72,28.22,38.76,0.36,32.3
08/08/24,38.0,20.9,41.04,31.54,43.32,0.4,36.1
09/08/24,39.0,21.45,42.12,32.37,44.46,0.41,37.05
10/08/24,37.0,20.35,39.96,30.71,42.18,0.39,35.15
11/08/24,36.0,19.8,38.88,29.88,41.04,0.38,34.2
12/08/24,42.0,23.1,45.36,34.86,47.88,0.44,39.9
13/08/24,43.0,23.65,46.44,35.69,49.02,0.45,40.85
14/08/24,45.0,24.75,48.6,37.35,51.3,0.47,42.75
15/08/24,48.0,26.4,51.84,39.84,54.72,0.5,45.6
16/08/24,44.0,24.2,47.52,36.52,50.16,0.46,41.8
17/08/24,51.0,28.05,55.08,42.33,58.14,0.54,48.45
18/08/24,58.0,31.9,62.64,48.14,66.12,0.61,55.1
19/08/24,56.0,30.8,60.48,46.48,63.84,0.59,53.2
20/08/24,59.0,32.45,63.72,48.97,67.26,0.62,56.05
21/08/24,55.0,30.25,59.4,45.65,62.7,0.58,52.25
22/08/24,63.0,34.65,68.04,52.29,71.82,0.66,59.85
23/08/24,41.0,22.55,44.28,34.03,46.74,0.43,38.95
24/08/24,34.0,18.7,36.72,28.22,38.76,0.36,32.3
25/08/24,32.0,17.6,34.56,26.56,36.48,0.34,30.4
26/08/24,39.0,21.45,42.12,32.37,44.46,0.41,37.05
27/08/24,41.0,22.55,44.28,34.03,46.74,0.43,38.95
28/08/24,39.0,21.45,42.12,32.37,44.46,0.41,37.05
29/08/24,43.0,23.65,46.44,35.69,49.02,0.45,40.85
30/08/24,45.0,24.75,48.6,37.35,51.3,0.47,42.75
31/08/24,38.0,20.9,41.04,31.54,43.32,0.4,36.1
01/09/24,39.0,21.45,42.12,32.37,44.46,0.41,37.05
02/09/24,45.0,24.75,48.6,37.35,51.3,0.47,42.75
03/09/24,43.0,23.65,46.44,35.69,49.02,0.45,40.85
04/09/24,46.0,25.3,49.68,38.18,52.44,0.48,43.7
05/09/24,36.0,19.8,38.88,29.88,41.04,0.38,34.2
06/09/24,40.0,22.0,43.2,33.2,45.6,0.42,38.0
07/09/24,37.0,20.35,39.96,30.71,42.18,0.39,35.15
08/09/24,34.0,18.7,36.72,28.22,38.76,0.36,32.3
09/09/24,37.0,20.35,39.96,30.71,42.18,0.39,35.15
10/09/24,31.0,17.05,33.48,25.73,35.34,0.33,29.45
11/09/24,40.0,22.0,43.2,33.2,45.6,0.42,38.0
12/09/24,43.0,23.65,46.44,35.69,49.02,0.45,40.85
13/09/24,59.0,32.45,63.72,48.97,67.26,0.62,56.05
14/09/24,51.0,28.05,55.08,42.33,58.14,0.54,48.45
15/09/24,43.0,23.65,46.44,35.69,49.02,0.45,40.85
16/09/24,65.0,35.75,70.2,53.95,74.1,0.68,61.75
17/09/24,60.0,33.0,64.8,49.8,68.4,0.63,57.0
18/09/24,65.0,35.75,70.2,53.95,74.1,0.68,61.75
19/09/24,66.0,36.3,71.28,54.78,75.24,0.69,62.7
20/09/24,76.0,41.8,82.08,63.08,86.64,0.8,72.2
21/09/24,64.0,35.2,69.12,53.12,72.96,0.67,60.8
22/09/24,56.0,30.8,60.48,46.48,63.84,0.59,53.2
23/09/24,53.0,29.15,57.24,43.99,60.42,0.56,50.35
24/09/24,44.0,24.2,47.52,36.52,50.16,0.46,41.8
25/09/24,50.0,27.5,54.0,41.5,57.0,0.53,47.5
26/09/24,38.0,20.9,41.04,31.54,43.32,0.4,36.1
27/09/24,34.0,18.7,36.72,28.22,38.76,0.36,32.3
28/09/24,30.0,16.5,32.4,24.9,34.2,0.32,28.5
29/09/24,33.0,18.15,35.64,27.39,37.62,0.35,31.35
30/09/24,43.0,23.65,46.44,35.69,49.02,0.45,40.85
01/10/24,66.0,36.3,71.28,54.78,75.24,0.69,62.7
02/10/24,101.0,55.55,109.08,83.83,115.14,1.06,95.95
03/10/24,58.0,31.9,62.64,48.14,66.12,0.61,55.1
04/10/24,54.0,29.7,58.32,44.82,61.56,0.57,51.3
05/10/24,54.0,29.7,58.32,44.82,61.56,0.57,51.3
06/10/24,61.0,33.55,65.88,50.63,69.54,0.64,57.95
07/10/24,116.0,63.8,125.28,96.28,132.24,1.22,110.2
08/10/24,115.0,63.25,124.2,95.45,131.1,1.21,109.25
09/10/24,84.0,46.2,90.72,69.72,95.76,0.88,79.8
10/10/24,59.0,32.45,63.72,48.97,67.26,0.62,56.05
11/10/24,55.0,30.25,59.4,45.65,62.7,0.58,52.25
12/10/24,68.0,37.4,73.44,56.44,77.52,0.71,64.6
13/10/24,56.0,30.8,60.48,46.48,63.84,0.59,53.2
14/10/24,67.0,36.85,72.36,55.61,76.38,0.7,63.65
15/10/24,58.0,31.9,62.64,48.14,66.12,0.61,55.1
16/10/24,77.0,42.35,83.16,63.91,87.78,0.81,73.15
17/10/24,75.0,41.25,81.0,62.25,85.5,0.79,71.25
18/10/24,87.0,47.85,93.96,72.21,99.18,0.91,82.65
19/10/24,45.0,24.75,48.6,37.35,51.3,0.47,42.75
20/10/24,76.0,41.8,82.08,63.08,86.64,0.8,72.2
21/10/24,51.0,28.05,55.08,42.33,58.14,0.54,48.45
22/10/24,86.0,47.3,92.88,71.38,98.04,0.9,81.7
23/10/24,71.0,39.05,76.68,58.93,80.94,0.75,67.45
24/10/24,102.0,56.1,110.16,84.66,116.28,1.07,96.9
25/10/24,124.0,68.2,133.92,102.92,141.36,1.3,117.8
26/10/24,112.0,61.6,120.96,92.96,127.68,1.18,106.4
27/10/24,144.0,79.2,155.52,119.52,164.16,1.51,136.8
28/10/24,132.0,72.6,142.56,109.56,150.48,1.39,125.4
29/10/24,96.0,52.8,103.68,79.68,109.44,1.01,91.2
30/10/24,94.0,51.7,101.52,78.02,107.16,0.99,89.3
31/10/24,167.0,91.85,180.36,138.61,190.38,1.75,158.65
01/11/24,169.0,92.95,182.52,140.27,192.66,1.77,160.55
02/11/24,208.0,114.4,224.64,172.64,237.12,2.18,197.6
03/11/24,157.0,86.35,169.56,130.31,178.98,1.65,149.15
04/11/24,159.0,87.45,171.72,131.97,181.26,1.67,151.05
05/11/24,150.0,82.5,162.0,124.5,171.0,1.58,142.5
06/11/24,158.0,86.9,170.64,131.14,180.12,1.66,150.1
07/11/24,137.0,75.35,147.96,113.71,156.18,1.44,130.15
08/11/24,146.0,80.3,157.68,121.18,166.44,1.53,138.7
09/11/24,144.0,79.2,155.52,119.52,164.16,1.51,136.8
10/11/24,141.0,77.55,152.28,117.03,160.74,1.48,133.95
11/11/24,152.0,83.6,164.16,126.16,173.28,1.6,144.4
12/11/24,144.0,79.2,155.52,119.52,164.16,1.51,136.8
13/11/24,132.0,72.6,142.56,109.56,150.48,1.39,125.4
14/11/24,138.0,75.9,149.04,114.54,157.32,1.45,131.1
15/11/24,141.0,77.55,152.28,117.03,160.74,1.48,133.95
16/11/24,154.0,84.7,166.32,127.82,175.56,1.62,146.3
17/11/24,179.0,98.45,193.32,148.57,204.06,1.88,170.05
18/11/24,144.0,79.2,155.52,119.52,164.16,1.51,136.8
19/11/24,123.0,67.65,132.84,102.09,140.22,1.29,116.85
20/11/24,140.0,77.0,151.2,116.2,159.6,1.47,133.0
21/11/24,150.0,82.5,162.0,124.5,171.0,1.58,142.5
22/11/24,170.0,93.5,183.6,141.1,193.8,1.79,161.5
23/11/24,190.0,104.5,205.2,157.7,216.6,2.0,180.5
24/11/24,204.0,112.2,220.32,169.32,232.56,2.14,193.8
25/11/24,184.0,101.2,198.72,152.72,209.76,1.93,174.8
26/11/24,156.0,85.8,168.48,129.48,177.84,1.64,148.2
27/11/24,137.0,75.35,147.96,113.71,156.18,1.44,130.15
28/11/24,133.0,73.15,143.64,110.39,151.62,1.4,126.35
29/11/24,134.0,73.7,144.72,111.22,152.76,1.41,127.3
30/11/24,135.0,74.25,145.8,112.05,153.9,1.42,128.25
01/12/24,167.0,91.85,180.36,138.61,190.38,1.75,158.65
02/12/24,174.0,95.7,187.92,144.42,198.36,1.83,165.3
03/12/24,129.0,70.95,139.32,107.07,147.06,1.35,122.55
04/12/24,139.0,76.45,150.12,115.37,158.46,1.46,132.05
05/12/24,154.0,84.7,166.32,127.82,175.56,1.62,146.3
06/12/24,148.0,81.4,159.84,122.84,168.72,1.55,140.6
07/12/24,126.0,69.3,136.08,104.58,143.64,1.32,119.7
08/12/24,125.0,68.75,135.0,103.75,142.5,1.31,118.75
09/12/24,112.0,61.6,120.96,92.96,127.68,1.18,106.4
10/12/24,131.0,72.05,141.48,108.73,149.34,1.38,124.45
11/12/24,139.0,76.45,150.12,115.37,158.46,1.46,132.05
12/12/24,137.0,75.35,147.96,113.71,156.18,1.44,130.15
13/12/24,128.0,70.4,138.24,106.24,145.92,1.34,121.6
14/12/24,134.0,73.7,144.72,111.22,152.76,1.41,127.3
15/12/24,159.0,87.45,171.72,131.97,181.26,1.67,151.05
16/12/24,158.0,86.9,170.64,131.14,180.12,1.66,150.1
17/12/24,188.0,103.4,203.04,156.04,214.32,1.97,178.6
18/12/24,199.0,109.45,214.92,165.17,226.86,2.09,189.05
19/12/24,198.0,108.9,213.84,164.34,225.72,2.08,188.1
20/12/24,180.0,99.0,194.4,149.4,205.2,1.89,171.0
21/12/24,194.0,106.7,209.52,161.02,221.16,2.04,184.3
22/12/24,178.0,97.9,192.24,147.74,202.92,1.87,169.1
23/12/24,131.0,72.05,141.48,108.73,149.34,1.38,124.45
24/12/24,146.0,80.3,157.68,121.18,166.44,1.53,138.7
25/12/24,186.0,102.3,200.88,154.38,212.04,1.95,176.7
26/12/24,160.0,88.0,172.8,132.8,182.4,1.68,152.0
27/12/24,154.0,84.7,166.32,127.82,175.56,1.62,146.3
28/12/24,188.0,103.4,203.04,156.04,214.32,1.97,178.6
29/12/24,186.0,102.3,200.88,154.38,212.04,1.95,176.7
30/12/24,121.0,66.55,130.68,100.43,137.94,1.27,114.95
31/12/24,124.0,68.2,133.92,102.92,141.36,1.3,117.8
